Drug,Best Conf,Cosine Similarity
Isoeugenol,Conf 106,0.990608030391857
Brexpiprazole,Conf 337,0.9893324613238158
Trimetrexate,Conf 247,0.9877600967920446
Chlorpropamide,Conf 293,0.9876977755811448
Lumacaftor,Conf 227,0.9873010080675899
Raltegravir,Conf 93,0.9872930995844691
Alprostadil,Conf 391,0.987206564055236
Ramelteon,Conf 151,0.9867509556174687
Cabozantinib,Conf 158,0.9864468453153635
Irinotecan,Conf 26,0.9860531227384625
Sulfasalazine,Conf 275,0.9859986354048241
Pazopanib,Conf 153,0.9856977290855253
Letermovir,Conf 139,0.9856449539898527
Mirtazapine,Conf 154,0.985204364867594
Pheneticillin,Conf 24,0.9848496953782224
Niraparib,Conf 107,0.9846619606690713
Naftifine,Conf 87,0.9846533974830451
Finafloxacin,Conf 59,0.9844198331687258
Rivastigmine,Conf 135,0.9842724237419007
Stavudine,Conf 152,0.9842473955780983
Levoleucovorin,Conf 267,0.9842134054391743
Nadolol,Conf 156,0.9840543478830962
Flutamide,Conf 43,0.984047124317147
Mercaptopurine,Conf 87,0.9840047223616845
Apixaban,Conf 58,0.9839236874764283
Monobenzone,Conf 147,0.9838574109919802
Quinapril,Conf 148,0.9836677811635679
Roflumilast,Conf 200,0.983561054732129
Carbinoxamine,Conf 181,0.9835536013133134
Paliperidone,Conf 263,0.9835055699296064
Ziprasidone,Conf 275,0.9830342151183882
Cangrelor,Conf 208,0.982993902216345
Lormetazepam,Conf 51,0.9829309030863701
Idoxuridine,Conf 239,0.982907663443373
Dasatinib,Conf 208,0.9827731664518963
Rilmenidine,Conf 100,0.9827269788177698
Lauric acid,Conf 329,0.9827017597380374
Acebutolol,Conf 247,0.982590836180276
Apalutamide,Conf 149,0.9824624129528307
Methysergide,Conf 15,0.9824352040345948
Cetalkonium,Conf 403,0.9823427167311303
Olodaterol,Conf 253,0.9823026926649012
Zuclopenthixol,Conf 128,0.9823015981496512
Cyclophosphamide,Conf 79,0.9822539883882755
Metoclopramide,Conf 263,0.9821936234990875
Linagliptin,Conf 217,0.9821705947468352
Domiphen,Conf 336,0.9820362294498346
Cortisone acetate,Conf 125,0.9818145120357916
Gemifloxacin,Conf 141,0.9817679331013005
Abemaciclib,Conf 197,0.9817600817038739
Octasulfur,Conf 93,0.9817285745309647
Acitretin,Conf 110,0.9816436476536377
Trifluridine,Conf 264,0.9815874298962882
Fenofibric acid,Conf 60,0.9815841233755402
Amylmetacresol,Conf 199,0.9814170564224045
Biperiden,Conf 149,0.9813561738177403
Potassium sulfate,Conf 106,0.9813326153635197
Ioflupane I-123,Conf 20,0.9810894990665818
Icosapent ethyl,Conf 318,0.9810624304454999
Lacosamide,Conf 147,0.9810582405508483
Apomorphine,Conf 65,0.9810498421414166
Opicapone,Conf 204,0.9809831841979911
Valproic acid,Conf 127,0.9809518991604004
Xylometazoline,Conf 71,0.9808812614452367
Leflunomide,Conf 168,0.9808797783836313
Dasabuvir,Conf 91,0.9808607406968681
Norfloxacin,Conf 112,0.980827066005044
Steviolbioside,Conf 219,0.9807476396663168
Cyclandelate,Conf 216,0.9807227488105554
Fosinopril,Conf 116,0.9806855339528785
Hydroxyzine,Conf 203,0.9806504659583835
Dutasteride,Conf 100,0.9805841671683677
Iopromide,Conf 192,0.9805831573928402
Diazoxide,Conf 75,0.9804725549177835
Tetryzoline,Conf 214,0.9804294111383748
Trazodone,Conf 129,0.9803690210580133
Phenyltoloxamine,Conf 215,0.9803561135487495
Indigotindisulfonic acid,Conf 89,0.9803526617753529
Norflurane,Conf 91,0.9803329635097874
Piroxicam,Conf 126,0.9803256027633616
Metyrosine,Conf 46,0.980293228963801
Risedronic acid,Conf 62,0.9802825644884713
Sulfur hexafluoride,Conf 119,0.9802609619397805
Travoprost,Conf 403,0.9802591815227372
Choline C-11,Conf 125,0.9802339340464907
Methylparaben,Conf 157,0.9801863182750753
Undecylenic acid,Conf 281,0.9801849825567296
Doxazosin,Conf 133,0.9801603030751074
Pargyline,Conf 142,0.9801481036943888
Quaternium-15,Conf 79,0.980117060590463
Ciclopirox,Conf 19,0.9800906579878024
Cevimeline,Conf 78,0.9800561417463368
Sulconazole,Conf 333,0.9800551226610369
Voxelotor,Conf 295,0.9800405794141158
Sodium acetate,Conf 63,0.9800087280980473
Calcium glycerophosphate,Conf 214,0.9799796954199039
Cladribine,Conf 211,0.9799334704132882
Salicylamide,Conf 114,0.9798628889670093
Lovastatin,Conf 243,0.9798616028117098
Dimercaprol,Conf 159,0.9798559123483089
Iophendylate,Conf 426,0.9798170715500559
Glymidine,Conf 182,0.979803591313605
Ethyl chloride,Conf 59,0.9797996989474119
Dalfampridine,Conf 86,0.9797907334907678
Busulfan,Conf 284,0.979786051346384
Levomenthol,Conf 137,0.979782621302983
Anagrelide,Conf 126,0.9797575362144212
Triclocarban,Conf 144,0.9797413591658211
Resveratrol,Conf 185,0.9797350653893001
Iron,Conf 34,0.9797309962387631
Protocatechualdehyde,Conf 127,0.9797081669105367
Magnesium chloride,Conf 48,0.9796848885213594
Leucovorin,Conf 246,0.9796607856398023
Iodipamide,Conf 189,0.9796557543406398
Zanubrutinib,Conf 155,0.9796454652149441
Succimer,Conf 121,0.9796452345566387
Mecamylamine,Conf 73,0.9796406669397969
Hydroxycitronellal,Conf 110,0.979607835597543
Dimercaptosuccinic acid,Conf 67,0.9795676184341021
Choline C 11,Conf 131,0.9795639329778373
Timolol,Conf 212,0.9795418508490085
Ethosuximide,Conf 138,0.9795271099589589
Mitoxantrone,Conf 237,0.9794985237418263
Moxisylyte,Conf 169,0.9794957801264076
Lodoxamide,Conf 172,0.9794932310598817
Levonorgestrel,Conf 4,0.9794483128289478
Desflurane,Conf 74,0.9794462813023482
Trimipramine,Conf 178,0.9794457920096065
Perflutren,Conf 85,0.9794351897169693
Ecamsule,Conf 137,0.9793984369185976
Pixantrone,Conf 133,0.979387233096401
Dexketoprofen,Conf 46,0.9793723590035303
Gamolenic acid,Conf 459,0.9793551728357539
Amifampridine,Conf 126,0.9793495632915027
Tilarginine,Conf 289,0.9793097012009653
Alendronic acid,Conf 153,0.9792596155518147
Calcifediol,Conf 162,0.9792335329478029
Terazosin,Conf 100,0.9792276313165974
Bupropion,Conf 107,0.979226447093131
Magnesium,Conf 24,0.9791666143251071
Menadione,Conf 154,0.979161676277016
Paraldehyde,Conf 101,0.9791495351196093
Allopurinol,Conf 161,0.9791492542892453
Perflubutane,Conf 92,0.9791490873309143
Isoniazid,Conf 144,0.9791367667397918
Tetramethylthiuram monosulfide,Conf 275,0.979128849617439
Tedizolid,Conf 122,0.9791070782687661
Potassium carbonate,Conf 147,0.9790811941196171
Glycol salicylate,Conf 270,0.9790784051789615
Chloroxine,Conf 116,0.9790270783755555
Zinc,Conf 56,0.9790233770448098
Florbetapir (18F),Conf 201,0.9790145949534412
Gimeracil,Conf 162,0.979004081056294
Molindone,Conf 134,0.9789806370392757
Methionine,Conf 138,0.9789296496686994
Acetylcarnitine,Conf 72,0.9789245100525457
Ferumoxytol,Conf 185,0.9789152094139655
Metaraminol,Conf 146,0.9789079558212458
Phthalylsulfathiazole,Conf 175,0.9788992982369522
Calcium chloride,Conf 131,0.9788879527593116
N-Acetylglucosamine,Conf 244,0.9788786124245359
Rufinamide,Conf 262,0.978874280970795
Moxonidine,Conf 145,0.9788712684889196
Pyridostigmine,Conf 81,0.9788614764887822
Amifostine,Conf 336,0.978859074892611
Fluorodopa (18F),Conf 198,0.9788576601445105
Naphazoline,Conf 96,0.978847219881398
Magnesium acetate tetrahydrate,Conf 116,0.9788394134255886
Edrophonium,Conf 160,0.9788372829884255
alpha-Amyl cinnamaldehyde,Conf 243,0.9788261947235434
Aminocaproic acid,Conf 216,0.9788261947235434
Benzyl alcohol,Conf 134,0.9788261947235434
Bezafibrate,Conf 194,0.9788261947235434
Calcium carbonate,Conf 108,0.9788261947235434
Calcium,Conf 33,0.9788261947235434
Captopril,Conf 90,0.9788261947235434
Carbimazole,Conf 141,0.9788261947235434
Cobalt,Conf 39,0.9788261947235434
Coenzyme M,Conf 85,0.9788261947235434
Copper,Conf 31,0.9788261947235434
Cupric sulfate,Conf 92,0.9788261947235434
D-Serine,Conf 157,0.9788261947235434
Entacapone,Conf 276,0.9788261947235434
Ethanol,Conf 60,0.9788261947235434
Ferric cation,Conf 57,0.9788261947235434
Ferric oxyhydroxide,Conf 150,0.9788261947235434
Ferrous succinate,Conf 132,0.9788261947235434
Ferrous sulfate anhydrous,Conf 79,0.9788261947235434
Fluciclovine (18F),Conf 137,0.9788261947235434
Fluoride ion F-18,Conf 28,0.9788261947235434
Fluoride ion,Conf 31,0.9788261947235434
Fluorouracil,Conf 168,0.9788261947235434
Glycerin,Conf 146,0.9788261947235434
Glycine betaine,Conf 66,0.9788261947235434
Glycolic acid,Conf 105,0.9788261947235434
Guanidine,Conf 83,0.9788261947235434
Hydrogen fluoride,Conf 32,0.9788261947235434
Hypochlorite,Conf 62,0.9788261947235434
Iodide I-123,Conf 20,0.9788261947235434
Iodine,Conf 52,0.9788261947235434
Isopropyl alcohol,Conf 85,0.9788261947235434
Lipoic acid,Conf 236,0.9788261947235434
Magnesium cation,Conf 45,0.9788261947235434
Magnesium oxide,Conf 53,0.9788261947235434
Mechlorethamine,Conf 101,0.9788261947235434
Methimazole,Conf 120,0.9788261947235434
Molybdenum,Conf 39,0.9788261947235434
Naratriptan,Conf 212,0.9788261947235434
Nickel sulfate,Conf 95,0.9788261947235434
Nitric Oxide,Conf 54,0.9788261947235434
Olsalazine,Conf 272,0.9788261947235434
Phenylbutyric acid,Conf 214,0.9788261947235434
Phenylephrine,Conf 241,0.9788261947235434
Phosphorus,Conf 19,0.9788261947235434
Potassium acetate,Conf 94,0.9788261947235434
Potassium Iodide,Conf 153,0.9788261947235434
Potassium lactate,Conf 106,0.9788261947235434
Potassium nitrate,Conf 108,0.9788261947235434
Potassium,Conf 28,0.9788261947235434
Procainamide,Conf 245,0.9788261947235434
Propyl alcohol,Conf 95,0.9788261947235434
Propylene glycol,Conf 115,0.9788261947235434
Racemethionine,Conf 203,0.9788261947235434
Resorcinol monoacetate,Conf 141,0.9788261947235434
Selenomethionine,Conf 201,0.9788261947235434
Silanol,Conf 72,0.9788261947235434
Sodium bisulfite,Conf 95,0.9788261947235434
Sodium carbonate,Conf 127,0.9788261947235434
Sodium fluoride,Conf 65,0.9788261947235434
Sodium fluorophosphate,Conf 141,0.9788261947235434
Sodium hydroxide,Conf 102,0.9788261947235434
Sodium iodide,Conf 93,0.9788261947235434
Sodium oxybate,Conf 155,0.9788261947235434
Sodium sulfide,Conf 138,0.9788261947235434
Theophylline,Conf 158,0.9788261947235434
Tilbroquinol,Conf 142,0.9788261947235434
Trichloroethylene,Conf 132,0.9788261947235434
Urea C-14,Conf 77,0.9788261947235434
Zalcitabine,Conf 199,0.9788261947235434
Zolmitriptan,Conf 238,0.9788261947235434
Rabeprazole,Conf 215,0.9788225050074493
Niacin,Conf 74,0.9788222745638645
Dantrolene,Conf 148,0.978806022828655
Succinic acid,Conf 80,0.9787910453760442
Stiripentol,Conf 187,0.9787729719288742
Pramiracetam,Conf 217,0.9787689682597659
Aminobenzoic acid,Conf 79,0.9787475809472292
Pyruvic acid,Conf 111,0.9787038815827246
Methacholine,Conf 50,0.9787009252603533
Upadacitinib,Conf 109,0.9786051532996469
Dichlorobenzyl alcohol,Conf 131,0.978576324510142
Rucaparib,Conf 115,0.9785738492191467
Milnacipran,Conf 178,0.9785418684778271
Artemotil,Conf 41,0.9785213253736613
Levorphanol,Conf 80,0.9785134816390452
Brimonidine,Conf 120,0.978512039455986
Dipyrithione,Conf 136,0.9783953502982828
Pentostatin,Conf 186,0.9783574047375135
Magnesium carbonate,Conf 98,0.9783458788196283
Zinc sulfate,Conf 96,0.9783333315529587
Acetylcysteine,Conf 219,0.9783271933666696
Tranylcypromine,Conf 167,0.9782791929198172
Oxprenolol,Conf 327,0.978276802265633
Thiosulfuric acid,Conf 112,0.9782391924550238
Medronic acid,Conf 165,0.9782068911278227
DL-Methylephedrine,Conf 194,0.9781551520052258
Isocarboxazid,Conf 199,0.978091848262132
Magnesium glycinate,Conf 97,0.9780252411559835
Valbenazine,Conf 176,0.9780214815222932
Pyrithione,Conf 145,0.9780050589691648
Clozapine,Conf 167,0.9779793422675898
Methoxsalen,Conf 63,0.9779736015055751
Choline,Conf 76,0.9779720210594728
Taurine,Conf 148,0.9779269061785603
Valsartan,Conf 253,0.9779088794955917
Iobenguane sulfate I-123,Conf 221,0.9779087343379927
Avatrombopag,Conf 16,0.9778861108832952
Nalbuphine,Conf 154,0.9778743905802441
Cinacalcet,Conf 255,0.9778743332556443
Bisphenol A diglycidyl ether,Conf 110,0.9777640425717034
Morpholinylmercaptobenzothiazole,Conf 181,0.977748232129695
Valine,Conf 94,0.9776955149961747
Silodosin,Conf 242,0.9776486369774975
Acyclovir,Conf 179,0.9776008346896652
Calcium phosphate dihydrate,Conf 136,0.9775938334368892
Relebactam,Conf 223,0.977557764868749
Naloxegol,Conf 173,0.977473554351963
Tegafur-uracil,Conf 160,0.977470491762376
Antazoline,Conf 80,0.9774701551311056
Flunarizine,Conf 187,0.9773188395806901
Moclobemide,Conf 159,0.9772759913076744
Minaprine,Conf 151,0.9772666524250012
Prilocaine,Conf 159,0.9771735514541419
Axitinib,Conf 145,0.9771166545945805
Thiothixene,Conf 202,0.9771134779716844
Benzoic acid,Conf 160,0.9770288188221705
Nebivolol,Conf 89,0.9770260860854508
Dosulepin,Conf 182,0.97698282272506
Butylparaben,Conf 75,0.9769700694397389
Pidolic acid,Conf 76,0.9769148322912152
Apronalide,Conf 167,0.9769135226956134
Orphenadrine,Conf 28,0.9769022235612341
Glutamic acid,Conf 139,0.9768999541061185
Sulisobenzone,Conf 189,0.9768987459597619
Probenecid,Conf 124,0.9767817389983251
Dichloroacetic acid,Conf 117,0.9767698769454862
Aspartic acid,Conf 89,0.9767401619873064
Orciprenaline,Conf 280,0.9767139001959828
Carbocisteine,Conf 176,0.9766382862844469
Zinc oxide,Conf 46,0.9765771482019818
Nefopam,Conf 6,0.9765159327145405
Nevirapine,Conf 152,0.9764919128917366
Gentian violet cation,Conf 138,0.9764854902828181
Vernakalant,Conf 370,0.9763892827434995
Methsuximide,Conf 86,0.9763772027344062
Linezolid,Conf 133,0.9763138107091244
Medifoxamine,Conf 99,0.976240087633823
Sulfoxone,Conf 7,0.9762030472885405
Hexaminolevulinate,Conf 365,0.9761945819084824
Pantoprazole,Conf 167,0.976183399365246
Drotaverine,Conf 130,0.9761610109584125
Cefoxitin,Conf 137,0.976126149694587
Xamoterol,Conf 284,0.976116667686273
Istradefylline,Conf 88,0.9761034361697566
Penbutolol,Conf 303,0.9759396425470169
Empagliflozin,Conf 188,0.9758541618690326
Molsidomine,Conf 45,0.9757227574553125
Mizolastine,Conf 14,0.9757114882425104
Flucytosine,Conf 150,0.9756058059096171
Isoxaflutole,Conf 62,0.9755445150716832
Adenine,Conf 141,0.9755437185194378
Camphor,Conf 69,0.9754967347415999
Carbamoylcholine,Conf 74,0.9753984684716432
Pefloxacin,Conf 44,0.9753535233348618
Phloxine B,Conf 193,0.975280445893834
Palmitic Acid,Conf 185,0.9752583470238922
Piracetam,Conf 95,0.9752467646417392
Naftazone,Conf 121,0.9752093002535919
Histamine,Conf 95,0.9751925850851928
Tazarotene,Conf 82,0.9749838675525269
Magnesium acetate,Conf 78,0.9749384449951475
Bromothalonil,Conf 90,0.9749229540678431
Acetohydroxamic acid,Conf 105,0.9748995843608996
Methylchloroisothiazolinone,Conf 51,0.9748470606512827
Abiraterone,Conf 63,0.9747703435231296
Hydroquinone,Conf 81,0.974767853076538
Guaiacol,Conf 96,0.9747198979762279
Tinidazole,Conf 43,0.9747046251939246
Dioctyldimonium,Conf 183,0.9745971241502902
Iofetamine I-123,Conf 93,0.9745960365606621
Urea,Conf 74,0.9745928852086156
Tecovirimat,Conf 114,0.9745775125785381
Geraniol,Conf 152,0.9745403609431821
Sulfaphenazole,Conf 263,0.9745132860995357
Phenelzine,Conf 141,0.974488860997833
Kava,Conf 115,0.9744778979819191
Ademetionine,Conf 348,0.9744478288380114
1-Palmitoyl-2-oleoyl-sn-glycero-3-(phospho-rac-(1-glycerol)),Conf 16,0.9744395752360675
Manidipine,Conf 211,0.9743784815965258
Methoxyphenamine,Conf 236,0.9743237981438986
Nicotine,Conf 27,0.9742395990603562
Artemether,Conf 88,0.9741915102871608
Benzoin,Conf 130,0.9741552906065664
Adefovir dipivoxil,Conf 302,0.974098544449392
Eprosartan,Conf 177,0.9740931801402376
Clonidine,Conf 54,0.9740842199245822
Oxyphencyclimine,Conf 236,0.9740389955190123
Calcium saccharate,Conf 257,0.974006135723503
Lorcaserin,Conf 97,0.9738867779600426
Ketoconazole,Conf 29,0.9738235460381818
Milrinone,Conf 121,0.9737240409721603
Butoconazole,Conf 136,0.9737123010874983
Quinestrol,Conf 107,0.9736887231586184
Moxifloxacin,Conf 120,0.9736630169913049
Rosoxacin,Conf 108,0.9736453582221031
Sonidegib,Conf 77,0.9736405821760853
Flufenamic acid,Conf 208,0.9736369745026423
Ergometrine,Conf 168,0.9736300885608512
Mefloquine,Conf 86,0.9735259605216722
Framycetin,Conf 269,0.9734602034169284
Chlorcyclizine,Conf 127,0.9732834876007582
Pentoxyverine,Conf 333,0.973269586197013
Ioxitalamic acid,Conf 47,0.9732173005585015
Vismodegib,Conf 170,0.9732032146399486
Succinylcholine,Conf 156,0.9731656899056731
Pirenzepine,Conf 182,0.9731252715052657
Benzethonium,Conf 265,0.9731218241105147
Mannitol,Conf 172,0.9730908411786843
Methazolamide,Conf 105,0.9730315358875704
Mephentermine,Conf 38,0.9730303990298573
Dibekacin,Conf 281,0.9730237490235316
Avobenzone,Conf 3,0.9730182908660634
Isosulfan blue,Conf 162,0.9730059532079637
Ambenonium,Conf 255,0.9729883061342179
Zidovudine,Conf 186,0.9728915638255891
Diiodohydroxyquinoline,Conf 99,0.972876297456471
Aminoglutethimide,Conf 124,0.9728208413062316
Quinethazone,Conf 96,0.9728004764725661
Bretylium,Conf 15,0.9727911467852967
Pyrazinamide,Conf 109,0.9727643925640307
Tetrabenazine,Conf 84,0.9727424096152861
Benzyl benzoate,Conf 66,0.9725276632487461
Piretanide,Conf 158,0.9724351550821083
Delavirdine,Conf 156,0.9723750439903005
Menadiol diphosphate,Conf 147,0.9723621753467683
Mesoridazine,Conf 229,0.9723578443998617
Isoconazole,Conf 226,0.972257251788701
Tipiracil,Conf 174,0.9721267606080213
Cantharidin,Conf 48,0.9720819173626856
Galantamine,Conf 90,0.9719842579084749
Nitroglycerin,Conf 180,0.9719567217439082
Homatropine methylbromide,Conf 180,0.9717647019872114
Aminolevulinic acid,Conf 239,0.9717376074445749
Magnesium citrate,Conf 89,0.9716754449716807
Sertaconazole,Conf 143,0.9716666555807096
Flosequinan,Conf 123,0.9716457169058514
Bendamustine,Conf 196,0.9716348990551542
Hexylresorcinol,Conf 101,0.971561070590587
Rivaroxaban,Conf 82,0.9715317764638731
Ofloxacin,Conf 100,0.9715068359662871
Micronomicin,Conf 362,0.9714751489098263
Acipimox,Conf 128,0.9712675781719966
Dextrothyroxine,Conf 288,0.9711558673656039
Terbutaline,Conf 334,0.9711064624883888
Oxidronic acid,Conf 123,0.9711037793947788
Ticlopidine,Conf 141,0.9711027666611092
Lapatinib,Conf 272,0.970981704218849
Anisotropine methylbromide,Conf 89,0.97077563298286
Parachlorophenol,Conf 97,0.9707689068037053
Capecitabine,Conf 248,0.9707510957518455
Zinc ascorbate,Conf 160,0.9707128163116293
Donepezil,Conf 184,0.970670890166015
Mandelic acid,Conf 47,0.9706465609475365
Rose bengal,Conf 118,0.970612502469185
Dofetilide,Conf 242,0.9705204881561641
Ibrutinib,Conf 101,0.9705090319412115
Thonzonium,Conf 272,0.9704188169004787
Emedastine,Conf 231,0.9703251636006032
Pentafluoropropane,Conf 91,0.9701768710633368
Lusutrombopag,Conf 43,0.9701481617852061
Rosiglitazone,Conf 279,0.9701135728820746
Ceftibuten,Conf 108,0.9700843497522991
Ipratropium,Conf 141,0.9700752054312483
Phenylalanine,Conf 154,0.9698637986434385
Cefepime,Conf 149,0.9698057261238017
Cannabidiol,Conf 59,0.9697737196157974
Periciazine,Conf 157,0.9694861926038578
Zinc chloride,Conf 56,0.9694472631502249
Lofexidine,Conf 83,0.9693969466501938
Pyridoxal phosphate,Conf 147,0.9692607490032014
Pregnenolone,Conf 56,0.9691226188854603
Anethole trithione,Conf 161,0.9688601182651517
Tofacitinib,Conf 19,0.9687667704569126
Alfuzosin,Conf 300,0.9687112934233014
Cetrimonium,Conf 325,0.9686553178013311
Terconazole,Conf 136,0.9684446587521297
Iloperidone,Conf 205,0.9684153802256593
Nilutamide,Conf 175,0.9683624787699091
Temozolomide,Conf 157,0.9683436663913887
Imatinib,Conf 95,0.9683420440458828
Tezacaftor,Conf 138,0.9682130387339705
Glipizide,Conf 234,0.9682017794330532
Sorafenib,Conf 372,0.9681722697746852
Pentolinium,Conf 222,0.9681603861986725
Carteolol,Conf 285,0.9681471331607278
Gluconic Acid,Conf 162,0.968079201510434
Fenbufen,Conf 94,0.9680509854415384
Tolmetin,Conf 148,0.9680008954763933
Imiquimod,Conf 106,0.9677709068204089
Cefotaxime,Conf 212,0.9677178169439672
Dimethyl fumarate,Conf 182,0.9676513400576491
Streptozocin,Conf 199,0.967642932984504
Esmolol,Conf 225,0.967629568116487
Atomoxetine,Conf 229,0.9676055410005941
Pretomanid,Conf 111,0.9675663887454575
Meticrane,Conf 143,0.9675466929557215
Isosorbide dinitrate,Conf 96,0.967513619925964
Melphalan,Conf 177,0.9674546691466454
Crotamiton,Conf 67,0.9674003077386002
Vandetanib,Conf 85,0.9673972162635861
Cefamandole nafate,Conf 19,0.967281150189731
Papaverine,Conf 241,0.9672231801238638
Eugenol,Conf 60,0.9670379228562185
Latanoprostene bunod,Conf 410,0.9669995461424653
Nicotinamide,Conf 84,0.9668842240682403
Nedocromil,Conf 64,0.966795922338422
Propylthiouracil,Conf 162,0.9667086901721188
Emtricitabine,Conf 133,0.9666701371561663
Nabumetone,Conf 72,0.9665083754776719
Tegafur,Conf 32,0.9663101947004703
Proguanil,Conf 165,0.9662848736910378
Carisoprodol,Conf 206,0.9662162288237449
Cariprazine,Conf 139,0.9662089698674998
Propoxycaine,Conf 15,0.9661249818740981
Ozenoxacin,Conf 145,0.9660786372325768
Etidocaine,Conf 320,0.9657614294670339
Fenofibrate,Conf 104,0.9657065590463122
Thiram,Conf 139,0.9656587521747848
Methyl undecenoyl leucinate,Conf 277,0.965567479604887
Flavone,Conf 98,0.9654629138738104
Levocetirizine,Conf 134,0.9654327329129295
Pimozide,Conf 187,0.9653681120278628
Cromoglicic acid,Conf 287,0.9653082174450405
Dequalinium,Conf 463,0.9652647550992418
Benzododecinium,Conf 338,0.9652374175570656
Flavin adenine dinucleotide,Conf 71,0.9651800903143173
Ornithine,Conf 225,0.9651182432265252
Ulipristal,Conf 122,0.9651172092601086
Rosuvastatin,Conf 239,0.9650907081798573
Dolutegravir,Conf 123,0.9650342535454981
Flumazenil,Conf 96,0.9650224717352857
Trimethobenzamide,Conf 244,0.9649640919186593
Etomidate,Conf 308,0.9649638155992911
Minocycline,Conf 70,0.9649239931738763
Buclizine,Conf 154,0.9646939809311572
Ceftolozane,Conf 133,0.9646911866462995
Phylloquinone,Conf 430,0.9646711902337546
Promethazine,Conf 110,0.9646672110049569
Adapalene,Conf 93,0.9645484895808155
Isopropyl myristate,Conf 351,0.9645327122042183
Crizotinib,Conf 237,0.9644604213338487
Levomilnacipran,Conf 91,0.964361835810555
Edaravone,Conf 45,0.9641799702272594
Carindacillin,Conf 212,0.9641508385374717
Acetyldigitoxin,Conf 12,0.9641420039713045
Metipranolol,Conf 222,0.9641114168954437
Profenamine,Conf 245,0.9640878456741367
Nicoboxil,Conf 195,0.9640406593905738
Ensulizole,Conf 88,0.9639849370565841
Dabrafenib,Conf 255,0.9639435262174483
L-Glutamine,Conf 195,0.9638783700377032
Antrafenine,Conf 292,0.9638157923598716
Caffeine,Conf 86,0.9638057436696771
Nicardipine,Conf 216,0.9637192134871063
Galactose,Conf 186,0.963703532461369
Fenoprofen,Conf 91,0.9636088232377296
Methdilazine,Conf 2,0.9635873229803518
Diethyltoluamide,Conf 92,0.9635749158292347
Malathion,Conf 53,0.9635670017665249
Glasdegib,Conf 220,0.9635260579881469
Quinine,Conf 42,0.9634650918291623
Trimethadione,Conf 74,0.9633230280742561
Amiodarone,Conf 270,0.9632270461462115
Oxyphenonium,Conf 244,0.9631820863846987
Vorapaxar,Conf 84,0.9631486706245992
Antipyrine,Conf 30,0.9631051861995921
Sulbactam,Conf 18,0.962972545374423
Levobunolol,Conf 210,0.9629672321318363
Alectinib,Conf 81,0.9628509274000501
Erythrityl tetranitrate,Conf 226,0.9628231194956978
Testosterone enanthate,Conf 144,0.9626900930874716
Elvitegravir,Conf 70,0.9626441242377304
Nicorandil,Conf 149,0.9626231039623261
Triethylenetetramine,Conf 202,0.9626194541393189
Brivaracetam,Conf 53,0.9625892394727521
Cholecalciferol,Conf 153,0.962534545578314
Deoxycholic acid,Conf 39,0.9624040796306449
Lasofoxifene,Conf 110,0.9623557467484304
Cycloguanil,Conf 69,0.9623303908536669
Propyliodone,Conf 102,0.9623030382262169
Aripiprazole lauroxil,Conf 172,0.9622975694790175
Olanzapine,Conf 112,0.9622472652759402
Eltrombopag,Conf 197,0.9622206905112676
Distearyldimonium,Conf 200,0.9621765773992298
Penicillamine,Conf 71,0.9620685877836406
Enzacamene,Conf 128,0.9620587279860885
Tafenoquine,Conf 286,0.9619790039918419
Dihydroergocristine,Conf 199,0.9619704310536061
Meperidine,Conf 16,0.9619138862893553
Cystine,Conf 297,0.961845438333153
Dexlansoprazole,Conf 252,0.9617194258014848
Gemcitabine,Conf 79,0.9614831006223453
Almitrine,Conf 229,0.9614776233943881
Diloxanide furoate,Conf 87,0.9614471323983681
Bupivacaine,Conf 24,0.9614414695472744
Meropenem,Conf 78,0.9614195170574529
Phenylacetic acid,Conf 77,0.9614129771119252
Pimethixene,Conf 44,0.9613614585248123
Cyproterone acetate,Conf 57,0.961323618356918
Altretamine,Conf 91,0.9612992329792565
Oseltamivir,Conf 197,0.9612820166970144
Amisulpride,Conf 157,0.9611821950106393
Manganese gluconate,Conf 336,0.9611320075249726
Propantheline,Conf 32,0.961127936789
Norethynodrel,Conf 38,0.9609298840551146
Allantoin,Conf 165,0.9609122187615926
Picosulfuric acid,Conf 119,0.9608618444769605
Thonzylamine,Conf 105,0.9607478560136082
Acetylcholine,Conf 68,0.9607454752854975
Parthenolide,Conf 97,0.9607416222671836
Ambroxol,Conf 187,0.9606877349519541
Benzocaine,Conf 65,0.9606190753605212
Docusate,Conf 309,0.9606142917224795
Dipentamethylenethiuram disulfide,Conf 43,0.9602944863513873
Protirelin,Conf 280,0.9602078376528043
Dapsone,Conf 122,0.9601610973675478
Synthetic camphor,Conf 67,0.9600966186008344
Bazedoxifene,Conf 155,0.9600225924671842
Rimonabant,Conf 159,0.9600019485193143
Polidocanol,Conf 155,0.9599817433894947
Betahistine,Conf 165,0.9597109396423104
Oxolamine,Conf 37,0.9597091362148399
Ranolazine,Conf 280,0.9597046104825109
Levmetamfetamine,Conf 168,0.9597009779308837
Fursultiamine,Conf 80,0.9596908042387988
Sodium tartrate,Conf 213,0.9596342360257011
Fosaprepitant,Conf 334,0.9596037155743454
Doxorubicin,Conf 153,0.9593057472699433
Nisoldipine,Conf 12,0.9592675842342632
Aceclofenac,Conf 245,0.9591789892839346
Diphenylguanidine,Conf 13,0.9590416279852985
NADH,Conf 317,0.9590372540026805
Solriamfetol,Conf 179,0.9590356085988856
Quetiapine,Conf 92,0.9589677467358914
Lenvatinib,Conf 129,0.9588759167104444
Flibanserin,Conf 256,0.9587639279252943
Florbetaben (18F),Conf 216,0.9587016853856623
Gabapentin enacarbil,Conf 345,0.958633981682988
Testosterone cypionate,Conf 97,0.9586283846533411
Decamethonium,Conf 235,0.9584264941489646
Enzalutamide,Conf 98,0.9583583249703145
Miltefosine,Conf 278,0.9583070003153398
Alitretinoin,Conf 66,0.9582108155023816
alpha-Linolenic acid,Conf 154,0.9581992596084472
Calcium glucoheptonate,Conf 425,0.9581262991285475
Sulfacytine,Conf 75,0.9580141919955181
Dextromethorphan,Conf 9,0.9578764103980508
Econazole,Conf 319,0.9578640820286723
Ephedrine,Conf 195,0.9577365118621568
Lidoflazine,Conf 271,0.9577052633991278
Felbamate,Conf 54,0.9576358621608236
Boscalid,Conf 207,0.9576308615923028
Levosimendan,Conf 153,0.9576133964085835
Cefaclor,Conf 46,0.9574910164754133
Pramipexole,Conf 119,0.9574195665013511
Unoprostone,Conf 299,0.9572880728067021
Methscopolamine bromide,Conf 254,0.9572154004670375
Sorbitol,Conf 323,0.957162021006832
Enasidenib,Conf 218,0.9570654255239146
Methotrimeprazine,Conf 68,0.9570282592121993
Cysteine,Conf 128,0.9570022891416793
Ethambutol,Conf 225,0.9568826402601217
Etacrynic acid,Conf 194,0.9568810284506334
Alpelisib,Conf 234,0.9568627603080233
Esculin,Conf 166,0.9568414997966465
Oteracil,Conf 199,0.9568160335611915
Nafcillin,Conf 172,0.9567613421082115
Cefonicid,Conf 280,0.9567418386982626
Vilazodone,Conf 297,0.9566358763840276
Gluconolactone,Conf 80,0.9564402220999174
Ferrous fumarate,Conf 68,0.956430062368604
Arbutamine,Conf 115,0.9564045019442806
Norethisterone,Conf 9,0.9561808051821102
Acamprosate,Conf 94,0.9561748663944438
Zafirlukast,Conf 194,0.9559632006527528
Disulfiram,Conf 239,0.9557852232315507
Celecoxib,Conf 125,0.9557583110322005
Protionamide,Conf 147,0.9557231475837286
Lercanidipine,Conf 319,0.9555834224659531
Hexafluronium,Conf 326,0.9555134264920393
Anthralin,Conf 144,0.9553868351944259
Ethyl salicylate,Conf 149,0.9553632107888695
Paromomycin,Conf 273,0.9552951553895392
Miglustat,Conf 137,0.9551225255697471
Menthyl salicylate,Conf 94,0.9549193709352107
Cytarabine,Conf 59,0.9549181021501294
Cefradine,Conf 58,0.9549094052938165
Benzoyl peroxide,Conf 141,0.9547442909294216
Amyl Nitrite,Conf 151,0.9546973201584872
Amprenavir,Conf 176,0.95459029545546
Siponimod,Conf 294,0.9544855523122406
Fluconazole,Conf 60,0.9543787613788755
Spironolactone,Conf 127,0.954370280204608
Mexiletine,Conf 176,0.9543513410219819
Nalidixic acid,Conf 183,0.9543085841287389
Efinaconazole,Conf 71,0.954263777659637
Methylergometrine,Conf 17,0.9542623537124453
Levodopa,Conf 182,0.9542370175111281
D-Methionine,Conf 108,0.9542142263226672
Bethanechol,Conf 79,0.9539625430500698
Chenodeoxycholic acid,Conf 102,0.9537458816501109
Sufentanil,Conf 50,0.9537081278905879
Alcaftadine,Conf 149,0.9536835317832676
Netarsudil,Conf 111,0.9536581113416344
Ferrous glycine sulfate,Conf 172,0.9536371840467835
Uracil mustard,Conf 251,0.9535203336613872
Dyphylline,Conf 127,0.9534775359229812
Amantadine,Conf 54,0.9534581279518508
Ergotamine,Conf 93,0.9534167285364473
Acalabrutinib,Conf 109,0.9533916269597423
Arformoterol,Conf 355,0.953389295696783
Fludeoxyglucose (18F),Conf 223,0.9532727714755737
Calcipotriol,Conf 156,0.953199560559154
Procarbazine,Conf 161,0.9530126549028268
Cenobamate,Conf 72,0.9529611820440926
Lubiprostone,Conf 181,0.9528530469362688
Diroximel fumarate,Conf 272,0.9526668041139656
Pindolol,Conf 267,0.9526229505579203
Chlorzoxazone,Conf 109,0.9526097391356859
Ribavirin,Conf 266,0.9525659865177105
Tropisetron,Conf 200,0.9524868426008846
Ethotoin,Conf 39,0.9524706079095596
Aceclidine,Conf 114,0.9524638988582692
Remifentanil,Conf 61,0.9524534358762226
Dapiprazole,Conf 126,0.9524003903701067
Exemestane,Conf 57,0.9523938732177871
Palonosetron,Conf 70,0.952261414069545
Methohexital,Conf 10,0.952178273202041
Risperidone,Conf 235,0.9521550148978641
Triamterene,Conf 76,0.9520394529804328
Cinoxate,Conf 178,0.9519848532748846
Rilpivirine,Conf 95,0.9518826203305213
Acarbose,Conf 178,0.9518624155921049
Flurbiprofen,Conf 25,0.9518577821992651
Carmustine,Conf 197,0.951710986907575
Levobupivacaine,Conf 89,0.9517033545583289
Asenapine,Conf 128,0.9515913374944757
Bromotheophylline,Conf 69,0.9513852993315296
Ribociclib,Conf 91,0.9513547000058767
Nicergoline,Conf 147,0.951119723080159
Celiprolol,Conf 201,0.9508911321975207
Isosorbide,Conf 60,0.9507641830724833
Lacidipine,Conf 228,0.9506480773980601
Armodafinil,Conf 221,0.9505951853379102
Epoprostenol,Conf 34,0.9505577923127894
Brigatinib,Conf 129,0.9504804729858881
Isotretinoin,Conf 191,0.9504500687100433
Loteprednol etabonate,Conf 156,0.9503524332700962
Perindopril,Conf 277,0.9502730023751879
Methyl nicotinate,Conf 76,0.9502146561668888
Practolol,Conf 92,0.9501977916327148
Tiopronin,Conf 111,0.9499331173034757
Benzodiazepine,Conf 124,0.9498708186941106
Clothiapine,Conf 145,0.9497976617072155
Dihydrotachysterol,Conf 87,0.9497792230687379
Febuxostat,Conf 192,0.9497091138658417
Netupitant,Conf 320,0.9496207709744835
Ethyl hydroxybenzoate,Conf 141,0.9496143604996129
Etafedrine,Conf 162,0.9493878520141916
Testosterone,Conf 91,0.9493560556245926
Calcium ascorbate,Conf 359,0.9492857497850729
Adenosine,Conf 241,0.9491924248374999
Enoximone,Conf 197,0.949071335929198
Ethionamide,Conf 134,0.9490153884098593
Lumiracoxib,Conf 86,0.9489143159938755
Dicyclomine,Conf 220,0.9488288906451384
Azelaic acid,Conf 225,0.948749676594706
Peramivir,Conf 239,0.9486769546948861
Duloxetine,Conf 278,0.9485379890281519
Aripiprazole,Conf 260,0.9485069048451467
Dihydroergocornine,Conf 88,0.9483577512515794
Losartan,Conf 86,0.9483433870422809
Afatinib,Conf 155,0.9482549747915219
Ivabradine,Conf 223,0.9482224800270747
Teriflunomide,Conf 144,0.9482109999440794
Ketorolac,Conf 24,0.948088955598216
Meradimate,Conf 148,0.9479085300773635
Azelastine,Conf 123,0.9478952123530862
Acetic acid,Conf 84,0.9478349864040294
Imipramine,Conf 5,0.9478118364491911
Vardenafil,Conf 178,0.9477176010152295
Repaglinide,Conf 29,0.9476579995047532
Metyrapone,Conf 99,0.9475900073376402
Mequinol,Conf 76,0.9473408069564128
Vidarabine,Conf 235,0.9473085219336056
Safinamide,Conf 139,0.9471921509351297
Alverine,Conf 321,0.9470807396604716
Propylparaben,Conf 123,0.9470240091773917
Anisindione,Conf 8,0.946719997646651
Maprotiline,Conf 164,0.9466860801401573
Obeticholic acid,Conf 9,0.946648069135743
Tazobactam,Conf 175,0.9465786551620055
Drospirenone,Conf 59,0.9465413669261565
Lurasidone,Conf 116,0.9465285916493632
Clopidogrel,Conf 62,0.946517307514177
Doconexent,Conf 203,0.9463809458329805
Benazepril,Conf 117,0.9462909133496148
Valrubicin,Conf 105,0.946148239252282
Phensuximide,Conf 42,0.9460367753647794
Thiotepa,Conf 32,0.946032124613394
Idarubicin,Conf 104,0.9458491721394792
Prasterone,Conf 32,0.9458483121900135
Diphenhydramine,Conf 95,0.9458368541040821
Ibuprofen,Conf 135,0.9456598321854875
Nitrous acid,Conf 41,0.9455838830263757
Sultopride,Conf 165,0.9455575801613404
Aclidinium,Conf 186,0.9454476842882503
Carglumic acid,Conf 182,0.9453767012758107
Diacetyl benzoyl lathyrol,Conf 200,0.9451976810101559
Ergocalciferol,Conf 31,0.9451739475124554
Triprolidine,Conf 74,0.9450491573740656
Macitentan,Conf 89,0.9450035382603045
Meclizine,Conf 75,0.9448134649406609
Tolbutamide,Conf 247,0.9448083054155605
Phenoxybenzamine,Conf 24,0.9446730262575753
Gefitinib,Conf 196,0.9446589570249979
Ertapenem,Conf 182,0.944637186441299
Ganciclovir,Conf 171,0.9445147628963021
Ruxolitinib,Conf 208,0.9445116550952912
Fluindione,Conf 96,0.9444331381540323
Fulvestrant,Conf 281,0.9443842087309937
Vecuronium,Conf 110,0.9443790089706006
Levetiracetam,Conf 220,0.9442460141952447
Hexobendine,Conf 285,0.9441209859497455
Physostigmine,Conf 112,0.9441125912424139
Paramethadione,Conf 61,0.9440255649993348
Sucrose,Conf 140,0.944008805904508
Delamanid,Conf 142,0.9439305216965361
Lorpiprazole,Conf 60,0.9438819029027026
Mifepristone,Conf 134,0.9438181710174843
Ropinirole,Conf 171,0.9437685125805381
Cyclothiazide,Conf 98,0.9437193249456141
Citicoline,Conf 114,0.9436204188304929
Mianserin,Conf 83,0.9436198393086519
Diazolidinylurea,Conf 180,0.9436147964901112
Sodium lauryl sulfoacetate,Conf 75,0.9432342769470878
Doxepin,Conf 143,0.9430741446690245
Cilazapril,Conf 218,0.9430692677960391
Lorlatinib,Conf 90,0.9430500021719518
Perampanel,Conf 167,0.9430161632568234
Cefditoren,Conf 90,0.9429099363538953
Zytron,Conf 137,0.9429090995349488
Ethinylestradiol,Conf 53,0.942889958345371
Reboxetine,Conf 117,0.9428869989712468
Pipecuronium,Conf 127,0.9428752101332962
Fosnetupitant,Conf 128,0.9426659533309645
Metformin,Conf 115,0.9426385067777192
Chloroprocaine,Conf 336,0.9426282876956863
Fexofenadine,Conf 275,0.9424570410467518
Oxtriphylline,Conf 18,0.9424132033322575
p-Phenylenediamine,Conf 148,0.9421992724822236
Rasagiline,Conf 107,0.9421373102306799
Kappadione,Conf 160,0.9421040466109842
Lisdexamfetamine,Conf 336,0.9419536520070165
Methylene blue,Conf 124,0.9419136220739777
Alloin,Conf 94,0.9418521166308305
Kinetin,Conf 205,0.9416716938027403
Gliquidone,Conf 251,0.9416257240730149
Canagliflozin,Conf 202,0.9414079639098484
Zinc acetate,Conf 101,0.9414006596993492
Isavuconazole,Conf 84,0.9413493536075902
Propylhexedrine,Conf 195,0.9412255570312178
Perphenazine,Conf 96,0.941080969809661
Ezetimibe,Conf 199,0.9408091943958603
Pramocaine,Conf 215,0.9407673254219477
Copper gluconate,Conf 186,0.9407011679349767
Bumadizone,Conf 40,0.9406876887162398
Cysteamine,Conf 57,0.9405913473904224
Tiaprofenic acid,Conf 125,0.9404674329388573
Methscopolamine,Conf 224,0.9403700243769944
Cimetidine,Conf 223,0.9401872656586664
Tedizolid phosphate,Conf 120,0.9401750362490795
Fenoterol,Conf 139,0.9401661085712144
Mesalazine,Conf 83,0.9401283542154498
Stearic acid,Conf 303,0.9400281650855641
Tropicamide,Conf 79,0.9399994466275566
Pitavastatin,Conf 202,0.9399234789545892
Formoterol,Conf 190,0.9398912039358868
Nepafenac,Conf 115,0.9398400450994359
Bexarotene,Conf 74,0.9397871706110751
Ropivacaine,Conf 18,0.9396102339402796
Desoxycorticosterone acetate,Conf 137,0.939557083530261
5-O-phosphono-alpha-D-ribofuranosyl diphosphate,Conf 117,0.9394512899211493
Benzylparaben,Conf 44,0.9393448223611132
Gaxilose,Conf 250,0.9393142725388177
Zucapsaicin,Conf 236,0.9391879751810818
Acemetacin,Conf 158,0.9391446709209204
Testosterone undecanoate,Conf 243,0.939114699850361
Nitrendipine,Conf 158,0.9389566321977965
Parecoxib,Conf 126,0.9389331332000552
Tamsulosin,Conf 210,0.9388843658999887
Spirapril,Conf 234,0.9386841001850934
Famciclovir,Conf 57,0.9386651524915968
Prucalopride,Conf 225,0.9385890582674412
P-nitrobiphenyl,Conf 36,0.9384906565494798
Tetrofosmin,Conf 139,0.9384003636845267
Acetaminophen,Conf 60,0.9381692911784748
Ceftobiprole,Conf 85,0.9381074603017996
Rotigotine,Conf 65,0.9380956315243858
Gliclazide,Conf 202,0.9379650780974393
Salmeterol,Conf 363,0.9379299812931647
Phenyl salicylate,Conf 195,0.9379022836854856
Propafenone,Conf 206,0.9378980162077686
Mebeverine,Conf 117,0.9377412710188003
Fenpropidin,Conf 90,0.9376805738345299
Procyclidine,Conf 2,0.9374943076601893
Sacubitril,Conf 265,0.9372323867274962
Echothiophate,Conf 63,0.937206023884812
Tolfenamic acid,Conf 75,0.9371091864982197
Clobetasone,Conf 19,0.936986347531588
Flavoxate,Conf 193,0.9369499191714094
Betrixaban,Conf 131,0.9369282654973409
"Sodium phosphate, dibasic",Conf 111,0.9368486921310409
Apremilast,Conf 242,0.9367980825337809
Capsaicin,Conf 187,0.9367072581308472
Ivacaftor,Conf 121,0.9366678130480244
Bepotastine,Conf 214,0.936614851027887
Norepinephrine,Conf 90,0.9365859077915016
Loxapine,Conf 59,0.936559777727229
Clofibrate,Conf 26,0.9363021247219593
Levomenol,Conf 79,0.9360680845688544
Trametinib,Conf 184,0.935898238395404
Riociguat,Conf 207,0.9358930687624052
Amodiaquine,Conf 318,0.9358493723941003
Sodium feredetate,Conf 180,0.9358369521266339
Alogliptin,Conf 222,0.93544534071498
Raloxifene,Conf 119,0.9354230200520631
Benfotiamine,Conf 246,0.9353752867754594
Tocainide,Conf 45,0.9352026407637214
Vortioxetine,Conf 259,0.9351872110799893
Ethanolamine oleate,Conf 203,0.9350813509751282
Tranexamic acid,Conf 84,0.9350759412826137
Methyltestosterone,Conf 33,0.93492468424639
Ponatinib,Conf 34,0.934920432895465
Quinidine,Conf 273,0.9348034917633848
Foscarnet,Conf 96,0.9347184110126847
Voriconazole,Conf 115,0.9346261264910185
Glycyrrhizic acid,Conf 65,0.9345587311793765
Zofenopril,Conf 50,0.9345519108503558
Benzydamine,Conf 97,0.9344728896240697
Vemurafenib,Conf 191,0.9343618624830927
Lynestrenol,Conf 9,0.9343259122316562
Enprofylline,Conf 171,0.9342355080100215
Metoprolol,Conf 215,0.9341985769975742
Loperamide,Conf 180,0.9341719548486315
Vanillyl butyl ether,Conf 104,0.9340984950943844
Phenazopyridine,Conf 147,0.9340491371095277
Lisuride,Conf 128,0.9340209565174737
Levofloxacin,Conf 36,0.9338524473639619
Nateglinide,Conf 249,0.9337237255672147
Dolasetron,Conf 37,0.9337088054904606
Estramustine phosphate,Conf 70,0.9336654077090986
Amitriptylinoxide,Conf 128,0.9335582617789404
Bicalutamide,Conf 125,0.9335554851706684
Etonogestrel,Conf 114,0.9335522459217797
Lornoxicam,Conf 2,0.933161510104643
Eletriptan,Conf 122,0.9331540763157804
Eszopiclone,Conf 222,0.9328535963785212
Rupatadine,Conf 69,0.9328137984864071
Verapamil,Conf 377,0.9327864624610457
Tasimelteon,Conf 72,0.9327599516777191
Podofilox,Conf 160,0.9327478822472678
Dicoumarol,Conf 82,0.932716890475425
Dexchlorpheniramine maleate,Conf 191,0.9327080145529112
Ondansetron,Conf 101,0.9323855201552059
Pamidronic acid,Conf 225,0.9323229648163093
Midodrine,Conf 241,0.9322718981497878
Cetylpyridinium,Conf 121,0.9319704608560273
Phenindione,Conf 51,0.9318978680261042
Prednicarbate,Conf 15,0.9318184387264901
Oxybutynin,Conf 56,0.9317482761764173
Iocetamic acid,Conf 153,0.9317478791687648
Ibandronate,Conf 226,0.9317347890695729
Levonordefrin,Conf 196,0.9316321695405821
Clemastine,Conf 87,0.9315780084152419
Pentosan polysulfate,Conf 214,0.9309610070817439
Rimexolone,Conf 111,0.9308675004966087
Pseudoephedrine,Conf 191,0.9306958808289281
Citalopram,Conf 166,0.9306757004608068
"2,2'-Dibenzothiazyl disulfide",Conf 96,0.9304531978001223
Ambrisentan,Conf 138,0.9304167923516156
Tobramycin,Conf 337,0.9304139892150567
Terizidone,Conf 184,0.9302090839246431
Etravirine,Conf 173,0.9301226256981057
Methylphenobarbital,Conf 64,0.930040268071735
Ritiometan,Conf 126,0.9295399536532659
Nifedipine,Conf 45,0.9295010939604851
Sodium tetradecyl sulfate,Conf 222,0.9294912578520266
Ceforanide,Conf 257,0.9294387255904478
Conivaptan,Conf 35,0.9294177284832107
Almotriptan,Conf 279,0.929388774771939
Darolutamide,Conf 238,0.9291362544156162
Oxymetazoline,Conf 82,0.929046240230778
Sunitinib,Conf 176,0.929041119272539
Dienestrol,Conf 116,0.9289750849357078
Methyl aminolevulinate,Conf 115,0.9289439673855202
Pipradrol,Conf 4,0.9288979852923238
Mebutamate,Conf 103,0.9288940345814566
Deferoxamine,Conf 321,0.9288145312961714
Larotrectinib,Conf 138,0.928712923936048
Oxybuprocaine,Conf 265,0.9286516870819652
Temocillin,Conf 171,0.9283543140482815
Revefenacin,Conf 281,0.9282981769494932
Betiatide,Conf 292,0.9282187229855985
Balsalazide,Conf 95,0.9279008258525195
Fluphenazine,Conf 50,0.9278842575925721
Cyclopentolate,Conf 8,0.9277486069073771
Cephaloglycin,Conf 151,0.9277022462188815
Brivudine,Conf 38,0.9276881625586855
Raltitrexed,Conf 297,0.9275117396794967
Phentolamine,Conf 177,0.9274411100736968
Tioconazole,Conf 46,0.9274070759977606
Amoxapine,Conf 67,0.927163607947374
Zinc picolinate,Conf 157,0.9269336975973801
Pentaerythritol tetranitrate,Conf 132,0.9268214506647223
Vinflunine,Conf 33,0.9267356256922058
Trimetazidine,Conf 96,0.9267167729990035
Tafluprost,Conf 63,0.926531731023564
DL-alpha-Tocopherol,Conf 238,0.9264363440257398
Moexipril,Conf 221,0.9263826484169367
Pyrvinium,Conf 39,0.9263503383340795
Norelgestromin,Conf 108,0.9260551320209065
Tetradecyl hydrogen sulfate (ester),Conf 248,0.9259641777206714
Mephenesin,Conf 82,0.9256919546157912
Ibutilide,Conf 105,0.9256790243814413
Ethyl ferulate,Conf 85,0.9256041271372704
Lasmiditan,Conf 175,0.9255425355585525
"1,2-icosapentoyl-sn-glycero-3-phosphoserine",Conf 3,0.9254728946701654
Besifloxacin,Conf 145,0.9254236272606308
Perazine,Conf 48,0.9253155966308667
Sildenafil,Conf 71,0.9253138720607946
Epinastine,Conf 36,0.9252235185231092
Trioxsalen,Conf 50,0.9249975028207955
Dezocine,Conf 151,0.9249674143668443
Amiloride,Conf 222,0.9249066950966851
Ceritinib,Conf 235,0.924875897251311
N-acetyltyrosine,Conf 115,0.9247713806638655
Etidronic acid,Conf 185,0.9247271935494691
Procaterol,Conf 84,0.9246760542723814
Fluticasone furoate,Conf 155,0.9242690305005176
Olaparib,Conf 192,0.9239136275875119
Pinacidil,Conf 89,0.9236794042535524
Tapentadol,Conf 77,0.9233226928378646
Avanafil,Conf 154,0.9230868549179468
Glutathione disulfide,Conf 247,0.9230572934965682
Testolactone,Conf 101,0.9226655630698315
Doripenem,Conf 179,0.9225452350423025
Pemetrexed,Conf 264,0.9225371569586399
Brinzolamide,Conf 51,0.9225176404479077
Phenylethyl resorcinol,Conf 45,0.9224276542845089
Ceftriaxone,Conf 216,0.9223922401950264
Chlorpheniramine,Conf 11,0.9222855882170552
Idelalisib,Conf 2,0.921965538258513
Chlorphenesin,Conf 110,0.9218909030973953
Prazosin,Conf 137,0.9218800832694245
Trolamine,Conf 179,0.9218382280779339
Bosutinib,Conf 263,0.9217066480013896
Rimantadine,Conf 113,0.9213818441676918
Probucol,Conf 59,0.9211354964145763
Tramadol,Conf 216,0.9210368957921239
Lansoprazole,Conf 57,0.9210155089676417
Methyclothiazide,Conf 24,0.920911735729279
Benperidol,Conf 249,0.9208027792689119
Benznidazole,Conf 262,0.920489908176641
Chlorambucil,Conf 195,0.9201126771419121
Glutathione,Conf 284,0.9200532366863635
Butaperazine,Conf 216,0.9199278748646409
Propiverine,Conf 11,0.9197635652780342
Tolazamide,Conf 148,0.9196546703647499
Curcumin,Conf 303,0.9195669779048954
Piperacillin,Conf 8,0.9194748421398176
Arzoxifene,Conf 159,0.9193648678823862
Loxoprofen,Conf 12,0.9193386980444955
Tioguanine,Conf 58,0.9193219005967119
Chlorquinaldol,Conf 72,0.9191906883181744
Ketazolam,Conf 128,0.9191769797235265
Levocarnitine,Conf 185,0.9191234422880151
Gemfibrozil,Conf 21,0.9191040750675915
Quinupramine,Conf 188,0.9190884885347934
Candesartan cilexetil,Conf 226,0.9186709604478256
Mycophenolic acid,Conf 164,0.9185768250168094
Nintedanib,Conf 129,0.9184813397748816
Simeprevir,Conf 18,0.9182241425890579
Bimatoprost,Conf 272,0.9181532192272781
Sumatriptan,Conf 140,0.9181405637203098
Telbivudine,Conf 33,0.9181264036642227
Sarecycline,Conf 14,0.9181136546687371
Lapyrium,Conf 307,0.9180440075232341
Cetyl alcohol,Conf 215,0.9179661822678502
Cilostazol,Conf 331,0.9175486410693393
Noxytiolin,Conf 78,0.9174529154811717
Ertugliflozin,Conf 105,0.9173624761277672
Estramustine,Conf 81,0.9173371254435553
Taurolidine,Conf 32,0.9173023290061461
Desipramine,Conf 123,0.9172176367741016
Phosphatidyl serine,Conf 384,0.9171502935391249
Ciprofibrate,Conf 82,0.9170994178398258
Saquinavir,Conf 110,0.9170485281275496
Budesonide,Conf 14,0.9170213327980936
Zolpidem,Conf 127,0.916987533579245
Desloratadine,Conf 35,0.9168892262671282
Zopiclone,Conf 215,0.9168711761800604
Vildagliptin,Conf 131,0.9168639012915399
Methylnaltrexone,Conf 152,0.9167199852809406
Famotidine,Conf 284,0.9165289019153896
Phosphoric acid,Conf 74,0.9165035258885329
Latamoxef,Conf 130,0.9163472010237792
Loteprednol,Conf 16,0.916314585014905
Linoleic acid,Conf 369,0.9161730689366492
Ethynodiol diacetate,Conf 11,0.9161513073149554
Solifenacin,Conf 48,0.9159192086507002
Ciprofloxacin,Conf 93,0.9159188323206681
Levomefolic acid,Conf 158,0.9158190560527806
Varenicline,Conf 75,0.9158107812398133
Vilanterol,Conf 307,0.915637807444926
Tromantadine,Conf 123,0.9155396099398674
Thymol,Conf 63,0.9154750931438473
Nitisinone,Conf 122,0.915333761072216
Choline salicylate,Conf 91,0.9152300004740122
Scopolamine,Conf 95,0.915095657699752
Ranitidine,Conf 223,0.9150743866008485
Calcium glubionate anhydrous,Conf 432,0.9149697724010388
Labetalol,Conf 215,0.9145228473099496
Bromperidol,Conf 115,0.9144912023669833
Cocarboxylase,Conf 257,0.9142692580415158
Finasteride,Conf 2,0.9142329813709097
Lifitegrast,Conf 65,0.9139858022442579
Levacetylmethadol,Conf 249,0.9138520885962023
Deferiprone,Conf 144,0.9138362972858399
Dexbrompheniramine,Conf 42,0.9137489747811673
Isosorbide mononitrate,Conf 63,0.913744464539235
Metolazone,Conf 131,0.913700489558401
Mefenamic acid,Conf 199,0.9136452619467634
Calcium Phosphate,Conf 29,0.9136271854225386
Levamlodipine,Conf 19,0.9136067204009436
Desvenlafaxine,Conf 82,0.913547222816355
Tiagabine,Conf 117,0.9135220238919394
Estrone sulfate,Conf 30,0.9133798836864723
Oftasceine,Conf 201,0.9131171740141203
Tigecycline,Conf 43,0.9131121331906742
Lactulose,Conf 98,0.9128621011039093
Mycophenolate mofetil,Conf 242,0.9119547026587268
Dexibuprofen,Conf 13,0.9119453885452633
Icosapent,Conf 188,0.9119227297773139
Efavirenz,Conf 150,0.9117675224986175
Bromodiphenhydramine,Conf 28,0.9117392606923211
Colchicine,Conf 125,0.9116546486436607
Dihydro-alpha-ergocryptine,Conf 22,0.9116118184984321
Tolvaptan,Conf 102,0.9113143927977133
Cycloserine,Conf 49,0.9111524921947378
Taurocholic acid,Conf 133,0.910971342640762
Plerixafor,Conf 173,0.9108933090046097
Zonisamide,Conf 51,0.9108229747879799
Calcitriol,Conf 96,0.9107438040922246
Triclosan,Conf 127,0.9105976226814654
Fructose,Conf 157,0.9104717341112409
Sodium ascorbate,Conf 91,0.9102550539727116
Copanlisib,Conf 79,0.9099628489863545
Hesperidin,Conf 169,0.909883285223197
Ribostamycin,Conf 196,0.9098341203673106
Ethylhexyl methoxycrylene,Conf 207,0.9098257271811399
Ceftazidime,Conf 185,0.9097987561396702
Erdosteine,Conf 228,0.9097849268358613
Dacomitinib,Conf 181,0.9096645264090619
Pivmecillinam,Conf 122,0.9095114470634754
Ticagrelor,Conf 60,0.909456644622444
Retapamulin,Conf 67,0.9093741989085653
Pentoxifylline,Conf 43,0.909369905059191
Bacampicillin,Conf 24,0.9092513715576921
Montelukast,Conf 176,0.909047423399436
Olopatadine,Conf 25,0.9089527548960451
Lorazepam,Conf 98,0.9087808316092214
Mazindol,Conf 126,0.9087569137189311
Estrone,Conf 74,0.9086084357501594
Isometheptene,Conf 75,0.9084067745338074
Metixene,Conf 263,0.907849307356849
Chloroxylenol,Conf 79,0.9077793448433948
Calcium levulinate,Conf 137,0.9076562962308204
Letrozole,Conf 13,0.907552541638447
Oxitriptan,Conf 137,0.9074157905772672
Erdafitinib,Conf 205,0.9073933702842076
Acenocoumarol,Conf 29,0.9073512734169289
Ixabepilone,Conf 87,0.9069185726761899
Eliglustat,Conf 156,0.9067231885090271
Proxibarbal,Conf 130,0.9067030564198261
Quinidine barbiturate,Conf 95,0.9066142349564222
Etofamide,Conf 211,0.9064294856770356
Argatroban,Conf 98,0.906171800462942
Propiomazine,Conf 67,0.9060990986415365
Fluvoxamine,Conf 94,0.9060100386540151
Pipotiazine,Conf 167,0.9052025433890558
Bosentan,Conf 55,0.9052011387281702
Agomelatine,Conf 145,0.9051913815106801
Polydatin,Conf 71,0.9051463803997486
Tretinoin,Conf 73,0.9051026820249249
Baricitinib,Conf 276,0.9050519501439201
Macimorelin,Conf 423,0.904759385466791
Nortriptyline,Conf 33,0.9047413390859208
Azathioprine,Conf 78,0.9047376122117379
Benzhydrocodone,Conf 128,0.9045555603956418
Proflavine,Conf 96,0.9045477529988719
Digoxin,Conf 28,0.9043435486793482
Buspirone,Conf 177,0.9041090655730388
Indacaterol,Conf 280,0.9040821187735988
Sulfamethoxazole,Conf 89,0.903906315649383
Diethylstilbestrol,Conf 55,0.9038029730178457
Isoetharine,Conf 43,0.9037542104292913
Calcium acetate,Conf 38,0.9037396416864315
Testosterone enantate benzilic acid hydrazone,Conf 71,0.903699669454393
Desogestrel,Conf 15,0.9036878568009253
Torasemide,Conf 308,0.9036470986964639
Ubrogepant,Conf 90,0.9035766482988065
Methantheline,Conf 244,0.903555772213033
Pilocarpine,Conf 57,0.9035037067643878
Ajmaline,Conf 8,0.9034811608891581
Oxybenzone,Conf 37,0.9034667216589418
Cholesterol,Conf 101,0.9033916623774569
Bictegravir,Conf 173,0.9029869839710896
Pirbuterol,Conf 204,0.9027315323380356
Toremifene,Conf 34,0.9026366808131936
Pinaverium,Conf 80,0.9025999620478675
Acrivastine,Conf 33,0.9025922230369072
Padimate O,Conf 79,0.9025418834546926
Ditiocarb Zinc,Conf 15,0.9024791821997814
Sitagliptin,Conf 201,0.9023633073890184
Iohexol,Conf 216,0.9023013819126574
Butenafine,Conf 140,0.9022095866090432
Capmatinib,Conf 127,0.9020986857414254
Gestrinone,Conf 97,0.9019004459010032
Phenyl aminosalicylate,Conf 154,0.9017818550470579
Cyclopenthiazide,Conf 127,0.9017121828690001
Regorafenib,Conf 110,0.9016491469147913
Fluprednisolone,Conf 10,0.9015037150566174
Glucosamine,Conf 45,0.9013334167910161
Azacitidine,Conf 56,0.9013246803345422
Esomeprazole,Conf 297,0.9012401111695041
Sulpiride,Conf 238,0.9012139467844091
Aprepitant,Conf 174,0.9009432320386226
Pivampicillin,Conf 152,0.9007411423011558
Pitolisant,Conf 193,0.9004107414512083
Glimepiride,Conf 119,0.9003478817459819
Trimebutine,Conf 136,0.900127874472324
Diacerein,Conf 61,0.8998977804214605
Nabilone,Conf 174,0.8998212340436909
Selinexor,Conf 223,0.8997652989299385
Gallamine triethiodide,Conf 141,0.8997459950239672
Tolterodine,Conf 140,0.8997328996662068
Entecavir,Conf 69,0.8997239928507752
Nomegestrol,Conf 18,0.8995102560419156
Bromhexine,Conf 105,0.8994632533675205
Topotecan,Conf 49,0.8993503047357536
Erlotinib,Conf 46,0.8992759266900288
Dabigatran etexilate,Conf 104,0.8992479598980869
Methotrexate,Conf 210,0.8992165496799915
Iloprost,Conf 38,0.8991757171557673
Mannitol busulfan,Conf 328,0.8990742521378776
Midostaurin,Conf 110,0.8990230222050486
Ursadiol,Conf 38,0.8990126314408452
Pentetic acid,Conf 458,0.8988797654250352
Nelarabine,Conf 176,0.8987833947279273
Metergoline,Conf 16,0.8987250264087949
Topiramate,Conf 33,0.8985459256035027
Imidurea,Conf 392,0.8983397376688903
Levallorphan,Conf 9,0.898268606459336
Duvelisib,Conf 161,0.8981902782734948
Gabapentin,Conf 106,0.8979296959542309
Hydrocortamate,Conf 158,0.8973863504490313
Hydroxychloroquine,Conf 356,0.8972340937383104
Cefotiam,Conf 243,0.8972047733561254
Morphine,Conf 49,0.8971066965768341
Bilastine,Conf 118,0.8969838530489967
Masoprocol,Conf 68,0.8968856452281936
Pomalidomide,Conf 30,0.8968440975588114
Cefmenoxime,Conf 27,0.8967975101872291
Zanamivir,Conf 153,0.8967140528244387
Cefprozil,Conf 166,0.8964988462760661
Lactose,Conf 200,0.8961574816165038
Sodium lauryl sulfate,Conf 390,0.8960984209741877
Benorilate,Conf 43,0.8959707621635743
Olmesartan,Conf 204,0.8959597342466236
Irbesartan,Conf 178,0.8958210451098602
Rifamycin,Conf 24,0.8956561934268297
Levocabastine,Conf 51,0.8956476315931771
Fostamatinib,Conf 194,0.8956059095473884
Triflusal,Conf 149,0.8955882805177016
Abacavir,Conf 205,0.8954196931409989
Mezlocillin,Conf 181,0.8953180084512431
Telotristat ethyl,Conf 194,0.8952970278820098
Guanabenz,Conf 134,0.8952596713318213
Telmisartan,Conf 81,0.8950890807650511
Acetophenazine,Conf 144,0.8949039560523894
Biotin,Conf 94,0.8946730911207734
Guanfacine,Conf 149,0.894643509386406
Citrulline,Conf 40,0.8945754226116851
Dexamethasone metasulfobenzoate,Conf 210,0.8944119468598919
"N-Cyclohexyl-N'-phenyl-1,4-phenylenediamine",Conf 109,0.8939988002506741
Nizatidine,Conf 353,0.893948227951159
Carbamazepine,Conf 107,0.8938518513892749
Nimodipine,Conf 114,0.8938429468238551
Oxamniquine,Conf 74,0.8936949199989525
Cyclobenzaprine,Conf 40,0.8934900239521053
Carbenicillin,Conf 58,0.893477120116181
Potassium bicarbonate,Conf 89,0.8934049567457026
Ferric sulfate,Conf 170,0.8933283004898829
Salsalate,Conf 67,0.8927329417209757
Cinnamaldehyde,Conf 93,0.8927190444123779
Alfacalcidol,Conf 93,0.8925965659626383
Rutin,Conf 182,0.8925453842930756
Methoxamine,Conf 94,0.8920591220710578
Flucloxacillin,Conf 173,0.8919664520452528
Uridine triacetate,Conf 170,0.8919148400218523
Biguanide,Conf 155,0.891727715733945
Xylose,Conf 72,0.8916206542770724
Thiohexam,Conf 70,0.8914434902520734
Lopinavir,Conf 242,0.891155321466114
Diaminopropanol tetraacetic acid,Conf 45,0.8909749563958211
Sofosbuvir,Conf 26,0.8907025727878166
Mitotane,Conf 140,0.8905433702941729
Dibenzepin,Conf 95,0.8903095435645942
Bicisate,Conf 350,0.8901714660650264
Lomustine,Conf 128,0.8901030585635444
Levobetaxolol,Conf 297,0.8899859526551965
Paroxetine,Conf 125,0.8894795351017254
Nylidrin,Conf 8,0.8892273091428946
Halofantrine,Conf 150,0.8891545333919658
Bisoprolol,Conf 192,0.8890448950834822
Benserazide,Conf 61,0.8889467022812002
Iothalamic acid,Conf 117,0.8888941714806616
Propranolol,Conf 64,0.8888402899021834
Neratinib,Conf 78,0.8887986556903932
Cyclizine,Conf 185,0.888700294332827
Permethrin,Conf 26,0.8886120109728566
Cobicistat,Conf 29,0.8882745233801814
Indomethacin,Conf 98,0.8881554757996252
Suvorexant,Conf 32,0.8880393645137646
Haloperidol,Conf 1,0.8879680694205508
Dienogest,Conf 34,0.8877761569322974
Trandolapril,Conf 13,0.8875886741568826
Polythiazide,Conf 143,0.8875736606250861
Rizatriptan,Conf 146,0.8875278819899489
Azilsartan medoxomil,Conf 209,0.8874910625159362
Methylprednisolone hemisuccinate,Conf 109,0.8870855126470053
Hydrocortisone succinate,Conf 77,0.8869013140173766
Prednisone acetate,Conf 114,0.8868015842026864
Fenoldopam,Conf 184,0.8864871540197773
Sodium citrate,Conf 37,0.8864087249750287
Dimetotiazine,Conf 46,0.8861693546534165
Bioallethrin,Conf 20,0.8857253915950164
Piritramide,Conf 272,0.8856721091472496
Phenobarbital,Conf 21,0.8854093854606878
Dihydralazine,Conf 124,0.8852859172054655
Dexmethylphenidate,Conf 73,0.8852729631501038
Fesoterodine,Conf 203,0.8851992282291559
Octinoxate,Conf 167,0.8851244244573658
Tenofovir alafenamide,Conf 221,0.8845829907684174
Panobinostat,Conf 273,0.8839788766131108
Homatropine,Conf 172,0.8839738961384238
Clofazimine,Conf 98,0.8839428348780209
Mirabegron,Conf 250,0.8837820883756685
Secnidazole,Conf 182,0.8837036866144533
Didanosine,Conf 161,0.8836133504293363
Lumateperone,Conf 142,0.8835766047672022
Plazomicin,Conf 253,0.8834806264024393
Ursodeoxycholic acid,Conf 80,0.8833818871723035
Amitriptyline,Conf 192,0.8832888840789495
Fosamprenavir,Conf 203,0.8831300603371918
DL-dimyristoylphosphatidylcholine,Conf 60,0.8831239596797977
Diflorasone,Conf 69,0.8829224008908932
Adenosine phosphate,Conf 125,0.8826419177158608
Quinagolide,Conf 36,0.8825440423748487
Threonine,Conf 132,0.8825023868873352
Protriptyline,Conf 64,0.8823499911590308
Pyrophosphoric acid,Conf 47,0.8822483255808948
Floxuridine,Conf 165,0.8822201148149579
Osimertinib,Conf 113,0.8816942999108104
Phenprocoumon,Conf 68,0.8812889005373672
Trifluoperazine,Conf 208,0.8803567139781183
Ifosfamide,Conf 62,0.8802946430212253
Oxiconazole,Conf 9,0.8802201257035989
Carboxin,Conf 37,0.8796145891618762
Metrizoic acid,Conf 70,0.8792616105142876
Iopamidol,Conf 261,0.8789422683004137
Fosphenytoin,Conf 23,0.8789192540772052
Pirfenidone,Conf 101,0.8788174020604218
Dorzolamide,Conf 76,0.8787947267545106
Epicriptine,Conf 32,0.8787069479880849
Disperse Blue 106,Conf 194,0.8786312301121054
Fluocinonide,Conf 110,0.8785858670062187
Pioglitazone,Conf 205,0.8783245299305391
Miglitol,Conf 82,0.8774464373157633
Eluxadoline,Conf 302,0.8773645119343185
Deserpidine,Conf 205,0.8772392090760818
Triclabendazole,Conf 99,0.877137715750677
Noscapine,Conf 167,0.8771229751155776
Phenacemide,Conf 126,0.8767824048567535
Enoxacin,Conf 26,0.8767380022239961
Bisoxatin,Conf 89,0.8767115213391337
Bromfenac,Conf 145,0.8767114734702399
Cidofovir,Conf 74,0.8766162670495662
Metaxalone,Conf 116,0.8764558637149057
Methylphenidate,Conf 51,0.8758893071319919
Sulfinpyrazone,Conf 31,0.8757928111994089
Azithromycin,Conf 105,0.8753493142626095
Dacarbazine,Conf 165,0.8752371373468165
Triazolam,Conf 90,0.8752137101848394
Diethylamino hydroxybenzoyl hexyl benzoate,Conf 273,0.8751729733475361
Natamycin,Conf 45,0.8750301423702231
Eslicarbazepine,Conf 47,0.8749039266024154
"Sodium phosphate, monobasic",Conf 74,0.8746748233052708
Dioxybenzone,Conf 55,0.8745783203140718
Asparagine,Conf 48,0.8745335958807182
Cobimetinib,Conf 207,0.8742595247368431
Tromethamine,Conf 85,0.873879747145069
Pentamidine,Conf 203,0.8735660956077854
Granisetron,Conf 178,0.873483687510559
Eravacycline,Conf 7,0.8734826272637595
Grazoprevir,Conf 75,0.8734047134975412
Ataluren,Conf 67,0.8733623399187478
Tirofiban,Conf 11,0.8732428416014704
Warfarin,Conf 2,0.8731910085173404
Valaciclovir,Conf 270,0.8731731007574859
Tipranavir,Conf 198,0.8731510764830421
Diflunisal,Conf 96,0.8729601088017583
Dapagliflozin,Conf 132,0.8727546053377199
Cyproheptadine,Conf 184,0.8724278442568942
Fosfomycin,Conf 129,0.8724050275901581
Oxetacaine,Conf 2,0.8723804462766551
Elagolix,Conf 158,0.8723145908800475
Mitomycin,Conf 71,0.8718701175230229
Prasugrel,Conf 43,0.8715980751910108
Berberine,Conf 61,0.8710537951366216
Amiloxate,Conf 212,0.8710267376617085
Zinc Dibutyldithiocarbamate,Conf 22,0.8705411245463615
Dexpanthenol,Conf 251,0.8705354040486366
Niacinamide ascorbate,Conf 55,0.8703620118313126
Pegvaliase,Conf 450,0.8702385456757044
Pizotifen,Conf 135,0.8699846977637383
Procaine merethoxylline,Conf 69,0.8699275364650048
Patent Blue,Conf 77,0.8699216635297132
Alclometasone,Conf 98,0.8695069160814767
Enalaprilat,Conf 180,0.8687997771899097
Escitalopram,Conf 157,0.8687690429336778
Luliconazole,Conf 15,0.8682494988975205
Temazepam,Conf 48,0.8674521129040909
Trolamine salicylate,Conf 199,0.8674332285137593
Meprednisone,Conf 99,0.8674072982791763
alpha-Arbutin,Conf 95,0.8672980479983529
Daunorubicin,Conf 70,0.86727154987256
Darifenacin,Conf 37,0.8671768199424695
Calcium threonate,Conf 226,0.8664724382293679
Nitrazepam,Conf 19,0.8664110681638475
Tizanidine,Conf 47,0.8659281116463375
Aztreonam,Conf 127,0.865906918568888
Guanoxan,Conf 19,0.8654632071158306
Cetirizine,Conf 146,0.8653162200735779
Esketamine,Conf 113,0.8652515193795107
Diphenylpyraline,Conf 158,0.8651132267930299
Ioxaglic acid,Conf 53,0.8650987482694342
Methyldopa,Conf 13,0.8649684632384976
Dobutamine,Conf 220,0.8643703445957254
Vorinostat,Conf 221,0.8642568841087672
Indinavir,Conf 182,0.8642189016864628
Betaxolol,Conf 162,0.864101763185556
Maraviroc,Conf 201,0.8637754333651904
Glycerol phenylbutyrate,Conf 87,0.8636260177110737
Clidinium,Conf 86,0.8634528989223802
Activated charcoal,Conf 6,0.8634462519751513
Cefpirome,Conf 18,0.8633219733100006
Isradipine,Conf 76,0.8624548843685309
Mepenzolate,Conf 224,0.8624185136046673
Fingolimod,Conf 143,0.8622604361934744
Ferric maltol,Conf 108,0.8621598117684012
Magnesium gluconate,Conf 243,0.8620665563619583
Tyrosine,Conf 91,0.8615640012563789
Cefamandole,Conf 171,0.8614800846511256
Entrectinib,Conf 118,0.861396102382503
Oxcarbazepine,Conf 15,0.8613301158041042
Deflazacort,Conf 26,0.8606585045121989
Etoposide,Conf 186,0.8601747157577969
Dipivefrin,Conf 204,0.8599548522212473
Perhexiline,Conf 105,0.8599493849093196
Atenolol,Conf 113,0.8595833426908617
Hydralazine,Conf 156,0.8595112461150559
Didecyldimethylammonium,Conf 106,0.85950903983539
Elexacaftor,Conf 35,0.859449153526975
Fedratinib,Conf 173,0.859366728281216
Tyropanoic acid,Conf 57,0.8590850516602093
Fluorometholone,Conf 11,0.8588645536284495
Tenofovir disoproxil,Conf 288,0.8576558904314142
Huperzine A,Conf 33,0.8571177594312365
Treprostinil,Conf 175,0.8570070167714837
Selexipag,Conf 292,0.8567742872907815
Pregabalin,Conf 33,0.856307652272174
Fluorescein,Conf 156,0.8561891463431796
Lesinurad,Conf 168,0.8557775348977582
Orlistat,Conf 272,0.8557260690830009
Frovatriptan,Conf 29,0.8556084047062328
Isoprenaline,Conf 246,0.8554543189296616
Valganciclovir,Conf 265,0.8553216160610949
Medrysone,Conf 12,0.8550759044074615
Eplerenone,Conf 20,0.8550145284848032
Alginic acid,Conf 59,0.8549281457194208
Ceftizoxime,Conf 280,0.8548359144036006
Sulfapyridine,Conf 62,0.8547551175319922
Guanadrel,Conf 77,0.8547336904574774
Cyclacillin,Conf 32,0.8542324077164963
Hydroxystilbamidine,Conf 96,0.8538945373148671
Tibolone,Conf 40,0.853860384476207
Sodium glycerophosphate,Conf 92,0.8535364805670301
Brexanolone,Conf 4,0.8534526124394175
Dronedarone,Conf 35,0.8534485901289515
Nilvadipine,Conf 22,0.8532743237526204
Lisinopril,Conf 23,0.8531633819253666
gamma-Aminobutyric acid,Conf 71,0.8531614319384571
Ritodrine,Conf 60,0.8530684682038422
Glyburide,Conf 312,0.8528442565730379
Sulfanilamide,Conf 147,0.8524671204989407
Fluvastatin,Conf 102,0.8523804832450413
Sulfacetamide,Conf 75,0.8521402961905673
Vigabatrin,Conf 107,0.8520855676567654
Dinoprostone,Conf 102,0.8519588058604869
Docetaxel,Conf 58,0.8509465137419656
Ebastine,Conf 115,0.8509324059590707
Azlocillin,Conf 127,0.8503396301275616
Bromocriptine,Conf 81,0.8501134098477051
Hydroxyprogesterone caproate,Conf 167,0.8497734930193084
Primaquine,Conf 97,0.8496979048212425
Articaine,Conf 139,0.8494749002663485
Belinostat,Conf 33,0.8486761332652453
Phenindamine,Conf 80,0.848234423899772
Palbociclib,Conf 134,0.8481835040705367
Metocurine,Conf 70,0.8480621087243104
Flavin mononucleotide,Conf 223,0.8478626584675961
Tafamidis,Conf 151,0.8478208100530704
Trospium,Conf 78,0.8475943905254911
4-(Isopropylamino)diphenylamine,Conf 104,0.8475287100957815
Memantine,Conf 44,0.8474486164679216
Cefmetazole,Conf 205,0.8468557712529361
Saxagliptin,Conf 67,0.8466620172004178
Carfilzomib,Conf 32,0.8465124615579259
Dopexamine,Conf 277,0.846499459224067
Beclomethasone dipropionate,Conf 131,0.8463980214858037
Cefuroxime,Conf 276,0.8462688906871649
Iobenguane,Conf 146,0.8461617395321386
Baclofen,Conf 43,0.8455084181920904
Ramipril,Conf 276,0.8453847049657037
Docosanol,Conf 433,0.8448703136997187
Encorafenib,Conf 230,0.8443725612537933
Pralatrexate,Conf 198,0.8441161593026486
Oxilofrine,Conf 94,0.8441092174104164
Cefpiramide,Conf 50,0.8440684388611546
Pheniramine,Conf 10,0.8440652160871563
Felodipine,Conf 20,0.8438551350995184
Lumefantrine,Conf 146,0.8437178936674348
Ulobetasol,Conf 4,0.8434288808156619
Sulfadoxine,Conf 72,0.8433823711535081
Methylprednisone,Conf 123,0.843361867352427
Artesunate,Conf 46,0.8432463432255707
Gestonorone caproate,Conf 54,0.8432396258825057
Ferrous gluconate,Conf 258,0.8430202235302562
Oxaprozin,Conf 68,0.8427897508904649
Sertraline,Conf 27,0.8427641405683335
Resorcinol,Conf 109,0.8420645696219053
Dinoprost,Conf 184,0.8419350881629618
Dopamine,Conf 105,0.8414340749031263
Umeclidinium,Conf 21,0.8414289364690223
Amorolfine,Conf 99,0.8412634259181134
Cefazolin,Conf 48,0.8411316204108489
Sapropterin,Conf 94,0.8399994891122197
Ospemifene,Conf 81,0.8399593851558921
Regadenoson,Conf 29,0.8399356606238293
Simvastatin,Conf 19,0.8398441034830917
Bedaquiline,Conf 76,0.8395954921598029
Mestranol,Conf 25,0.8393093718627997
Medrogestone,Conf 19,0.8392146919744843
Nelfinavir,Conf 117,0.8391854155491777
Lenalidomide,Conf 142,0.8388263152450853
Cabergoline,Conf 191,0.8383560333522985
Terpin hydrate,Conf 15,0.8383541184273721
L-Lysine,Conf 175,0.8382114396607153
Potassium gluconate,Conf 124,0.838035821185196
Demeclocycline,Conf 105,0.8377195263248765
Anastrozole,Conf 257,0.837467459510949
Cholic Acid,Conf 53,0.837177107681173
Deferasirox,Conf 171,0.8366785591140393
Aminohippuric acid,Conf 117,0.8361569261006302
Bronopol,Conf 205,0.8360984677265999
Idebenone,Conf 267,0.8358901722107909
Dimetindene,Conf 11,0.835870786255628
Deslanoside,Conf 24,0.8356130197926613
Paricalcitol,Conf 14,0.8350932198328995
Vinblastine,Conf 35,0.8350486096555468
Alvimopan,Conf 107,0.8344626250605035
Pexidartinib,Conf 105,0.8343355213910331
Atorvastatin,Conf 140,0.8339451935120166
Chloramphenicol succinate,Conf 218,0.8336357907745906
Levosalbutamol,Conf 154,0.8336172263987414
Flutemetamol (18F),Conf 114,0.8333209901565122
Cycrimine,Conf 75,0.8331572715240627
Simethicone,Conf 69,0.833142051356607
Nilotinib,Conf 45,0.8323395129286214
Atovaquone,Conf 85,0.8318031668325634
Cefixime,Conf 73,0.8317629478559818
Vinorelbine,Conf 56,0.8314147444867248
Cefiderocol,Conf 57,0.8313715343416891
Etoricoxib,Conf 101,0.8309635896874225
Lamotrigine,Conf 29,0.8308639277111273
Bethanidine,Conf 113,0.8305359692377264
Lefamulin,Conf 193,0.8293475192623601
Lemborexant,Conf 44,0.8289203896931745
Benzatropine,Conf 56,0.8287190263405579
Minoxidil,Conf 54,0.8282855012365992
Indapamide,Conf 179,0.8282667651204452
Tenoxicam,Conf 39,0.8282028645969536
Sulfabenzamide,Conf 178,0.828129897987285
Ascorbic acid,Conf 82,0.8281034509769467
Diosmin,Conf 51,0.827948729859831
Sultamicillin,Conf 240,0.8277683995520958
Meticillin,Conf 84,0.8276695007552644
Amrinone,Conf 142,0.8272257839079964
Carvedilol,Conf 133,0.8269252772089251
Lamivudine,Conf 121,0.8268523461405785
Ferrous bisglycinate,Conf 135,0.826264422459363
Cupric oxide,Conf 25,0.8260353051500634
Bisacodyl,Conf 20,0.8257691014720996
Clofarabine,Conf 164,0.8257029196943734
Cinnarizine,Conf 85,0.8255382634949261
Ioversol,Conf 207,0.8254768822867306
Trifarotene,Conf 135,0.8251764400075183
Clevidipine,Conf 233,0.8242824428603532
Hexetidine,Conf 78,0.823079627956592
DL-dimyristoylphosphatidylglycerol,Conf 51,0.823012708543571
Bendroflumethiazide,Conf 9,0.8226349332895578
Carbidopa,Conf 71,0.8225536960489179
Dyclonine,Conf 142,0.8225420414767685
Talazoparib,Conf 26,0.8223839702550837
Cefoperazone,Conf 99,0.8222366136721667
Clarithromycin,Conf 31,0.8222312293332458
Trimethaphan,Conf 39,0.8221328943721792
Tiotropium,Conf 84,0.8214148718830735
Binimetinib,Conf 94,0.8206554659036422
Dihydroergotamine,Conf 136,0.8206244485202573
Clocortolone,Conf 112,0.8203300323840715
Edetate calcium disodium anhydrous,Conf 194,0.8196880497155644
Methadone,Conf 42,0.819317536980411
Sotalol,Conf 53,0.8185780467983075
Bumetanide,Conf 112,0.8185516888129858
Udenafil,Conf 263,0.8176708312819558
Telithromycin,Conf 69,0.8174607297072405
Ciclesonide,Conf 69,0.8166785967387082
Oxazepam,Conf 122,0.816641522251461
Lomitapide,Conf 52,0.8164455046463627
Nitroprusside,Conf 85,0.8145348026784256
Norgestimate,Conf 82,0.8142497845169284
Calcium Citrate,Conf 125,0.8141009132660217
Decitabine,Conf 33,0.8140314484650337
Levothyroxine,Conf 220,0.8131585763280568
Ferrous cysteine glycinate,Conf 91,0.8129568209682391
Aliskiren,Conf 188,0.8126588649317988
Zinc citrate,Conf 5,0.8124393435044721
Epirubicin,Conf 176,0.8123648106229294
Cefotetan,Conf 127,0.8122902685163792
Droxidopa,Conf 206,0.8118826954098762
Sulfameter,Conf 55,0.8114744514577102
Dipyridamole,Conf 220,0.8106927978236057
Teniposide,Conf 92,0.8094490092614632
Venlafaxine,Conf 28,0.8089779637965779
Lymecycline,Conf 105,0.8084126260381468
Hyoscyamine,Conf 31,0.8084097723223033
Gilteritinib,Conf 38,0.8082394852439353
Potassium perchlorate,Conf 70,0.8081032574407574
Vincristine,Conf 18,0.8074886307688344
Dipotassium phosphate,Conf 116,0.8072075599683918
Rolapitant,Conf 21,0.8071479580017549
Demecarium,Conf 91,0.806964609099591
Clobetasol propionate,Conf 72,0.8069160980460105
Pravastatin,Conf 239,0.8053115050002784
Chlorthalidone,Conf 138,0.8051514082793035
Guanethidine,Conf 191,0.8050945080361437
Gatifloxacin,Conf 87,0.8043970443657874
Ceftaroline fosamil,Conf 49,0.8039423029852117
Zoledronic acid,Conf 112,0.8037046368053108
Fusidic acid,Conf 15,0.8033945521110141
Ritonavir,Conf 93,0.8033536373838526
Iobitridol,Conf 51,0.8033516500270909
Metacycline,Conf 58,0.8031618509013229
Doravirine,Conf 66,0.8031148241050737
Misoprostol,Conf 136,0.8030771609494102
Benzonatate,Conf 103,0.8025707910335069
Benzthiazide,Conf 119,0.8019468060712585
Omadacycline,Conf 22,0.801517978328226
Pimavanserin,Conf 160,0.8004861496098584
Aminophylline,Conf 123,0.7999026039316529
Trihexyphenidyl,Conf 168,0.7993031837637132
Doxercalciferol,Conf 86,0.7984405275345864
Hydroxyurea,Conf 113,0.7956167277496844
Darunavir,Conf 207,0.7955950858183588
Penciclovir,Conf 55,0.7950225463548759
Cefdinir,Conf 24,0.7931311832749126
Eribulin,Conf 41,0.7916639319108482
Amlodipine,Conf 135,0.7906822319884691
Rifampicin,Conf 9,0.7905503683983268
Danazol,Conf 37,0.7888998202598394
Hydroflumethiazide,Conf 100,0.7865042977957138
Nitrite,Conf 139,0.7863133642485477
Amsacrine,Conf 20,0.7859849854107379
Diltiazem,Conf 7,0.7848834781116354
Tamoxifen,Conf 135,0.7840474483860221
Pantethine,Conf 167,0.7834136525752693
Butylene glycol,Conf 54,0.7826838513310895
Dimenhydrinate,Conf 33,0.7826622621305193
Disopyramide,Conf 25,0.7815197381433624
Avibactam,Conf 91,0.7810440615996075
Desonide,Conf 55,0.7807527171419151
Ezogabine,Conf 123,0.7807035837915903
Paramethasone acetate,Conf 56,0.7792904872438705
Lomefloxacin,Conf 88,0.7790361326093111
Eslicarbazepine acetate,Conf 103,0.7779196618880531
Edoxaban,Conf 73,0.777398531431417
Norgestrel,Conf 97,0.7772768437473022
Difluprednate,Conf 7,0.7761383299332792
Omacetaxine mepesuccinate,Conf 166,0.7757429541929427
Riluzole,Conf 101,0.7752488751772402
Cilastatin,Conf 155,0.7750406925925021
Netilmicin,Conf 111,0.7733373762713518
Fludarabine,Conf 60,0.77154762028885
Fludrocortisone,Conf 46,0.7707471583851743
Desoximetasone,Conf 5,0.7705378855619391
Naldemedine,Conf 33,0.7700515269096161
Clobetasol,Conf 6,0.7700163366548809
Delafloxacin,Conf 127,0.7695009295377546
Vindesine,Conf 3,0.7694093283389835
Indecainide,Conf 74,0.7692316531349619
Carbamide peroxide,Conf 178,0.7685143666833052
Carboprost tromethamine,Conf 36,0.7675030762228803
Fluspirilene,Conf 163,0.7674795397371533
Baloxavir marboxil,Conf 90,0.7671434935133228
Oxandrolone,Conf 136,0.7665924902732273
Reserpine,Conf 175,0.7663113344493069
Brompheniramine,Conf 8,0.76508307121102
Tadalafil,Conf 27,0.7644035113150701
Colchiceine,Conf 24,0.7595544820529663
Latanoprost,Conf 242,0.7582272877527222
Imipenem,Conf 19,0.7581872085316447
Sevelamer,Conf 125,0.7556124980462381
Ouabain,Conf 122,0.7547701720666355
Diclofenamide,Conf 48,0.7538513675477226
Bifonazole,Conf 110,0.7533811977699018
Tetraferric tricitrate decahydrate,Conf 43,0.7503133801432141
Troleandomycin,Conf 15,0.7498301163259881
Pipobroman,Conf 12,0.7492779217568944
Clomifene,Conf 163,0.7491349191966581
Betazole,Conf 74,0.7485792485249366
"Sodium 1,2-Dipalmitoyl-sn-glycero-3-phospho-(1'-rac-glycerol)",Conf 34,0.7460766260863962
Modafinil,Conf 16,0.7452515483912405
Rescinnamine,Conf 123,0.7450779714241226
Azatadine,Conf 18,0.7441207366919846
Aminosalicylic acid,Conf 57,0.7437059840269645
Tritoqualine,Conf 1,0.7421528306114645
Flunisolide,Conf 117,0.7417240421275672
Ketotifen,Conf 52,0.7393616627370185
Creatine,Conf 71,0.7377864236276197
Apraclonidine,Conf 80,0.7302821554950838
Fluticasone propionate,Conf 56,0.7214110037136537
Medroxyprogesterone acetate,Conf 1,0.7210259485794182
Paritaprevir,Conf 3,0.7156110681004536
Magnesium ascorbate,Conf 55,0.714492332599055
Fluticasone,Conf 2,0.7144162290966082
Iron sucrose,Conf 169,0.7112389825953978
Indocyanine green acid form,Conf 9,0.7106517085728924
Oxacillin,Conf 11,0.7099991016248373
Hydroxyamphetamine,Conf 9,0.7092868095729716
Potassium cation,Conf 20,0.7077517380958127
Debrisoquine,Conf 84,0.7051285845660269
Iomeprol,Conf 194,0.7047269995173091
Potassium hydroxide,Conf 78,0.7039317667632268
Rocuronium,Conf 13,0.7037657469276617
Dehydrocholic acid,Conf 57,0.7020530087274405
Tacrolimus,Conf 28,0.7007293298772505
Arbutin,Conf 58,0.7006678119581082
Amcinonide,Conf 21,0.6979676054600472
Ferrous ascorbate,Conf 12,0.6950879896109742
Pentagastrin,Conf 7,0.6944787443185974
Pancuronium,Conf 79,0.6913444279606664
Ergosterol,Conf 53,0.6903158701235383
Trabectedin,Conf 12,0.6902818303007211
Prussian blue,Conf 116,0.6896253709916024
Migalastat,Conf 71,0.685327368144186
Sodium bicarbonate,Conf 32,0.6842721427446621
Romidepsin,Conf 124,0.6804534140255654
Loratadine,Conf 80,0.6802888214786026
Ivosidenib,Conf 12,0.6801866420254034
Segesterone acetate,Conf 60,0.6712269873620615
Ioxilan,Conf 2,0.6632300009935216
Phenol,Conf 99,0.6619263460154252
Hexocyclium,Conf 164,0.6553476811640844
Sulindac,Conf 81,0.6548532477635675
Rolitetracycline,Conf 17,0.6528098751925219
Cabazitaxel,Conf 43,0.6509154049683996
Verteporfin,Conf 2,0.6449363402124774
Digitoxin,Conf 1,0.6435879952428106
Tubocurarine,Conf 64,0.6431599684932774
Ingenol mebutate,Conf 8,0.6415499029795219
Pemirolast,Conf 2,0.6359546193345464
Pimecrolimus,Conf 8,0.6325615152349555
Hydroxyethyl cellulose,Conf 49,0.6182270536634034
Flurandrenolide,Conf 25,0.6173249832614358
Dalfopristin,Conf 54,0.6142812556002409
Atazanavir,Conf 42,0.6126031356979678
Rifabutin,Conf 3,0.6084262363321438
Ferric pyrophosphate citrate,Conf 2,0.59483559701583
Metronidazole,Conf 31,0.5894043027754592
Cinnamyl alcohol,Conf 35,0.585396979851079
Viomycin,Conf 88,0.5623946505801145
Urea C-13,Conf 46,0.5543596979898361
Ethylenediamine,Conf 102,0.5494964507822209
Isavuconazonium,Conf 11,0.5391324100911514
Rifapentine,Conf 8,0.5330754283216768
Trypan blue free acid,Conf 3,0.5065807522309919
Venetoclax,Conf 2,0.49586080139509453
Choline magnesium trisalicylate,Conf 50,0.48666466113863527
Temoporfin,Conf 7,0.4816298857884001
Spiramycin,Conf 67,0.4543372638455452
Magnesium hydroxide,Conf 6,0.404850355300722
"1,2-Distearoyllecithin",Conf 4,0.3964456565908552
Pasireotide,Conf 3,0.3308001194182167
Ubiquinol,Conf 1,0.2397061804935175
Bisoctrizole,Conf 7,0.2215440515877039
Manganese,Conf 7,0.17226596580686768
Iodide I-131,Conf 19,0.1395450635613032
Silicon,Conf 7,0.13564889239223554
Iodide,Conf 4,0.12616039329541306
Itraconazole,Conf 4,0.1260701859623513
Glecaprevir,Conf 2,0.11111869978006413
