Chain ID,Residue name,Residue sequence,Conf 1,Conf 2,Conf 3,Conf 4,Conf 5,Conf 6,Conf 7,Conf 8,Conf 9,Conf 10,Conf 11,Conf 12,Conf 13,Conf 14,Conf 15,Conf 16,Conf 17,Conf 18,Conf 19,Conf 20,Conf 21,Conf 22,Conf 23,Conf 24,Conf 25,Conf 26,Conf 27,Conf 28,Conf 29,Conf 30,Conf 31,Conf 32,Conf 33,Conf 34,Conf 35,Conf 36,Conf 37,Conf 38,Conf 39,Conf 40,Conf 41,Conf 42,Conf 43,Conf 44,Conf 45,Conf 46,Conf 47,Conf 48,Conf 49,Conf 50,Conf 51,Conf 52,Conf 53,Conf 54,Conf 55,Conf 56,Conf 57,Conf 58,Conf 59,Conf 60,Conf 61,Conf 62,Conf 63,Conf 64,Conf 65,Conf 66,Conf 67,Conf 68,Conf 69,Conf 70,Conf 71,Conf 72,Conf 73,Conf 74,Conf 75,Conf 76,Conf 77,Conf 78,Conf 79,Conf 80,Conf 81,Conf 82,Conf 83,Conf 84,Conf 85,Conf 86,Conf 87,Conf 88,Conf 89,Conf 90,Conf 91,Conf 92,Conf 93,Conf 94,Conf 95,Conf 96,Conf 97,Conf 98,Conf 99,Conf 100,Conf 101,Conf 102,Conf 103,Conf 104,Conf 105,Conf 106
A,GLN,19,,,,,,,,,,,,,,,,-0.0030,,,,,,,,,,,,,,,,,,,,,,,,,,,,,,,,,,,,,,,,,,,,,,,,,,,,,,,,,,,,,,,,,,,,,,,,,,,,,,,,,,,,,,,,,,
A,VAL,20,,,,,,,-0.0036,,,,,,,,,-0.0131,,,,-0.0046,,,,,,,,-0.0043,,,,,,,,,,,,,,,,,-0.0127,,,,,-0.0047,,,,,,,,,,,,,-0.0082,,,,,,,,-0.0123,,,-0.0186,,,,-0.0228,,-0.0071,,,,-0.0042,,,,-0.0038,,,,,,,-0.0049,,-0.0286,-0.0172,,,-0.0029,,,,,
A,THR,21,,,,,,,,,,,,,,,,-0.0036,,,,,,,,,,,,,,,,,,,,,,,,,,,,,,,,,,,,,,,,,,,,,,,,,,,,,,,,,,,,,,,,,,,,,,,,,,,,,,,,,,-0.0033,,,,,,,,
A,CYS,22,,,,-0.0031,,-0.0032,,,,,,,,,,-0.0034,,,,-0.0081,,,,,-0.0038,,,-0.0036,,,,,,,,,,,,,,,,,,,,,,-0.0133,,,,,,,,,,,,,,,,,,,,,,,,-0.0029,,,,,,,,,-0.0029,-0.0260,,,,,,,,,,,-0.0428,,-0.0206,,,,,,,,,
A,GLY,23,,,,,,,,,,,,,,,,,,,,,,,,,,,,,,,,,,,,,,,,,,,,,,,,,,-0.0036,,,,,,,,,,,,,,,,,,,,,,,,,,,,,,,,,,,,,,,,,,,,,,,,,,,,,,,,
A,THR,24,-0.0040,,,-0.0492,,-0.1183,-0.0394,,-0.0306,-0.0690,-0.0028,,,,-0.0436,-0.1551,,,,-0.1463,,,,,-0.1158,,,-0.1020,,,,,-0.0194,,,,,,,,-0.0203,,,,-0.0442,-0.0406,,,,-0.1351,,,,-0.0068,,,,,,,,-0.0168,-0.0416,,-0.0146,,,,,,-0.0127,,,-0.0431,,,,-0.0373,,-0.0366,,,-0.0381,-0.2194,-0.0082,,-0.0112,-0.0219,-0.0107,,,,,,-0.0917,,-0.0931,-0.0531,,,-0.0080,,,,-0.0102,
A,THR,25,-0.0724,-0.0448,-0.0443,-0.2777,-0.0693,-0.2891,-0.2052,-0.0359,-0.1601,-0.2409,-0.0722,,,,-0.1802,-0.3944,,-0.0038,-0.0039,-0.5330,,-0.0265,,,-0.3493,-0.0147,-0.0192,-0.3950,,-0.0133,,,-0.0842,-0.0039,-0.0049,-0.0145,-0.0036,,,,-0.1622,,,-0.0038,-0.2672,-0.2026,,,-0.0042,-0.4768,-0.0724,-0.0335,,-0.0788,,,,,,,,-0.1063,-0.2588,,-0.0903,,-0.0090,,,-0.0337,-0.1956,-0.0170,-0.0484,-0.2603,,,,-0.3422,-0.0048,-0.2673,-0.0094,-0.0083,-0.2208,-0.6142,-0.0857,-0.0345,-0.1328,-0.2691,-0.0959,-0.0048,,-0.0046,-0.0174,,-0.4707,,-0.5498,-0.2683,-0.0051,,-0.1744,-0.0275,-0.0618,,-0.2363,-0.1103
A,THR,26,-0.0871,-0.0312,-0.0651,-0.1800,-0.0860,-0.2111,-0.2342,-0.0572,-0.1541,-0.1774,-0.0685,,,,-0.1786,-0.5399,,-0.0078,,-0.3951,,-0.0078,,,-0.1919,-0.0304,-0.0323,-0.3281,,,,-0.0034,-0.0236,,,-0.0273,-0.0073,,,,-0.1705,,,,-0.3317,-0.1675,,,-0.0165,-0.2139,-0.0934,-0.0089,-0.0037,-0.0601,,,,,,,,-0.1101,-0.2610,,-0.0336,,,,,-0.0076,-0.2555,-0.0034,-0.0521,-0.3263,,,,-0.4124,,-0.2104,-0.0080,-0.0040,-0.1758,-0.3266,-0.0849,-0.0577,-0.1480,-0.2061,-0.0843,-0.0033,,-0.0325,-0.0033,-0.0034,-0.2068,,-0.3604,-0.2581,-0.0301,,-0.0750,-0.0308,-0.1208,,-0.1415,-0.0732
A,LEU,27,-0.1029,-0.0654,-0.1229,-0.2424,-0.1239,-0.1407,-0.2416,-0.1104,-0.1811,-0.1450,-0.1096,,,,-0.1999,-0.2477,-0.0080,-0.0403,-0.0179,-0.3664,,-0.0363,,-0.0038,-0.2654,-0.0684,-0.0824,-0.3534,-0.0038,-0.0143,,-0.0124,-0.0092,-0.0298,-0.0136,-0.0770,-0.0216,,-0.0080,-0.0044,-0.1759,,,-0.0075,-0.4121,-0.2094,-0.0077,,-0.0462,-0.2562,-0.1555,-0.0620,-0.0305,-0.0841,,-0.0077,,,,,,-0.0768,-0.3608,,-0.0281,,-0.0212,,,-0.0126,-0.3756,-0.0218,-0.1086,-0.3188,,-0.0041,,-0.5730,-0.0262,-0.2657,-0.0514,-0.0328,-0.1832,-0.2903,-0.1136,-0.1059,-0.1990,-0.3264,-0.0997,-0.0079,-0.0040,-0.0763,-0.0581,-0.0218,-0.2631,,-0.4160,-0.3323,-0.1219,,-0.1633,-0.1028,-0.1122,,-0.2071,-0.2212
A,ASN,28,-0.0030,,-0.0241,-0.0127,-0.0218,,-0.0186,-0.0241,-0.0086,,-0.0070,,,,-0.0071,-0.0076,,-0.0087,,-0.0077,,,,,-0.0160,,-0.0074,-0.0124,,,,-0.0030,,,,,,,,,-0.0125,,,,-0.0607,-0.0094,,,-0.0041,-0.0050,-0.0222,,-0.0138,,,,,,,,,,-0.0842,,,,,,,,-0.0916,,,-0.0517,,,,-0.1204,,-0.0161,,,-0.0047,-0.0404,,-0.0238,-0.0208,-0.0349,,,,-0.0232,,-0.0072,-0.0044,,-0.0337,-0.0429,-0.0311,,-0.0033,-0.0089,-0.0160,,,-0.0042
A,CYS,38,,,,,,,,,,,,,,,,,,,,,,,,,,,,,,,,,,,,,,,,,,,,,,,,,,,,,,,,,,,,,,,,,,,,,,,,,,,,,,,,,,,,,,,,,,,,,,,,,-0.0111,,,,,,,,,
A,PRO,39,,,-0.0296,-0.0268,-0.0211,,-0.0374,-0.0258,-0.0240,,-0.0073,,,,-0.0098,,-0.0070,,-0.0286,-0.0473,,-0.0079,,,-0.0441,-0.0039,-0.0114,-0.0542,-0.0034,-0.0045,,,,-0.0216,-0.0167,-0.0079,-0.0065,,,-0.0224,-0.0086,,,,-0.0630,-0.0171,-0.0082,,,-0.0372,-0.0227,-0.0207,-0.0117,-0.0089,,,,,,,,,-0.0572,,,,-0.0069,,,,-0.0546,-0.0202,-0.0449,-0.0351,,,,-0.0845,-0.0369,-0.0516,-0.0325,-0.0240,-0.0216,-0.0428,-0.0143,-0.0109,-0.0491,-0.0719,-0.0093,,-0.0074,-0.0171,-0.0689,-0.0100,-0.0554,,-0.1357,-0.0336,-0.0437,,-0.1321,-0.0784,,,-0.0840,-0.1653
A,ARG,40,,,,,,,,,,,,,,,,,,,-0.0066,-0.0077,,,,,-0.0085,,,,,-0.0040,,,,-0.0067,-0.0033,,,,,-0.0484,,,,,,,-0.0288,,,,,,,,,,,,,,,,,,,,,,,,,-0.0244,,,,,,-0.0119,,-0.0038,-0.0112,,,,,,,-0.0069,,,,,-0.0120,,-0.0529,,-0.0632,,,,-0.0470,-0.0129,,,-0.0427,-0.0788
A,HIS,41,-0.1673,-0.2198,-0.2684,-0.5595,-0.2169,-0.3255,-0.4187,-0.2134,-0.4011,-0.3802,-0.2097,-0.0447,-0.1187,-0.1100,-0.3362,-0.2707,-0.1197,-0.1398,-0.4495,-0.8346,-0.1015,-0.2456,-0.0659,-0.1408,-0.6115,-0.2461,-0.2357,-0.7839,-0.0800,-0.3867,-0.0317,-0.1233,-0.1421,-0.5311,-0.4671,-0.2640,-0.0754,-0.0039,-0.1732,-0.5152,-0.3913,-0.0744,-0.0084,-0.1658,-0.4862,-0.4258,-0.5310,-0.0065,-0.1001,-0.7003,-0.3107,-0.3787,-0.0822,-0.3505,,-0.1441,,,,,-0.0753,-0.1911,-0.2770,-0.0885,-0.1396,-0.0971,-0.2667,-0.0388,-0.0073,-0.1429,-0.2369,-0.5911,-0.4295,-0.2562,-0.0146,-0.1376,,-0.7690,-0.6601,-0.6067,-0.8306,-0.4387,-0.4641,-0.6334,-0.3034,-0.1334,-0.5128,-0.5606,-0.4091,-0.2147,-0.1924,-0.1135,-0.7481,-0.2293,-0.9340,,-0.9044,-0.3237,-0.3962,-0.0695,-0.9682,-0.9749,-0.1358,-0.0533,-0.7621,-0.7926
A,VAL,42,-0.0159,-0.0162,-0.0309,-0.1185,-0.0337,-0.0603,-0.0720,-0.0187,-0.0775,-0.0686,-0.0333,,,,-0.0391,-0.0784,,,-0.0044,-0.2074,,-0.0098,,,-0.1411,,,-0.1502,,-0.0165,,,,-0.0125,-0.0160,,,,,-0.0189,-0.0548,,,,-0.1450,-0.0804,-0.0199,,,-0.1822,-0.0039,-0.0173,,-0.0115,,,,,,,,,-0.0946,,,,-0.0079,,,,-0.0808,-0.0223,-0.0359,-0.1291,,,,-0.1978,-0.0080,-0.1611,-0.0137,-0.0040,-0.1046,-0.2131,-0.0073,-0.0076,-0.0632,-0.1292,-0.0036,,,,-0.0316,,-0.3312,,-0.3985,-0.1411,-0.0039,,-0.1467,-0.0366,,,-0.1775,-0.1562
A,ILE,43,,,,-0.0072,,,-0.0034,,,,,,,,,,,,,-0.0136,,,,,-0.0173,,,,,,,,,,,,,,,,,,,,,,,,,-0.0287,,,,,,,,,,,,,,,,,,,,,,,,,,,,-0.0050,,-0.0077,,,-0.0122,-0.0497,,,,-0.0042,,,,,,,-0.1495,,-0.0717,,,,-0.0347,,,,-0.0348,-0.0126
A,CYS,44,-0.0032,-0.0125,-0.0027,-0.0651,-0.0028,-0.0723,-0.0214,,-0.0442,-0.0720,-0.0042,,,,-0.0164,-0.0629,,,-0.0081,-0.1357,,-0.0151,,,-0.1440,,,-0.0564,,-0.0382,,,-0.0247,-0.0361,-0.0288,,,,,-0.0959,-0.0257,,,,-0.0465,-0.0573,-0.0831,,,-0.1644,-0.0121,-0.0166,,-0.0171,,,,,,,,-0.0080,-0.0247,,-0.0347,,-0.0288,,,-0.0068,-0.0105,-0.0730,-0.0037,-0.0259,,,,-0.0720,-0.0191,-0.0979,-0.0522,,-0.0832,-0.2674,-0.0088,,-0.0121,-0.0524,-0.0082,,,,-0.0321,,-0.4343,,-0.2209,-0.0425,-0.0033,,-0.1634,-0.0614,,,-0.1718,-0.1063
A,THR,45,,-0.0095,,-0.0553,,-0.1403,,,-0.0353,-0.1092,,,,,,-0.0891,,,,-0.1131,,-0.0059,,,-0.1669,,-0.0034,-0.0391,,-0.0108,,,-0.0551,-0.0074,-0.0033,,,,,-0.0416,-0.0262,,,,-0.0360,-0.0591,-0.0298,,,-0.1779,-0.0127,-0.0075,,-0.0248,,,,,,,,-0.0127,-0.0472,,-0.0588,,-0.0112,,,-0.0401,-0.0645,-0.0227,,-0.0333,,,,-0.0120,-0.0034,-0.0427,-0.0072,,-0.0769,-0.4613,-0.0158,-0.0028,,-0.0275,-0.0114,,,,-0.0035,,-0.1801,,-0.1384,-0.0296,-0.0080,,-0.0753,-0.0075,,,-0.1207,-0.0255
A,SER,46,,-0.0069,,-0.0729,,-0.1900,,,-0.0344,-0.1397,,,,,-0.0030,-0.1798,,,,-0.0675,,,,,-0.1453,,-0.0160,-0.0267,,,,,-0.0913,,,,,,,-0.0105,-0.0248,,,-0.0193,-0.0995,-0.0351,-0.0108,,,-0.1044,-0.0743,,,-0.0398,-0.0034,-0.0032,,,-0.0133,,,-0.0235,-0.1426,,-0.1089,,,,-0.0061,-0.0850,-0.1757,-0.0248,,-0.1387,,,,,,-0.0278,,,-0.0687,-0.3495,-0.0253,-0.0518,,-0.0257,-0.0273,,,-0.0214,-0.0032,,-0.1572,-0.0030,-0.1462,-0.0594,-0.0177,,-0.0279,,-0.0170,,-0.1029,
A,GLU,47,,,,,,-0.0037,,,,-0.0031,,,,,,,,,,,,,,,-0.0086,,,,,,,,-0.0035,,,,,,,,,,,,,,,,,-0.0128,,,,,,,,,,,,,-0.0036,,-0.0033,,,,,-0.0030,-0.0086,,,-0.0031,,,,,,,,,,-0.0315,,,,,,,,,,,,,,,,,,,,,,
A,ASP,48,,,,,,,,,,,,,,,,,,,,,,,,,-0.0032,,,,,,,,,,,,,,,-0.0530,,,,,,,-0.0491,,,-0.0110,,,,,,,,,,,,,,,,,-0.0036,,,,-0.0030,-0.0256,,,,,,,,,-0.0083,,,-0.0610,,,,,,,,,,,-0.0785,,,,,,-0.0195,-0.0124,,,-0.0037,
A,MET,49,-0.1133,-0.2190,-0.1137,-0.4345,-0.1214,-0.4469,-0.1959,-0.0862,-0.2650,-0.3914,-0.1004,-0.0082,-0.0771,-0.0758,-0.2021,-0.4337,-0.0959,-0.1232,-0.1698,-0.4512,-0.0778,-0.2588,-0.1098,-0.1222,-0.4303,-0.1828,-0.2388,-0.4538,-0.0616,-0.3861,-0.0573,-0.0876,-0.3142,-0.2515,-0.2184,-0.1706,-0.0495,-0.0561,-0.1762,-0.6049,-0.3854,-0.0636,-0.0607,-0.1650,-0.3592,-0.2882,-0.5980,-0.0210,-0.0636,-0.6121,-0.2661,-0.2582,-0.0778,-0.3428,-0.0419,-0.1299,-0.0438,-0.0767,-0.0790,-0.0254,-0.1063,-0.2029,-0.2899,-0.1065,-0.3368,-0.1371,-0.3576,-0.0798,-0.1492,-0.3198,-0.4019,-0.5617,-0.2774,-0.3186,-0.0535,-0.1990,,-0.4476,-0.3709,-0.3751,-0.4972,-0.2025,-0.5511,-0.7182,-0.1961,-0.2138,-0.3311,-0.4745,-0.3994,-0.3419,-0.1957,-0.1462,-0.3457,-0.1898,-0.6782,-0.0857,-0.4704,-0.2655,-0.2645,-0.1831,-0.7118,-0.5273,-0.1433,-0.0618,-0.5375,-0.4108
A,LEU,50,-0.0125,-0.0277,-0.0204,-0.0414,-0.0361,-0.0065,,-0.0049,,-0.0218,-0.0032,-0.0039,,,,,-0.0035,,-0.0048,,,-0.0329,-0.0379,-0.0045,,,,,-0.0159,-0.0111,-0.0032,,,-0.0035,,,-0.0092,-0.0310,-0.0103,-0.0615,,,-0.0140,,,,-0.0544,-0.0270,,-0.0068,,,-0.0477,,-0.0091,,-0.0129,-0.0171,-0.0203,-0.0349,,,,,,,-0.0038,,,,,-0.0301,,,-0.0071,-0.0111,,-0.0042,-0.0112,,-0.0329,,-0.0112,,,-0.0033,,,-0.0081,-0.0814,-0.0229,-0.0032,,-0.0080,,-0.0072,,,-0.0042,-0.0132,-0.0448,-0.0644,,,,
A,ASN,51,,,,,,,,,,,,,,,,,,,,,,,,,,,,,,,,,,,,,,,,-0.0134,,,,,,,-0.0142,,,,,,,,,,,,,,,,,,,,,,,,,-0.0033,,,,,,,,,,,,,,,,,,,,,,,,,,,,,,-0.0037,,,,
A,PRO,52,,,,,,,,,,,,,,,,,,,,,,,,,,,,,,-0.0041,,,,-0.0034,-0.0033,,,,,-0.0696,,,,,,,-0.0687,,,,,,,,,,,,,,,,,,,,-0.0040,,,,,-0.0419,,,,,,,-0.0267,,-0.0279,,,,,,,,,,,,-0.0170,,-0.0117,,,,,,-0.0120,-0.0415,,,-0.0033,-0.0041
A,TYR,54,,,,,,,,,,,,,,,,,,,-0.0303,-0.0085,,-0.0032,,,-0.0032,,,-0.0199,,-0.0307,,,,-0.0433,-0.0349,,,,,-0.1626,-0.0038,,,,,,-0.1484,,,-0.0079,,-0.0041,,,,,,,,,,,,,,-0.0072,-0.0224,,,,,-0.0913,,,,,,-0.0126,-0.0862,-0.0045,-0.1030,-0.0129,-0.0032,,,,-0.0035,,-0.0113,-0.0032,-0.0037,,-0.0753,-0.0044,-0.0543,,-0.0194,,,,-0.0862,-0.1187,,,-0.0363,-0.0742
A,LEU,57,,,,,,,,,,,,,,,,,,,,,,,,,,,,,,,,,,,,,,,,-0.0034,,,,,,,,,,,,,,,,,,,,,,,,,,,,,,,,,,,,,,,,,,,,,,,,,,,,,,,-0.0046,,,,,,,,,,,
A,CYS,117,,,-0.0029,,,,,-0.0033,,,,,,,,,,-0.0049,,,-0.0029,,,,-0.0048,,-0.0031,,,,,-0.0038,,,,,,,,,,,,,-0.0036,,,,-0.0029,,-0.0043,,-0.0124,,,,,,,,,,-0.0046,,,,,,,,-0.0047,,,,,,,-0.0073,,,,,,-0.0039,,-0.0042,,,,,,-0.0118,,-0.0073,,,,,-0.0273,,,,-0.0040,,,-0.0030
A,TYR,118,-0.0119,-0.0042,-0.0093,-0.0088,-0.0120,-0.0039,-0.0335,-0.0167,-0.0087,,-0.0076,-0.0487,-0.0212,-0.0212,-0.0211,-0.0116,,-0.0581,,-0.0122,-0.0263,,,-0.0078,-0.0589,-0.0107,-0.0201,-0.0037,-0.0197,,-0.0330,-0.0622,,,,-0.0113,,,-0.0033,,-0.0200,-0.0262,,-0.0079,-0.0157,-0.0078,-0.0071,,-0.0248,-0.0216,-0.0318,-0.0082,-0.0729,,,,,,,,,,-0.0235,-0.0158,,,,,,-0.0031,-0.0129,,,,-0.0074,-0.0401,,-0.0642,-0.0114,-0.0119,-0.0121,-0.0213,-0.0112,-0.0312,-0.0109,-0.0324,-0.0198,-0.0037,,,-0.0403,-0.1049,,-0.0828,,,,-0.0647,-0.1159,,,-0.0716,-0.0541,-0.0136,-0.0117,-0.0771
A,ASN,119,,,,,,,-0.0193,,,,,,,,-0.0179,-0.0430,,,,-0.0035,,,,,,,,-0.0156,,,,,,,,,,,,,-0.0111,,,,-0.0179,,,,,,,,,,,,,,,,,,-0.0074,,,,,,,,-0.0042,,,-0.0032,,,,-0.0556,,,,,,,,,,,,,,,,,,,,-0.0067,,,,,-0.0067,,,
A,TYR,126,,,,,,,,,,,,,,,,,,,,,,,,,,,,,,,,,,,,,,,,,,,,,,,,,,,,,,,,,,,,,,,,,,,,,,,,,,,,,,,,,,,,,,,,,,,,,,,,,,-0.0034,,,,,,,,
A,GLY,138,,,,,,,,,,,,,,,,,,,,,,,,,,,,,,,,,,,,,,,,,,,,,,,,,,,,,,,,,,,,,,,,,,,,,,,,,,,,,,,,,,,,,,,,,,,,,,,,,,-0.0356,,,,,-0.0043,,,
A,SER,139,,,,,,,,,,,,-0.0312,,,,-0.0079,,,,-0.0046,-0.0123,,,,-0.0037,,,,-0.0078,,-0.0073,-0.0098,,,,,,,,,,-0.0090,,-0.0032,,,,,,,,,-0.0038,,,,,,,,,,,,,,,,,-0.0109,,,,,-0.0041,-0.0215,,,,,,-0.0039,,,-0.0121,,,,,,,-0.0242,,-0.0278,,-0.0035,,-0.0757,-0.0208,,,-0.0164,,-0.0081,,
A,PHE,140,-0.1857,-0.1781,-0.1495,-0.0897,-0.1581,-0.0956,-0.2737,-0.1897,-0.2324,-0.0831,-0.1743,-0.5303,-0.2085,-0.2121,-0.2086,-0.1712,-0.1797,-0.2068,-0.0565,-0.2501,-0.2546,-0.0968,-0.1338,-0.1763,-0.2674,-0.1133,-0.0893,-0.0257,-0.3242,-0.0271,-0.2471,-0.4043,-0.1005,-0.1049,-0.0938,-0.1311,-0.1106,-0.0793,-0.1007,-0.0570,-0.0261,-0.2383,-0.0079,-0.1872,-0.0998,-0.2403,-0.2345,-0.1286,-0.1297,-0.0913,-0.0943,-0.1719,-0.2948,-0.0169,-0.1045,-0.0705,-0.0465,-0.0431,-0.0567,-0.0081,-0.0611,-0.0869,-0.0546,-0.1355,-0.0748,-0.0909,-0.0948,-0.0384,-0.0600,-0.2468,-0.0077,-0.1967,-0.0641,-0.0385,-0.2490,-0.2813,-0.1294,-0.1007,-0.1544,-0.1615,-0.1655,-0.2726,-0.1170,-0.1507,-0.2708,-0.0453,-0.1287,-0.0082,-0.0034,-0.0257,-0.2002,-0.4319,-0.1645,-0.5077,-0.0087,-0.1841,-0.0210,-0.6764,-0.4441,,,-0.3850,-0.1996,-0.2743,-0.0750,-0.2296
A,LEU,141,-0.2723,-0.2393,-0.2245,-0.2020,-0.2496,-0.1965,-0.4338,-0.2597,-0.3221,-0.1868,-0.2610,-0.5495,-0.2591,-0.2593,-0.3603,-0.3039,-0.2144,-0.2906,-0.0781,-0.3719,-0.2502,-0.1414,-0.1441,-0.2242,-0.4556,-0.2097,-0.2048,-0.1564,-0.3537,-0.0654,-0.3646,-0.4405,-0.1898,-0.1662,-0.1523,-0.2209,-0.1610,-0.1329,-0.1455,-0.0760,-0.1660,-0.2044,-0.0038,-0.2243,-0.3316,-0.3332,-0.3170,-0.2461,-0.2353,-0.2306,-0.2408,-0.3162,-0.3661,-0.1560,-0.1899,-0.1266,-0.1247,-0.0835,-0.1524,-0.0115,-0.0960,-0.2564,-0.2156,-0.1967,-0.1913,-0.1513,-0.1684,-0.0796,-0.1650,-0.3887,-0.1247,-0.4030,-0.2231,-0.1493,-0.2921,-0.2777,-0.2119,-0.2882,-0.2702,-0.3653,-0.3978,-0.4923,-0.2228,-0.2942,-0.2929,-0.1620,-0.2582,-0.1515,-0.1517,-0.1166,-0.3352,-0.5389,-0.3259,-0.3910,-0.1399,-0.2568,-0.1312,-0.5918,-0.4250,,-0.0035,-0.6392,-0.3289,-0.3733,-0.3070,-0.5639
A,ASN,142,-0.7739,-0.6432,-0.5198,-0.6709,-0.6005,-0.7349,-1.2177,-0.6356,-0.9867,-0.6551,-0.6164,-0.6401,-0.5016,-0.4986,-0.9884,-1.1516,-0.4867,-0.5538,-0.3123,-1.1020,-0.5418,-0.5159,-0.3890,-0.5775,-1.0651,-0.6761,-0.8272,-0.9603,-0.6565,-0.2874,-0.5865,-0.7658,-0.6060,-0.6715,-0.4687,-0.6812,-0.4960,-0.3059,-0.4420,-0.2221,-1.0318,-0.4288,-0.1303,-0.5913,-1.0242,-1.0538,-0.6454,-0.3809,-0.6071,-0.8589,-0.9736,-0.8530,-0.7056,-0.6982,-0.4204,-0.4982,-0.2890,-0.2981,-0.4468,-0.0946,-0.3190,-1.1145,-1.1476,-0.4625,-1.0603,-0.4541,-0.4266,-0.3758,-0.4362,-1.2531,-0.8389,-1.1346,-0.8685,-0.8753,-0.5402,-0.3980,-0.3826,-0.9690,-0.6314,-1.1886,-1.0343,-0.9181,-0.9480,-0.9357,-0.7120,-0.9477,-0.9360,-0.9176,-0.8553,-0.6294,-0.5688,-0.8781,-0.8680,-0.5745,-0.7671,-0.5449,-0.9288,-1.4129,-0.6889,-0.0371,-0.0965,-0.9700,-1.3844,-0.5672,-1.1887,-1.2835
A,GLY,143,-0.2295,-0.1443,-0.1994,-0.2782,-0.1991,-0.3232,-0.4992,-0.2130,-0.3487,-0.2563,-0.1807,-0.1120,-0.0936,-0.0930,-0.3923,-0.3635,-0.0839,-0.2142,-0.0419,-0.4318,-0.1113,-0.0989,-0.0583,-0.1116,-0.4269,-0.1915,-0.2524,-0.4118,-0.1109,-0.0411,-0.0745,-0.1729,-0.1042,-0.0822,-0.0379,-0.1861,-0.0894,-0.0141,-0.0815,-0.0094,-0.3415,-0.0941,,-0.1270,-0.3573,-0.3710,-0.0834,-0.0037,-0.1445,-0.2566,-0.3678,-0.1864,-0.1784,-0.1680,-0.0130,-0.0760,-0.0034,,,,-0.0185,-0.2551,-0.5100,-0.0764,-0.1550,-0.0073,-0.0654,-0.0357,,-0.1490,-0.4015,-0.0971,-0.1830,-0.1884,-0.0458,-0.1008,-0.0188,-0.5767,-0.0830,-0.3440,-0.1434,-0.1559,-0.2806,-0.4511,-0.2404,-0.2412,-0.3978,-0.3207,-0.1950,-0.0920,-0.1191,-0.3604,-0.1526,-0.1809,-0.1717,-0.0265,-0.2520,-0.3017,-0.3149,,-0.0555,-0.2528,-0.3360,-0.0554,-0.2573,-0.3169
A,SER,144,-0.2002,-0.1457,-0.2130,-0.2226,-0.2168,-0.1734,-0.3445,-0.2330,-0.2747,-0.1786,-0.1905,-0.2262,-0.1372,-0.1332,-0.2743,-0.1360,-0.1570,-0.2995,-0.0553,-0.3194,-0.1604,-0.1093,-0.0906,-0.1581,-0.3950,-0.1816,-0.2002,-0.1881,-0.1837,-0.0269,-0.1270,-0.2842,-0.0519,-0.0817,-0.0367,-0.1875,-0.1282,-0.0074,-0.1068,-0.0155,-0.1722,-0.1545,,-0.1553,-0.2300,-0.2900,-0.1250,-0.0044,-0.1516,-0.2297,-0.2499,-0.1755,-0.4240,-0.0899,-0.0086,-0.0879,,,,,-0.0124,-0.1151,-0.2204,-0.1112,-0.0534,-0.0078,-0.0602,-0.0297,,-0.1133,-0.1573,-0.0482,-0.1728,-0.0996,-0.0849,-0.1872,-0.0297,-0.3360,-0.1158,-0.2441,-0.1316,-0.2068,-0.2337,-0.3317,-0.2613,-0.1555,-0.2654,-0.1459,-0.1234,-0.0742,-0.1788,-0.4620,-0.1706,-0.4092,-0.0545,-0.0228,-0.0855,-0.3031,-0.5361,,-0.0167,-0.2975,-0.2659,-0.0569,-0.0961,-0.3183
A,CYS,145,-0.2291,-0.1981,-0.3795,-0.4403,-0.3031,-0.3369,-0.5118,-0.3991,-0.4497,-0.2991,-0.1954,-0.1728,-0.1537,-0.1496,-0.3496,-0.2153,-0.2173,-0.3500,-0.1798,-0.5418,-0.2119,-0.1487,-0.0939,-0.2415,-0.5445,-0.2872,-0.3352,-0.4417,-0.1747,-0.1425,-0.1115,-0.2820,-0.1019,-0.1835,-0.1108,-0.3130,-0.1178,-0.0222,-0.1544,-0.0785,-0.3194,-0.1914,-0.0052,-0.2435,-0.3957,-0.4530,-0.1777,-0.0130,-0.2285,-0.3882,-0.4300,-0.2603,-0.3679,-0.2084,,-0.1627,,,,,-0.0472,-0.1740,-0.4632,-0.1197,-0.0929,-0.0402,-0.1432,-0.0402,-0.0044,-0.1182,-0.3307,-0.1342,-0.3443,-0.1888,-0.0456,-0.2273,-0.0051,-0.6758,-0.2732,-0.4224,-0.2685,-0.3080,-0.3154,-0.5188,-0.3680,-0.2724,-0.4786,-0.3106,-0.2504,-0.1654,-0.1957,-0.4573,-0.3498,-0.4189,-0.2660,-0.0124,-0.2740,-0.3414,-0.6499,-0.0220,-0.2293,-0.4611,-0.2313,-0.0610,-0.2506,-0.5199
A,GLY,146,-0.0041,-0.0043,-0.0190,-0.0124,-0.0167,-0.0039,-0.0211,-0.0220,-0.0051,,-0.0075,-0.0081,,,-0.0105,,,-0.0222,,-0.0037,-0.0116,,,-0.0074,-0.0255,-0.0041,-0.0128,-0.0047,-0.0079,,,-0.0172,,,,-0.0081,-0.0038,,,,-0.0044,-0.0121,,-0.0077,-0.0268,-0.0091,,,-0.0116,-0.0088,-0.0190,-0.0037,-0.0314,,,-0.0034,,,,,,,-0.0324,-0.0032,,,,,,,-0.0356,,-0.0146,-0.0170,,-0.0037,,-0.0439,,-0.0092,,-0.0046,-0.0078,-0.0314,-0.0123,-0.0174,-0.0178,-0.0194,-0.0046,,,-0.0274,-0.0086,-0.0188,,,-0.0211,-0.0133,-0.0629,,-0.0042,-0.0226,-0.0035,,-0.0078,-0.0305
A,SER,147,,,,,,,,,,,,,,,,,,-0.0122,,,-0.0075,,,,-0.0112,,,,,,,-0.0081,,,,,,,,,,-0.0069,,,,,,,,,-0.0061,,-0.0447,,,,,,,,,,-0.0077,,,,,,,,-0.0074,,,,,,,,,,,,,-0.0070,,,,,,,,-0.0152,,-0.0109,,,,,-0.0598,,,,,,,
A,TYR,161,,,,,,,-0.0036,,-0.0031,,,-0.0035,,,-0.0028,,,,,,-0.0031,,,-0.0038,,,,,,,,,,,,,,,,,,-0.0042,,-0.0032,,-0.0034,,,,,,,-0.0036,,,,,,,,,,,,,,,,,,,,,,,,,,,,,,,,,,,,,,,-0.0043,,-0.0038,,,,-0.0038,-0.0032,,,,,,,
A,MET,162,,,,,,,,,,,,,,,,,,,,,,,,,,,,,,,,,,,,,,,,,,,,,,,,,,,,,-0.0035,,,,,,,,,,,,,,,,,,,,,,,,,,,,,,,,,,,,,,,,,,,,,,,,,,,,,
A,HIS,163,-0.1717,-0.1723,-0.2242,-0.1971,-0.2040,-0.1692,-0.3482,-0.2452,-0.3195,-0.1857,-0.1778,-0.4343,-0.2482,-0.2432,-0.2911,-0.0798,-0.2326,-0.2903,-0.1626,-0.3202,-0.3361,-0.1065,-0.1854,-0.3293,-0.3122,-0.2171,-0.1965,-0.1440,-0.2965,-0.0948,-0.1948,-0.5018,-0.0899,-0.1607,-0.1288,-0.2528,-0.1221,-0.0576,-0.1812,-0.0769,-0.1226,-0.3453,-0.0132,-0.3335,-0.0922,-0.3223,-0.2804,-0.0486,-0.1490,-0.2120,-0.1633,-0.1954,-0.3414,-0.1175,-0.0265,-0.1572,-0.0083,,,,-0.0826,-0.1003,-0.0903,-0.1488,-0.0502,-0.0531,-0.1518,-0.0487,-0.0038,-0.1070,-0.0415,-0.0656,-0.1417,-0.0219,-0.1335,-0.2852,-0.0401,-0.2300,-0.2572,-0.1605,-0.1721,-0.3112,-0.1607,-0.2953,-0.3183,-0.0810,-0.2421,-0.0312,-0.1650,-0.0847,-0.2819,-0.4210,-0.2646,-0.5803,-0.0711,-0.0670,-0.0067,-0.3493,-0.7481,-0.0317,-0.0510,-0.3510,-0.1242,-0.0960,-0.0114,-0.2548
A,HIS,164,-0.1731,-0.1964,-0.2310,-0.2324,-0.1983,-0.2458,-0.3240,-0.2001,-0.2224,-0.2727,-0.1908,-0.2125,-0.1945,-0.1874,-0.2195,-0.0975,-0.2833,-0.1816,-0.3752,-0.3630,-0.1509,-0.1461,-0.1502,-0.3066,-0.2586,-0.2608,-0.2023,-0.3074,-0.2184,-0.2319,-0.1622,-0.2590,-0.1080,-0.3090,-0.3119,-0.2862,-0.0913,-0.0775,-0.2366,-0.2632,-0.2879,-0.2069,-0.0554,-0.2744,-0.1419,-0.2352,-0.4327,-0.0467,-0.1148,-0.3125,-0.1619,-0.2382,-0.1633,-0.2465,-0.0075,-0.2361,-0.0206,-0.0213,,,-0.1027,-0.1346,-0.1082,-0.1095,-0.0771,-0.1160,-0.2329,-0.0655,-0.0594,-0.1023,-0.0640,-0.2372,-0.2379,-0.0593,-0.1084,-0.2627,-0.0098,-0.2960,-0.5063,-0.2316,-0.4814,-0.3620,-0.2655,-0.2857,-0.3385,-0.0777,-0.3220,-0.1455,-0.3921,-0.2273,-0.3148,-0.2164,-0.5387,-0.4666,-0.2619,-0.0562,-0.1042,-0.2267,-0.5512,-0.1018,-0.3650,-0.6250,-0.1175,-0.0560,-0.1324,-0.4339
A,MET,165,-0.6867,-0.7041,-0.7125,-0.5348,-0.6047,-0.5553,-0.5091,-0.6028,-0.5650,-0.5509,-0.5392,-0.4482,-0.6368,-0.6411,-0.5166,-0.2075,-0.6298,-0.5276,-0.5883,-0.4579,-0.4434,-0.4366,-0.5324,-0.6368,-0.4758,-0.6510,-0.4801,-0.4591,-0.4937,-0.6630,-0.5775,-0.5211,-0.4466,-0.4192,-0.4830,-0.6729,-0.3198,-0.5034,-0.6785,-0.6760,-0.5959,-0.4387,-0.4483,-0.5903,-0.2237,-0.5173,-0.7654,-0.4034,-0.2785,-0.8055,-0.2349,-0.3818,-0.3969,-0.6695,-0.1816,-0.4243,-0.2122,-0.2105,-0.1299,-0.1542,-0.3687,-0.3370,-0.2267,-0.2153,-0.1881,-0.4671,-0.7018,-0.2502,-0.4355,-0.2420,-0.0166,-0.3563,-0.5873,-0.1921,-0.6563,-0.6539,-0.0860,-0.5002,-0.8326,-0.3777,-0.7243,-0.6493,-0.8789,-0.5201,-0.6627,-0.0756,-0.6279,-0.2306,-0.7289,-0.7050,-1.0122,-0.5139,-0.6523,-1.0491,-0.6330,-0.4697,-0.1024,-0.5415,-1.0752,-0.4964,-0.8199,-0.8068,-0.3263,-0.2365,-0.1027,-0.4545
A,GLU,166,-1.3566,-1.3115,-1.2163,-0.6209,-1.0281,-0.6944,-0.9572,-1.2538,-0.9951,-0.6508,-1.3396,-1.3840,-1.5775,-1.5727,-1.0255,-0.7103,-1.3099,-1.3725,-1.0837,-0.8160,-1.2521,-0.9031,-0.9063,-0.9389,-1.0180,-1.1761,-1.1455,-0.6154,-1.2136,-0.9662,-1.6044,-1.2482,-1.2639,-1.2145,-1.2620,-1.2629,-0.9912,-1.1578,-0.9797,-0.9866,-0.9354,-1.0379,-1.3114,-0.9354,-0.5454,-0.8893,-1.0306,-1.4605,-1.1796,-0.7658,-0.6019,-0.8919,-0.7974,-1.0609,-0.9946,-1.2106,-0.8335,-0.9685,-0.6742,-0.9584,-1.0213,-0.8774,-0.6006,-0.8737,-0.5943,-1.1935,-1.3150,-1.1341,-1.1447,-1.0910,-0.2654,-0.6747,-0.9785,-0.6485,-1.6906,-1.0500,-0.7745,-0.6365,-1.1594,-0.6292,-0.8390,-1.0432,-0.9030,-0.6288,-1.5773,-0.3647,-1.1851,-0.4503,-0.8192,-0.7167,-1.3211,-1.0105,-1.2539,-1.3760,-0.6058,-1.4770,-0.2952,-1.2080,-1.0917,-1.3164,-0.8032,-0.7968,-1.0473,-1.3946,-0.3786,-0.8382
A,LEU,167,-0.5061,-0.4859,-0.4851,-0.1756,-0.4173,-0.2361,-0.1013,-0.4437,-0.2365,-0.2439,-0.4508,-0.4159,-0.4853,-0.4831,-0.1698,-0.0648,-0.4643,-0.4836,-0.3775,-0.0769,-0.3575,-0.3824,-0.3263,-0.2562,-0.1444,-0.3112,-0.4284,-0.1718,-0.3740,-0.4695,-0.4784,-0.1690,-0.4711,-0.2281,-0.3732,-0.3200,-0.3778,-0.5003,-0.4534,-0.3266,-0.1994,-0.3461,-0.5453,-0.1692,-0.0607,-0.1561,-0.2108,-0.4669,-0.3150,-0.2277,-0.0679,-0.1003,-0.2337,-0.3092,-0.2891,-0.3083,-0.4192,-0.3892,-0.2878,-0.4133,-0.3133,-0.1676,-0.1068,-0.1452,-0.1321,-0.2853,-0.4596,-0.2987,-0.4259,-0.1571,-0.0323,-0.0456,-0.3890,-0.1784,-0.5660,-0.4041,-0.2127,-0.1640,-0.2734,-0.0761,-0.0610,-0.2059,-0.3013,-0.1301,-0.4478,-0.0608,-0.2704,-0.1434,-0.3256,-0.3214,-0.5691,-0.1630,-0.1765,-0.3260,-0.1690,-0.5547,-0.0831,-0.1613,-0.3238,-0.8389,-0.4438,-0.0556,-0.3382,-0.5039,-0.0687,-0.0776
A,PRO,168,-0.5438,-0.5275,-0.5586,-0.1579,-0.3883,-0.1472,-0.0271,-0.5142,-0.2861,-0.1872,-0.5871,-0.5065,-0.5829,-0.6254,-0.1226,-0.0042,-0.6604,-0.5437,-0.4727,-0.0034,-0.5675,-0.4229,-0.5309,-0.4737,-0.0685,-0.3747,-0.5981,-0.1495,-0.3724,-0.6329,-0.7024,-0.1658,-0.6456,-0.3797,-0.5877,-0.3207,-0.6406,-0.7308,-0.5553,-0.3213,-0.1896,-0.6960,-0.6833,-0.2643,-0.0310,-0.1276,-0.0439,-0.5562,-0.5301,-0.1145,-0.0748,-0.1887,-0.2716,-0.3386,-0.5779,-0.4984,-0.6932,-0.4634,-0.4542,-0.7553,-0.6282,-0.1113,-0.1088,-0.2965,-0.1941,-0.2462,-0.5934,-0.6625,-0.4398,-0.1973,-0.0838,-0.0034,-0.5022,-0.1531,-0.6926,-0.5675,-0.5688,-0.1296,-0.2209,,-0.0111,-0.2362,-0.1603,-0.0442,-0.3323,-0.1487,-0.1982,-0.2175,-0.3281,-0.2985,-0.5440,-0.0549,-0.1438,-0.2603,-0.0882,-0.6861,-0.0883,-0.0256,-0.2427,-1.1614,-0.3501,,-0.2433,-0.6833,-0.0713,-0.0706
A,THR,169,-0.0319,-0.0344,-0.0312,,-0.0175,,,-0.0328,-0.0243,,-0.0529,-0.0378,-0.0805,-0.0846,-0.0042,,-0.0565,-0.1405,-0.0170,,-0.1140,-0.0136,-0.0200,-0.0222,,-0.0396,-0.1558,-0.0042,-0.0188,-0.0351,-0.0493,-0.0043,-0.0920,-0.0887,-0.1362,-0.0370,-0.0226,-0.0330,-0.0459,-0.0035,-0.0084,-0.1038,-0.1809,-0.0222,,-0.0036,,-0.0297,-0.1592,,,-0.0046,-0.0034,-0.0439,-0.0436,-0.1691,-0.0256,-0.0444,-0.0158,-0.1691,-0.0603,-0.0046,-0.0037,-0.0514,,-0.0846,-0.0921,-0.2131,-0.0255,-0.0572,-0.0031,,-0.0402,-0.0222,-0.0458,-0.0349,-0.0309,-0.0073,-0.0827,,,-0.0718,,,-0.0446,-0.0163,-0.0145,-0.0171,-0.0215,-0.0092,-0.0381,,-0.0117,-0.0046,,-0.0519,-0.0041,,-0.0396,-0.4761,-0.0324,,-0.1372,-0.5619,-0.0125,-0.0076
A,GLY,170,-0.0564,-0.0587,-0.0327,,-0.0042,,-0.0175,-0.0533,-0.0332,-0.0035,-0.0898,-0.0754,-0.1085,-0.1096,-0.0192,-0.0195,-0.0773,-0.1437,,-0.0156,-0.1408,-0.0034,,,-0.0320,-0.0632,-0.1583,-0.0031,-0.0707,-0.0047,-0.0835,-0.0529,-0.1005,-0.1087,-0.1465,-0.0676,-0.0284,-0.0347,-0.0408,-0.0097,-0.0437,-0.0770,-0.1863,-0.0236,-0.0289,-0.0287,-0.0161,-0.0880,-0.1898,,-0.0200,-0.0317,,-0.0559,-0.0609,-0.1870,-0.0355,-0.0826,-0.0330,-0.1671,-0.0740,-0.0390,-0.0259,-0.0425,-0.0100,-0.1306,-0.0840,-0.1847,-0.0523,-0.1172,-0.0030,-0.0315,-0.0309,-0.0417,-0.0945,-0.0191,-0.0347,-0.0509,-0.0950,-0.0173,-0.0351,-0.1015,,,-0.0992,-0.0097,-0.0652,-0.0037,-0.0125,,-0.0237,-0.0348,-0.0745,-0.0140,,-0.0738,-0.0271,-0.1005,-0.0431,-0.2565,-0.0454,-0.0234,-0.2673,-0.4366,-0.0571,-0.0538
A,VAL,171,-0.0432,-0.0356,-0.0310,-0.0045,-0.0119,-0.0118,-0.0162,-0.0342,-0.0334,-0.0108,-0.0433,-0.0494,-0.0554,-0.0592,-0.0279,-0.0083,-0.0332,-0.0711,-0.0090,-0.0225,-0.0338,-0.0078,-0.0166,-0.0119,-0.0262,-0.0370,-0.0965,-0.0079,-0.0296,-0.0077,-0.0548,-0.0294,-0.0473,-0.0296,-0.0578,-0.0393,-0.0201,-0.0244,-0.0168,-0.0157,-0.0133,-0.0077,-0.0576,-0.0155,-0.0037,-0.0281,-0.0074,-0.0361,-0.0255,-0.0169,,-0.0082,-0.0084,-0.0261,-0.0272,-0.0623,,-0.0184,-0.0041,-0.0353,-0.0232,-0.0127,-0.0165,-0.0039,-0.0079,-0.0405,-0.0398,-0.0516,-0.0276,-0.0249,,-0.0097,-0.0250,-0.0217,-0.0601,-0.0133,-0.0066,-0.0192,-0.0474,-0.0074,,-0.0208,-0.0303,-0.0221,-0.0701,,-0.0411,-0.0067,-0.0133,-0.0040,-0.0426,-0.0252,-0.0222,-0.0468,-0.0090,-0.0608,-0.0114,-0.0941,-0.0365,-0.1790,-0.0177,-0.0094,-0.1548,-0.2645,-0.0147,-0.0117
A,HIS,172,-0.1090,-0.1080,-0.0942,-0.0643,-0.0838,-0.0282,-0.1433,-0.1099,-0.1539,-0.0515,-0.1177,-0.2655,-0.1580,-0.1662,-0.1365,-0.0927,-0.1228,-0.0951,-0.0443,-0.1508,-0.1320,-0.0444,-0.0943,-0.1030,-0.1240,-0.0405,-0.0671,-0.0216,-0.1842,-0.0211,-0.1908,-0.2268,-0.0790,-0.0575,-0.0740,-0.0686,-0.0568,-0.0594,-0.0448,-0.0563,-0.0266,-0.1257,-0.0421,-0.1019,-0.0364,-0.1518,-0.1424,-0.0781,-0.0342,-0.0448,-0.0125,-0.0761,-0.1113,-0.0221,-0.0744,-0.0568,-0.0174,-0.0073,-0.0119,,-0.0588,-0.0604,-0.0280,-0.0722,-0.0500,-0.0806,-0.0995,-0.0431,-0.0481,-0.1154,,-0.0895,-0.0102,-0.0279,-0.1797,-0.1217,-0.0607,-0.0632,-0.0944,-0.0645,-0.0377,-0.1137,-0.0853,-0.0996,-0.2184,,-0.1024,,-0.0082,,-0.1337,-0.2278,-0.0816,-0.2498,-0.0247,-0.1665,-0.0165,-0.4141,-0.1851,-0.0831,,-0.1114,-0.2355,-0.2715,-0.0349,-0.0713
A,ALA,173,-0.0106,-0.0106,-0.0147,-0.0129,-0.0067,-0.0117,-0.0224,-0.0109,-0.0321,-0.0123,-0.0106,-0.0244,-0.0115,-0.0115,-0.0171,,-0.0242,-0.0043,-0.0112,-0.0193,-0.0327,,-0.0165,-0.0299,-0.0034,-0.0040,-0.0064,-0.0033,-0.0243,-0.0038,-0.0087,-0.0212,,-0.0068,-0.0043,-0.0042,,-0.0072,-0.0076,-0.0106,-0.0081,-0.0312,-0.0035,-0.0255,,-0.0291,-0.0213,-0.0061,,-0.0226,,,-0.0118,-0.0154,,-0.0046,,,,,-0.0037,-0.0082,,-0.0029,,-0.0067,-0.0120,,,,,,,,-0.0072,-0.0302,,-0.0074,-0.0183,,-0.0125,-0.0127,-0.0378,-0.0153,-0.0198,,-0.0038,,-0.0248,-0.0114,-0.0191,-0.0217,-0.0213,-0.0550,-0.0080,,,-0.0481,-0.0459,-0.0065,-0.0209,-0.0120,,,,
A,PHE,181,,,,,,,,,,,,,,,,,,,-0.0118,-0.0034,,,,,,,,-0.0040,,,,,,-0.0132,-0.0116,,,,,-0.0218,-0.0040,,,,,,-0.0223,,,,,,,,,,,,,,,,,,,-0.0081,,,-0.0037,,,-0.0229,,,,,,,-0.0533,,-0.0571,-0.0039,,,,,,,-0.0176,-0.0129,-0.0034,,-0.0443,,,,,,,,-0.0313,-0.0596,,,,-0.0074
A,PHE,185,,,,,,-0.0115,,,,,,,,,,,,,,,,,,,,,,,,,,,,,,,,,,,,,-0.0202,,,,,,,,,,,,,,,,,,,,,,,,,,-0.0088,,,,,,,,,,,,-0.0035,,-0.0036,,,,,,,-0.0036,,,,,,,,,,,-0.0077,,,,,
A,VAL,186,-0.0114,-0.0115,-0.0122,-0.0028,-0.0080,-0.0476,,-0.0034,,-0.0125,,,,,,,,,-0.0258,-0.0034,,-0.0037,-0.0036,,,-0.0077,,-0.0035,,-0.0153,-0.0043,,,-0.0141,-0.0176,-0.0107,,-0.0215,-0.0172,-0.0702,-0.0087,,-0.0589,,,,-0.0542,,,-0.0261,,,,-0.0120,,,-0.0039,-0.0091,-0.0044,-0.0047,,,,,,-0.0330,-0.0060,,-0.0410,,,-0.0445,-0.0076,,-0.0138,-0.0184,,,-0.0736,,-0.0888,-0.0080,-0.0623,,,,-0.0125,,-0.0318,-0.0603,-0.0457,,-0.0526,-0.0141,-0.0155,-0.0221,,,-0.0091,-0.0197,-0.0985,-0.1185,,,,-0.0075
A,ASP,187,-0.0119,-0.0115,-0.0129,-0.0074,-0.0117,-0.0469,,-0.0071,,-0.0160,,,-0.0078,-0.0073,,,-0.0071,,-0.1048,-0.0394,,-0.0074,,,,-0.0279,,-0.0659,,-0.0842,-0.0075,,,-0.1053,-0.0981,-0.0281,,-0.0192,-0.0318,-0.2592,-0.0446,,-0.0638,,,,-0.2853,,,-0.0820,,-0.0069,,-0.0215,,,-0.0073,-0.0092,,-0.0037,-0.0037,,,,,-0.0810,-0.0695,,-0.0453,,,-0.2758,-0.0148,,-0.0260,-0.0433,,-0.0364,-0.3362,-0.0105,-0.4129,-0.0632,-0.0904,,,,-0.0607,-0.0101,-0.1117,-0.1000,-0.0769,,-0.2751,-0.0600,-0.0676,-0.0078,,,-0.0314,-0.0436,-0.2720,-0.4668,,,-0.0314,-0.1282
A,ARG,188,-0.1393,-0.1432,-0.1466,-0.1036,-0.1447,-0.1481,,-0.0945,-0.0061,-0.1386,-0.0577,-0.0295,-0.0670,-0.0661,,,-0.0562,-0.0492,-0.1597,-0.0274,-0.0227,-0.1289,-0.1268,-0.0739,,-0.0954,-0.0124,-0.0999,-0.0497,-0.2170,-0.0864,,-0.0483,-0.0879,-0.0910,-0.0919,-0.0452,-0.1781,-0.1513,-0.2671,-0.0776,-0.0395,-0.2331,-0.0198,,,-0.2372,-0.0840,-0.0080,-0.1701,,-0.0097,-0.0929,-0.0853,-0.0497,-0.0221,-0.1052,-0.1221,-0.0908,-0.1072,-0.0250,-0.0068,-0.0033,-0.0158,,-0.0989,-0.1109,-0.0076,-0.2178,,,-0.1314,-0.0937,-0.0033,-0.1347,-0.2046,,-0.0543,-0.3233,-0.0420,-0.4530,-0.0565,-0.2241,-0.0341,-0.0443,-0.0041,-0.0852,-0.0561,-0.1979,-0.3434,-0.2551,-0.0109,-0.1714,-0.1641,-0.1401,-0.1697,-0.0034,,-0.1587,-0.1574,-0.4670,-0.4771,,,-0.0160,-0.0685
A,GLN,189,-0.8940,-0.9685,-0.9545,-1.2438,-0.9490,-0.8467,-0.3113,-0.7669,-0.4978,-0.9833,-0.7206,-0.5054,-0.5923,-0.5681,-0.4837,-0.5081,-0.7346,-0.6516,-1.0496,-0.3162,-0.5676,-1.0412,-1.3462,-1.0052,-0.4295,-0.7438,-0.7178,-0.7642,-0.6803,-1.2768,-0.8264,-0.4682,-0.7480,-0.5155,-0.4887,-0.7084,-0.6986,-1.0799,-1.0868,-1.2690,-0.7617,-0.6444,-0.8135,-0.9220,-0.4795,-0.4254,-0.7603,-0.7723,-0.3253,-0.9048,-0.5728,-0.4795,-1.0151,-0.8095,-0.7493,-0.5982,-0.9063,-1.0843,-1.1317,-0.7974,-0.6512,-0.4226,-0.6370,-0.6102,-0.5716,-0.6099,-0.7500,-0.5143,-1.2557,-0.3527,-0.9103,-0.6773,-0.9905,-0.7602,-0.7994,-1.1739,-0.2235,-0.5621,-0.9009,-0.4860,-0.9004,-0.4863,-1.0695,-0.3832,-0.7416,-0.7059,-0.7242,-0.9839,-1.0630,-1.5850,-1.1006,-0.7736,-0.5269,-0.9596,-0.8442,-0.9527,-0.4392,-0.4200,-0.8453,-0.9770,-1.6173,-0.9579,-0.3131,-0.1805,-0.4513,-0.4224
A,THR,190,-0.4331,-0.4545,-0.4539,-0.2054,-0.4303,-0.2155,,-0.2441,-0.0619,-0.3036,-0.1547,-0.2303,-0.0893,-0.0892,,,-0.2180,-0.0469,-0.3260,,-0.0435,-0.4357,-0.4097,-0.1910,,-0.0820,-0.0379,-0.0541,-0.2610,-0.4393,-0.1725,,-0.1387,,-0.0044,-0.0813,-0.3125,-0.4358,-0.2129,-0.1270,-0.0204,-0.0808,-0.3360,-0.0498,,,-0.0212,-0.2726,-0.0294,-0.1007,,,-0.3110,-0.0603,-0.2956,-0.0070,-0.3701,-0.4098,-0.4161,-0.4795,-0.0841,,-0.0075,-0.0254,-0.0322,-0.0612,-0.1089,,-0.4010,,-0.0156,-0.0108,-0.1850,-0.0209,-0.3173,-0.2068,-0.0870,-0.0031,-0.0583,-0.0070,-0.0641,-0.0030,-0.1999,-0.0105,-0.0942,,-0.0249,-0.0949,-0.1971,-0.4880,-0.3249,-0.0236,-0.0132,-0.1579,-0.0741,-0.6139,,,-0.1259,-0.1975,-0.2798,-0.0935,,,,
A,ALA,191,-0.1284,-0.1355,-0.1444,-0.0702,-0.1330,-0.0678,,-0.1127,-0.0346,-0.0782,-0.0919,-0.1909,-0.0174,-0.0176,,,-0.1663,-0.0033,-0.2017,,,-0.1613,-0.3157,-0.1283,,-0.0078,-0.0042,-0.0078,-0.1037,-0.2707,-0.0824,,-0.0747,,,-0.0077,-0.2627,-0.2424,-0.0748,-0.0030,,-0.0075,-0.0829,-0.0080,,,,-0.1343,-0.0030,-0.0205,,,-0.1215,,-0.2073,,-0.2548,-0.1794,-0.2796,-0.2266,-0.0811,,,,-0.0091,,-0.0617,,-0.1165,,,,-0.0858,,-0.2092,-0.0879,-0.1043,,,,,,-0.0545,,-0.0094,,,-0.0398,-0.1120,-0.1696,-0.1848,,,-0.0436,-0.0074,-0.4363,,,-0.0377,-0.0117,-0.0605,-0.0031,,,,
A,GLN,192,-0.2267,-0.2218,-0.2390,-0.0795,-0.1968,-0.1468,,-0.1757,-0.0242,-0.1298,-0.0797,-0.1235,-0.0234,-0.0266,,,-0.1387,-0.0047,-0.2025,,,-0.1889,-0.2089,-0.0655,,-0.0368,-0.0093,-0.0104,-0.1218,-0.2816,-0.0703,,-0.0578,,-0.0030,-0.0335,-0.2062,-0.2923,-0.1110,-0.0348,-0.0037,-0.0034,-0.2011,,,,-0.0090,-0.1437,,-0.0810,,,-0.0955,-0.0275,-0.1058,,-0.1872,-0.2173,-0.2102,-0.2023,-0.0317,,,,,-0.0343,-0.0520,,-0.3570,,,-0.0085,-0.1603,,-0.2337,-0.0930,-0.0721,,-0.0340,,-0.0406,,-0.1955,,-0.0082,,-0.0119,-0.0459,-0.1396,-0.2785,-0.3025,,-0.0221,-0.0772,-0.0419,-0.4635,,,-0.0762,-0.0481,-0.2017,-0.0652,,-0.0031,,
A,ALA,193,-0.0039,-0.0038,-0.0040,,,-0.0030,,,,,,-0.0033,,,,,-0.0067,,,,,,-0.0234,,,,,,,-0.0046,,,,,,,,,,,,,-0.0043,,,,,-0.0040,,,,,,,,,-0.0045,-0.0043,-0.0155,,,,,,,,,,-0.0398,,,,-0.0125,,-0.0043,,,,,,,,,,,,,,,-0.0035,-0.0085,,,,,-0.0718,,,,,,,,,,
A,ALA,194,,,,,,,,,,,,,,,,,,,,,,,,,,,,,,,,,,,,,,,,,,,,,,,,,,,,,,,,,,,,,,,,,,,,,-0.0040,,,,,,,,,,,,,,,,,,,,,,,,,,,-0.0033,,,,,,,,,,

Intra-Ligand Free,,,-0.1161,-0.1977,0.0971,-0.1067,-0.1200,-0.1156,-0.1946,0.1149,-0.1061,-0.1096,-0.1472,-0.1485,-0.1763,-0.1458,-0.1419,-0.1431,-0.1857,-0.1677,-0.0701,-0.1904,-0.1818,-0.1908,-0.1167,-0.1414,-0.1992,-0.1460,-0.1038,-0.0535,-0.1263,0.3872,-0.0911,-0.1981,-0.1050,-0.1093,-0.1242,-0.1175,-0.1151,-0.1984,-0.1866,-0.0345,0.4224,-0.1066,-0.1408,-0.1572,-0.1064,1.1282,0.1033,-0.1856,-0.1237,-0.1532,-0.1896,-0.1118,-0.1376,0.0205,-0.1798,-0.1403,-0.0787,-0.1722,-0.1192,-0.0845,-0.1422,0.5770,0.3232,-0.1975,-0.1456,-0.1360,1.4901,-0.1956,-0.1564,-0.1172,-0.1423,-0.1314,0.2374,0.3289,0.2170,-0.1893,-0.1519,-0.1239,-0.1282,-0.1332,0.0797,-0.1815,0.8627,-0.1903,-0.0432,-0.1500,1.7523,0.2659,3.5435,-0.1859,0.2854,0.2690,0.1855,-0.1096,0.0957,-0.1123,-0.1030,-0.1829,-0.1949,1.7238,1.4998,0.2358,-0.1259,-0.1035,-0.1098,4.6043
Inter-Ligand Free,,,-8.6446,-8.2381,-8.3539,-7.8677,-7.8469,-7.7085,-7.3830,-7.6886,-7.4201,-7.2882,-7.0637,-7.0108,-6.9762,-6.8790,-6.8778,-6.8535,-6.7702,-6.7458,-6.7421,-6.6051,-6.5904,-6.5696,-6.5772,-6.5237,-6.4186,-6.3457,-6.3154,-6.3063,-6.1878,-6.6858,-6.0913,-5.9444,-5.9744,-5.9485,-5.9168,-5.9129,-5.7670,-5.6528,-5.6451,-5.7674,-6.1502,-5.6082,-5.4627,-5.3881,-5.4295,-6.6173,-5.4993,-5.0900,-5.1312,-5.0172,-4.9523,-5.0232,-4.9799,-5.0592,-4.7904,-4.7549,-4.6874,-4.5658,-4.6143,-4.4751,-4.4169,-5.1119,-4.5240,-3.9681,-3.9682,-3.8557,-5.4174,-3.5173,-3.4068,-3.2002,-2.9002,-2.8159,-2.4789,-2.5495,-2.2303,-1.6621,-1.6959,-0.8520,-0.6369,-0.4682,-0.6413,-0.1453,-0.7495,0.3598,0.5910,1.2151,-0.4768,1.7844,-0.5516,3.3616,3.1697,5.0153,5.7856,10.0459,11.5354,12.1786,13.8688,17.8930,18.7109,18.2270,21.0281,26.2851,43.4329,50.5654,51.2698,58.3456
Total Free Energy,,,-8.7607,-8.4358,-8.2568,-7.9744,-7.9669,-7.8241,-7.5775,-7.5736,-7.5262,-7.3978,-7.2109,-7.1593,-7.1525,-7.0248,-7.0197,-6.9966,-6.9559,-6.9135,-6.8122,-6.7955,-6.7722,-6.7604,-6.6939,-6.6651,-6.6178,-6.4917,-6.4191,-6.3597,-6.3140,-6.2987,-6.1824,-6.1425,-6.0794,-6.0579,-6.0410,-6.0304,-5.8821,-5.8512,-5.8317,-5.8020,-5.7278,-5.7147,-5.6035,-5.5453,-5.5358,-5.4890,-5.3961,-5.2756,-5.2549,-5.1704,-5.1420,-5.1350,-5.1174,-5.0387,-4.9703,-4.8953,-4.7661,-4.7380,-4.7334,-4.5596,-4.5591,-4.5349,-4.2009,-4.1656,-4.1138,-3.9917,-3.9274,-3.7129,-3.5632,-3.3174,-3.0425,-2.9473,-2.2415,-2.2206,-2.0133,-1.8514,-1.8478,-0.9759,-0.7650,-0.6014,-0.5616,-0.3268,0.1132,0.1695,0.5478,1.0652,1.2756,2.0503,2.9919,3.1757,3.4551,5.2842,5.9712,9.9364,11.6311,12.0663,13.7658,17.7100,18.5161,19.9508,22.5279,26.5209,43.3069,50.4619,51.1600,62.9500
Normalized Total Free Energy,,,-8.1671,-7.8601,-7.6910,-7.4242,-7.4172,-7.2822,-7.0493,-7.0456,-7.0008,-6.8794,-6.7029,-6.6542,-6.6477,-6.5271,-6.5223,-6.5004,-6.4620,-6.4219,-6.3263,-6.3104,-6.2884,-6.2772,-6.2145,-6.1872,-6.1426,-6.0235,-5.9549,-5.8988,-5.8556,-5.8411,-5.7312,-5.6935,-5.6339,-5.6135,-5.5977,-5.5876,-5.4475,-5.4183,-5.3999,-5.3718,-5.3018,-5.2894,-5.1843,-5.1293,-5.1203,-5.0762,-4.9883,-4.8745,-4.8550,-4.7751,-4.7483,-4.7417,-4.7251,-4.6507,-4.5860,-4.5152,-4.3931,-4.3666,-4.3623,-4.1980,-4.1976,-4.1747,-3.8591,-3.8258,-3.7769,-3.6615,-3.6007,-3.3981,-3.2567,-3.0244,-2.7647,-2.6748,-2.0079,-1.9882,-1.7924,-1.6394,-1.6360,-0.8123,-0.6131,-0.4585,-0.4209,-0.1990,0.2167,0.2699,0.6273,1.1160,1.3148,2.0468,2.9364,3.1101,3.3740,5.1021,5.7511,9.4973,11.0985,11.5096,13.1152,16.8416,17.6031,18.9586,21.3934,25.1658,41.0248,47.7845,48.4441,59.5829
