Chain ID,Residue name,Residue sequence,Conf 1,Conf 2,Conf 3,Conf 4,Conf 5,Conf 6,Conf 7,Conf 8,Conf 9,Conf 10,Conf 11,Conf 12,Conf 13,Conf 14,Conf 15,Conf 16,Conf 17,Conf 18,Conf 19,Conf 20,Conf 21,Conf 22,Conf 23,Conf 24,Conf 25,Conf 26,Conf 27,Conf 28,Conf 29,Conf 30,Conf 31,Conf 32,Conf 33,Conf 34,Conf 35,Conf 36,Conf 37,Conf 38,Conf 39,Conf 40,Conf 41,Conf 42,Conf 43,Conf 44,Conf 45,Conf 46,Conf 47,Conf 48,Conf 49,Conf 50,Conf 51,Conf 52,Conf 53,Conf 54,Conf 55,Conf 56,Conf 57,Conf 58,Conf 59,Conf 60,Conf 61,Conf 62,Conf 63,Conf 64,Conf 65,Conf 66,Conf 67,Conf 68,Conf 69,Conf 70,Conf 71,Conf 72,Conf 73,Conf 74,Conf 75,Conf 76,Conf 77,Conf 78,Conf 79,Conf 80,Conf 81,Conf 82,Conf 83,Conf 84,Conf 85,Conf 86,Conf 87,Conf 88,Conf 89,Conf 90,Conf 91,Conf 92,Conf 93,Conf 94,Conf 95,Conf 96,Conf 97,Conf 98,Conf 99,Conf 100,Conf 101,Conf 102,Conf 103,Conf 104,Conf 105,Conf 106,Conf 107,Conf 108,Conf 109
A,VAL,20,,,,,-0.0131,,-0.0129,,-0.0083,-0.0131,,,-0.0088,,-0.0088,,,-0.0044,,,-0.0082,,,,,,,-0.0096,,,,,,,,-0.0071,,-0.0085,,-0.0079,-0.0112,,,,,,,-0.0083,-0.0038,-0.0090,-0.0097,,,,,,,-0.0074,,,,,,,,,,,,,,,,,,,,,,,,,,,,,,,,,,,,,-0.0128,,,,,,,,,,,,,,
A,CYS,22,,,,,,,,,,,,,,,,,,,,,,,,,,,,,,,,,,,,-0.0038,,,,-0.0036,-0.0084,,,,,,,,,,,,-0.0037,,,,,-0.0032,,,,,,,,,,,,,,,,,,,,,,,,,,,,,,,,,,,,,,,,,,,,,,,,,,,
A,GLY,23,,,,,,,,,,,,,,,,,,,,,,,,,,,,,,,,,,,,,,,,,-0.0037,,,,,,,,,,,,,,,,,,,,,,,,,,,,,,,,,,,,,,,,,,,,,,,,,,,,,,,,,,,,,,,,,,,,
A,THR,24,,,,,-0.0283,,-0.0320,,-0.0263,-0.0281,,,-0.0209,,-0.0215,,,-0.0237,-0.0196,,-0.0117,,,,,,,-0.0224,,,,,,-0.0268,,-0.0901,,-0.0324,,-0.0820,-0.1185,,,-0.0524,,,,-0.0227,-0.0265,-0.0241,-0.0332,-0.0036,-0.0942,,,,,-0.0757,,,,,,,,,-0.0070,,,,,,,,,,,,,,,,,,,,,,,-0.0229,,-0.0042,,,-0.0313,,,,,,,,,,,,,,
A,THR,25,-0.0083,-0.0041,-0.0082,,-0.1540,,-0.1496,,-0.1792,-0.1499,,,-0.1378,,-0.1371,,,-0.1589,-0.1451,,-0.1264,,-0.0037,,,,,-0.1423,-0.0036,-0.0039,,,,-0.1474,,-0.1595,,-0.1671,,-0.1689,-0.1631,,-0.0086,-0.1460,-0.0089,-0.0628,,-0.1562,-0.2004,-0.1417,-0.1565,-0.1029,-0.1626,,-0.0037,,,-0.2348,,,,,-0.0078,,,,-0.0757,,,,-0.0803,,,,,,,,,,,,,,,,,,-0.0090,-0.0962,,-0.1407,-0.0145,,-0.2004,,,,,,,,,,-0.0253,,-0.0181,,-0.0344
A,THR,26,,,,,-0.1562,,-0.1548,,-0.1424,-0.1554,,,-0.1446,,-0.1443,,,-0.1407,-0.1319,,-0.1325,,-0.0034,,,,,-0.1423,-0.0078,,,,,-0.1063,,-0.1789,,-0.1446,,-0.1769,-0.1781,,-0.0177,-0.1238,-0.0036,-0.0686,,-0.1399,-0.1671,-0.1534,-0.1541,-0.1026,-0.1358,,,,,-0.1816,,,,,,,,-0.0069,-0.0973,,,,-0.0847,,,,-0.0033,,,,,,,,,,,,,,,-0.0300,,-0.1246,-0.0232,,-0.1485,,,,,,,,,,-0.0035,,,,-0.0038
A,LEU,27,-0.0255,-0.0220,-0.0255,-0.0044,-0.2056,,-0.2118,,-0.2035,-0.2101,,,-0.1734,,-0.1743,,,-0.1990,-0.1877,-0.0046,-0.1800,,-0.0259,,,,-0.0074,-0.1803,-0.0273,-0.0084,-0.0041,-0.0036,-0.0038,-0.0753,,-0.2270,,-0.1901,,-0.2335,-0.2478,,-0.0595,-0.1249,-0.0271,-0.1314,,-0.1806,-0.2276,-0.1766,-0.1939,-0.1511,-0.0889,,-0.0098,,,-0.2398,,-0.0038,-0.0047,-0.0041,-0.0261,,-0.0042,-0.0167,-0.1241,,,,-0.1266,,,,-0.0036,,,,,,,,,-0.0037,,,,,-0.0099,-0.0085,,-0.1506,-0.0530,,-0.1614,,,,,,,,,,-0.0130,,-0.0139,,-0.0454
A,ASN,28,,,,,-0.0388,,-0.0358,,-0.0315,-0.0471,,,-0.0409,,-0.0408,,,-0.0173,,,-0.0524,,,,,,,-0.0565,,,,,,,,,,-0.0363,,-0.0086,-0.0040,,,,,,,-0.0252,-0.0187,-0.0496,-0.0346,-0.0219,,,,,,,,,,,,,,,-0.0203,,,,-0.0179,,,,,,,,,,,,,,,,,,,,,-0.0178,,,-0.0322,,,,,,,,,,,,,,
A,PRO,39,-0.0426,-0.0355,-0.0393,-0.0164,-0.0575,,-0.0520,,-0.0930,-0.0498,,,-0.0830,,-0.0813,,,-0.0678,-0.0297,-0.0143,-0.1034,,,,,,,-0.0854,,-0.0085,,,,-0.0258,,-0.0036,,-0.0412,,-0.0072,-0.0074,,-0.0075,,-0.0112,-0.0180,,-0.0526,-0.0577,-0.0445,-0.0327,-0.0500,,,-0.0089,,,-0.0179,,,-0.0133,,-0.0182,,,,-0.0089,,,,-0.0336,,,,,,,,,,,,,,,,,,-0.0038,,,-0.0316,,,-0.0635,,,,,,,,,,,,,,-0.0684
A,ARG,40,-0.0246,-0.0239,-0.0316,-0.0310,,,,,,,,,,,,,,,,-0.0037,,,,,,,,,,-0.0080,,,,-0.0204,,,,,,,,,,,,,,,-0.0036,,,,,,,,,,,,-0.0042,,,,,,,,,,,,,,,,,,,,,,,,,,,,,,,,,,-0.0038,,,,,,,,,,,,-0.0222,,-0.0930
A,HIS,41,-0.2851,-0.3041,-0.2850,-0.2843,-0.2915,-0.1146,-0.2976,-0.1049,-0.4760,-0.2990,-0.1106,-0.1177,-0.2951,-0.1602,-0.2935,-0.0770,-0.0204,-0.4856,-0.4514,-0.1908,-0.4734,-0.1324,-0.1432,-0.1378,-0.1379,-0.0970,-0.1138,-0.3054,-0.1412,-0.2522,-0.0770,-0.0688,-0.1172,-0.3760,-0.1482,-0.2523,-0.0504,-0.4234,-0.1296,-0.3477,-0.3952,-0.1383,-0.1979,-0.3005,-0.1644,-0.2997,-0.1143,-0.3867,-0.4294,-0.2845,-0.3157,-0.2704,-0.2622,,-0.1859,-0.0151,-0.0184,-0.3986,-0.0202,-0.0833,-0.2334,-0.1180,-0.1792,-0.0121,-0.1116,-0.0670,-0.1697,,-0.0778,-0.2419,-0.2617,,,-0.0979,-0.0797,-0.0416,,-0.0169,-0.0215,-0.0034,-0.0260,-0.0767,-0.0210,-0.0373,,,,-0.0265,-0.1978,-0.1172,-0.0297,-0.2416,-0.1163,-0.0292,-0.2851,,,-0.0623,-0.0214,,,,-0.0162,-0.0169,-0.1406,,-0.3910,,-0.2806
A,VAL,42,-0.0296,-0.0251,-0.0297,-0.0095,-0.1172,,-0.1021,,-0.1141,-0.1133,,,-0.1319,,-0.1321,,,-0.1049,-0.0840,-0.0075,-0.1183,,,,,,,-0.1449,,-0.0094,,,,-0.0338,,-0.0519,,-0.1537,,-0.1356,-0.1731,,,-0.0726,,-0.0264,,-0.0964,-0.1072,-0.1044,-0.1016,-0.0804,-0.0553,,-0.0041,,,-0.1036,,,-0.0087,,-0.0041,,,,-0.0076,,,,-0.0595,,,,,,,,,,,,,,,,,,-0.0040,,,-0.0478,,,-0.1225,,,,,,,,,,,,-0.0325,,-0.0670
A,ILE,43,,,,,-0.0070,,-0.0036,,,-0.0035,,,-0.0077,,-0.0075,,,,,,-0.0043,,,,,,,-0.0078,,,,,,,,,,,,,,,,,,,,-0.0036,-0.0034,,-0.0037,,,,,,,,,,,,,,,,,,,,,,,,,,,,,,,,,,,,,,,,,,,,-0.0080,,,,,,,,,,,,-0.0120,,-0.0122
A,CYS,44,-0.0814,-0.0778,-0.0816,-0.0570,-0.0130,,-0.0090,,-0.0410,-0.0120,,,-0.0403,,-0.0405,,,-0.0275,-0.0338,-0.0125,-0.0342,,,,,,,-0.0434,,-0.0332,,,,-0.1015,,-0.0275,,-0.0430,,-0.0499,-0.0802,,,-0.0745,,-0.0033,,-0.0123,-0.0871,-0.0133,-0.0129,-0.0204,-0.0847,,-0.0088,,,-0.0806,,,-0.0237,,,,,,,,,-0.0173,-0.0159,,,,,,,,,,,,,,,,,,-0.0087,-0.0405,,,,,-0.0547,,,,,,,,,,-0.0064,,-0.1069,,-0.1469
A,THR,45,-0.0214,-0.0208,-0.0215,-0.0129,,,,,-0.0075,,,,-0.0073,,-0.0111,,,-0.0036,-0.0035,,,,,,,,,-0.0037,,-0.0076,,,,-0.0540,,-0.0467,,-0.0271,,-0.0617,-0.0834,,,-0.0912,,,,,-0.0290,,,,-0.1401,,,,,-0.0312,,,,,,,,,,,,,,,,,,,,,,,,,,,,,,,,-0.1155,,,,,-0.0452,,,,,,,,,,-0.0116,-0.0463,-0.0748,-0.0171,-0.0476
A,SER,46,,,,,,,,,,,,,,,,,,,,,,,,,,,,,,,,,,-0.0555,,-0.0402,,-0.0100,,-0.0468,-0.0560,,,-0.0827,,,,,,,,,-0.1270,,,,,-0.0334,,,,,,,,,,,,,,,,,,,,,,,,,,,,,,,,-0.1405,,-0.0033,,,-0.1702,,,,,,,,,-0.0388,-0.0215,-0.1430,-0.0475,-0.1175,-0.0115
A,GLU,47,,,,,,,,,,,,,,,,,,,,,,,,,,,,,,,,,,,,,,,,,,,,,,,,,,,,,-0.0081,,,,,,,,,,,,,,,,,,,,,,,,,,,,,,,,,,,,,-0.0085,,,,,-0.0079,,,,,,,,,,,-0.0094,,-0.0129,
A,ASP,48,-0.0195,-0.0271,-0.0196,-0.0217,,,,,,,,,,,,,,,,,,,,,,,,,,-0.0165,,,,-0.0193,,,,,,,,,,,,,,,-0.0218,,,,,,,,,,,,,,,,,,,,,,,,,,,,,,,,,,,,,,,,,,,,,,,,,,,,,,,,,,-0.0985,,-0.0542
A,MET,49,-0.2264,-0.2239,-0.2204,-0.2342,-0.0902,-0.1302,-0.0904,-0.1157,-0.3263,-0.0832,-0.1161,-0.1161,-0.1087,-0.1337,-0.1083,-0.1155,-0.0849,-0.3216,-0.3299,-0.2518,-0.3237,-0.1982,-0.1492,-0.2006,-0.1975,-0.1114,-0.0973,-0.0934,-0.1029,-0.2341,-0.0853,-0.0751,-0.0794,-0.2925,-0.1387,-0.1129,-0.0371,-0.2090,-0.1445,-0.1170,-0.1535,-0.1875,-0.1385,-0.1138,-0.1671,-0.2339,-0.1788,-0.2506,-0.2730,-0.1234,-0.1195,-0.1130,-0.1335,-0.0663,-0.1820,-0.0847,-0.0800,-0.2625,-0.0394,-0.0129,-0.2377,-0.0711,-0.1584,-0.1055,-0.0512,-0.0239,-0.0933,-0.0230,-0.0335,-0.2327,-0.1521,,-0.0220,-0.1696,-0.0410,,-0.0088,,-0.0076,-0.0633,-0.0122,-0.0223,-0.0800,-0.0166,-0.0093,-0.0291,-0.0651,-0.0335,-0.2163,-0.1389,-0.0286,-0.1624,-0.1182,-0.0381,-0.2428,-0.0253,,-0.0744,-0.0181,-0.0045,-0.0040,-0.0092,-0.0308,-0.1175,-0.1018,-0.1799,-0.1953,-0.1742,-0.2471
A,LEU,50,-0.0338,-0.0432,-0.0340,-0.0224,,-0.0077,,-0.0037,-0.0102,,-0.0036,-0.0039,,,,-0.0042,-0.0119,-0.0147,-0.0109,-0.0107,-0.0149,-0.0039,,-0.0070,-0.0070,-0.0115,-0.0166,,-0.0036,-0.0423,,-0.0204,-0.0124,-0.0345,,,-0.0037,,,,,-0.0116,,,,,-0.0456,,-0.0401,,,,,-0.0085,-0.0037,,,,,,-0.0232,,,-0.0103,,,,,,-0.0375,,,,-0.0293,,,,,,,,,,,-0.0084,,,,,,,,,,-0.0034,-0.0036,,,,,,,,,,-0.0038,-0.0876,-0.0553,-0.0443
A,ASN,51,,-0.0034,,,,,,,,,,,,,,,,,,,,,,,,,,,,,,,,,,,,,,,,,,,,,,,,,,,,,,,,,,,,,,,,,,,,,,,,,,,,,,,,,,,,,,,,,,,,,,,,,,,,,,,,,-0.0324,,-0.0038
A,PRO,52,-0.0464,-0.0468,-0.0463,-0.0423,,,,,-0.0168,,,,,,,,,-0.0122,,-0.0170,-0.0076,,,,,,,,,-0.0367,,,,-0.0421,,,,,,,,-0.0037,,,,,,,-0.0412,,,,,,,,,-0.0042,,,-0.0197,,,,,,,,,-0.0224,,,,,,,,,,,,,,,,,,,,,,,,,,,,,,,,,,,,,-0.1038,,-0.0667
A,TYR,54,-0.1104,-0.1108,-0.1070,-0.0801,,,,,-0.0787,,,,,,,,,-0.0658,-0.0327,-0.0671,-0.0350,-0.0182,,-0.0187,-0.0187,,,,,-0.0742,,,,-0.1066,,,,,-0.0078,,,-0.0257,,,,,-0.0035,,-0.1054,,,,,,-0.0267,,,-0.0481,,,-0.0665,,-0.0134,,,,,,,-0.0563,,,,-0.0078,,,,,,,,,,,,,,,-0.0100,,,,,,,,,,,,,,,,,,-0.1203,,-0.1211
A,LEU,57,,,,,,,,,,,,,,,,,,,,,,,,,,,,,,,,,,,,,,,,,,,,,,,,,,,,,,,,,,,,,,,,,,,,,,,,,,,,,,,,,,,,,,,,,,,,,,,,,,,,,,,,,,,-0.0039,,
A,CYS,85,,,,,,,,,,,,,,,,,,,,,,,,,,,,,,,,,,,,,,,,,,,,,,,,,,,,,,,,,,,,,,,,,,,,,,,,,,,,,,,,,,,,,,,,,,,,,,,,,,,,,,,,,,,,,-0.0033
A,CYS,117,,,,,-0.0039,,-0.0039,,,-0.0042,,,,,,,,,,,,,,,,,,,,,,,,,,,,,,,,,,,,,,,,,,,,,,,,,,,,,,,,,,,,,,,,,,,,,,,,,,,,,,,,,,,,,,,,,,,,,,,,,,,
A,TYR,118,-0.0073,-0.0186,-0.0075,-0.0256,-0.0684,-0.0211,-0.0637,-0.0262,,-0.0691,-0.0265,-0.0250,-0.0252,-0.0220,-0.0287,-0.0288,-0.0301,,,,-0.0081,,,,,-0.0262,,-0.0379,-0.0204,,-0.0165,-0.0244,,,,-0.0302,-0.0268,,,-0.0350,,,-0.0254,-0.0399,,-0.0079,,,-0.0036,-0.0117,-0.0072,-0.0074,-0.0329,,,,,-0.0042,,-0.0342,,,,,,-0.0440,-0.0189,,,-0.0034,-0.0037,,,,-0.0128,-0.0443,,-0.0264,-0.0355,,,-0.0034,,-0.0497,,,,,,,,,,,,,,-0.0070,,,,,,,,,-0.0158,,-0.0082
A,ASN,119,,,,,,,-0.0034,,,,,,,,,,,,,,,,,,,,,,,,,,,,,-0.0197,,,,,-0.0040,,,,,,,,-0.0102,,,,,,,,,-0.0298,,,,,,,,,,,,,,,,,,,,,,,,,,,,,,,,,,,,,,,,,,,,,,,,,,,
A,SER,139,-0.0127,-0.0161,-0.0128,-0.0170,-0.0358,,-0.0392,-0.0040,,-0.0440,,,-0.0089,,-0.0089,-0.0039,-0.0218,,,,,,,,,-0.0042,,-0.0131,,,,,,,,-0.0042,-0.0129,,,-0.0085,,,,-0.0298,,,,,,,,,,,,,,,,-0.0121,,,,,,,,,,-0.0041,,,,,,-0.0258,,-0.0219,-0.0084,,,-0.0038,,-0.0213,,,,,,,,,,,,,,,,,,,,,,,,,
A,PHE,140,-0.1963,-0.2095,-0.1888,-0.1822,-0.2704,-0.1788,-0.2785,-0.1904,,-0.2789,-0.1897,-0.1850,-0.2055,-0.1658,-0.2015,-0.1811,-0.1938,,,,,,-0.0458,,,-0.1903,-0.0504,-0.2349,-0.1375,-0.0962,-0.1389,-0.1880,-0.0888,,-0.0581,-0.1892,-0.2175,-0.0167,,-0.2117,-0.1126,,-0.1007,-0.2251,-0.0276,-0.0154,-0.0038,,,-0.1210,-0.1193,-0.1306,-0.1848,,-0.0165,,,,-0.0036,-0.2288,-0.0590,-0.0540,-0.0035,,-0.1032,-0.1916,-0.1032,,-0.1031,-0.1470,-0.0239,-0.0776,,,-0.1485,-0.2826,,-0.1960,-0.2124,-0.0182,-0.1148,-0.3035,-0.0067,-0.2252,,-0.0078,,-0.0494,,-0.0828,-0.0732,-0.0084,-0.0087,-0.0171,,,-0.0749,-0.1547,-0.1500,-0.0116,-0.0627,-0.0306,-0.0414,,-0.0417,,-0.1487,-0.0249,-0.0439
A,LEU,141,-0.1586,-0.1546,-0.1618,-0.1545,-0.2400,-0.1256,-0.2381,-0.1227,-0.0744,-0.2360,-0.1225,-0.1241,-0.2459,-0.1180,-0.2489,-0.1224,-0.1448,-0.0681,-0.0678,,-0.0614,,-0.0856,,,-0.1229,-0.0666,-0.2384,-0.1140,-0.1132,-0.1244,-0.1290,-0.0862,-0.0532,-0.0835,-0.2092,-0.1371,-0.1015,-0.0158,-0.1962,-0.1368,,-0.1105,-0.2025,-0.0656,-0.1109,-0.0184,-0.1075,-0.0848,-0.2287,-0.2141,-0.2252,-0.1683,,-0.0254,,,-0.0496,,-0.1501,-0.0821,-0.0594,-0.0293,,-0.1027,-0.1600,-0.2113,,-0.0901,-0.1613,-0.1307,-0.1153,,,-0.1481,-0.2288,,-0.1507,-0.1670,-0.0262,-0.1149,-0.3407,,-0.1735,,-0.0087,,-0.0720,-0.0219,-0.1511,-0.1035,-0.1225,-0.1242,-0.0167,-0.0624,,-0.1134,-0.1288,-0.1653,-0.0071,-0.0770,-0.0387,-0.0586,-0.0351,-0.1895,,-0.1242,-0.0083,-0.1305
A,ASN,142,-0.2617,-0.2540,-0.2555,-0.2660,-0.4228,-0.2108,-0.4343,-0.2134,-0.2763,-0.4413,-0.2077,-0.2079,-0.4414,-0.2029,-0.4464,-0.2105,-0.2324,-0.2971,-0.2801,-0.0073,-0.2631,-0.0075,-0.2023,-0.0069,-0.0069,-0.2153,-0.1668,-0.4479,-0.2140,-0.1969,-0.1958,-0.2201,-0.1797,-0.2415,-0.1862,-0.4115,-0.2412,-0.4408,-0.0494,-0.4883,-0.4936,-0.0068,-0.2510,-0.4536,-0.2273,-0.2852,-0.0628,-0.3877,-0.2422,-0.4257,-0.4329,-0.4738,-0.3822,,-0.1559,,,-0.3439,-0.0302,-0.2736,-0.1690,-0.1950,-0.1593,-0.0032,-0.2542,-0.2261,-0.3249,,-0.2121,-0.2401,-0.4093,-0.1594,,-0.0214,-0.2239,-0.3756,,-0.2664,-0.2414,-0.1058,-0.1874,-0.3996,-0.0535,-0.2987,,-0.1150,-0.0035,-0.1643,-0.1100,-0.4282,-0.1884,-0.4125,-0.2634,-0.0650,-0.3974,,-0.1682,-0.2815,-0.2376,-0.0954,-0.1846,-0.1534,-0.1554,-0.2203,-0.3825,-0.1752,-0.2251,-0.1357,-0.1848
A,GLY,143,-0.0968,-0.1068,-0.0972,-0.0823,-0.1864,-0.0907,-0.1812,-0.0920,-0.1080,-0.1802,-0.0902,-0.0911,-0.1888,-0.0895,-0.1887,-0.0842,-0.0696,-0.1182,-0.1124,,-0.1033,,-0.0709,,,-0.0912,-0.0371,-0.1904,-0.0851,-0.0092,-0.0821,-0.0728,-0.0495,-0.1076,-0.0579,-0.2041,-0.0789,-0.1383,-0.0076,-0.2150,-0.2114,,-0.0856,-0.2232,-0.0700,-0.1014,-0.0043,-0.1231,-0.1010,-0.1391,-0.1464,-0.1391,-0.1868,,-0.0091,,,-0.1392,,-0.0734,-0.0038,-0.0364,-0.0284,,-0.0428,-0.0855,-0.1056,,-0.0418,-0.0190,-0.1084,-0.0099,,,-0.0784,-0.0923,,-0.0577,-0.0682,,-0.0316,-0.1070,,-0.0992,,,,-0.0177,-0.0232,-0.0744,-0.0408,-0.1156,-0.0896,,-0.1236,,-0.0077,-0.0657,-0.0500,,-0.0037,,-0.0086,-0.0359,-0.0757,-0.0043,-0.0967,,-0.1109
A,SER,144,-0.1810,-0.1954,-0.1837,-0.1475,-0.3703,-0.1374,-0.3631,-0.1392,-0.1669,-0.3625,-0.1384,-0.1369,-0.3126,-0.1384,-0.3124,-0.1226,-0.1254,-0.1662,-0.1182,,-0.1515,,-0.1001,,,-0.1387,-0.0603,-0.3239,-0.1488,-0.0098,-0.1239,-0.1316,-0.0837,-0.0501,-0.0874,-0.2712,-0.1285,-0.1562,-0.0037,-0.2724,-0.2142,,-0.1522,-0.2408,-0.0860,-0.1837,-0.0075,-0.1907,-0.1633,-0.2530,-0.2602,-0.2181,-0.1924,,-0.0037,,,-0.0789,,-0.1404,-0.0100,-0.0632,-0.0261,,-0.0907,-0.1369,-0.1959,,-0.0770,-0.0454,-0.1451,-0.0088,,,-0.1204,-0.1369,,-0.1145,-0.1269,,-0.0623,-0.1762,,-0.1374,,,,-0.0165,-0.0110,-0.0175,-0.0550,-0.1580,-0.1035,-0.0032,-0.1203,,-0.0079,-0.1199,-0.0722,,-0.0038,,-0.0084,-0.0035,-0.0153,,-0.1231,,-0.0877
A,CYS,145,-0.2012,-0.2162,-0.1969,-0.1831,-0.3090,-0.1320,-0.2990,-0.1326,-0.2480,-0.2979,-0.1319,-0.1301,-0.2473,-0.1320,-0.2464,-0.1270,-0.0971,-0.2546,-0.2394,-0.0554,-0.1955,-0.0274,-0.1099,-0.0274,-0.0274,-0.1308,-0.0803,-0.2574,-0.1346,-0.0750,-0.1159,-0.1169,-0.0915,-0.1652,-0.1000,-0.2559,-0.1168,-0.2532,-0.0546,-0.2863,-0.2617,-0.0307,-0.1418,-0.2440,-0.1043,-0.1895,-0.0507,-0.2293,-0.2530,-0.2328,-0.2724,-0.1920,-0.1964,,-0.0809,-0.0042,-0.0041,-0.2206,-0.0145,-0.1191,-0.0750,-0.0859,-0.0945,-0.0043,-0.0892,-0.1236,-0.1652,,-0.0756,-0.0931,-0.1683,-0.0100,,-0.0304,-0.1185,-0.1149,,-0.0796,-0.1052,,-0.0576,-0.1130,-0.0083,-0.1233,,,,-0.0428,-0.0748,-0.0554,-0.0580,-0.1620,-0.1144,-0.0185,-0.1726,,-0.0039,-0.0948,-0.0578,,-0.0093,,-0.0188,-0.0134,-0.0773,,-0.1747,,-0.1700
A,GLY,146,,,,,-0.0265,-0.0042,-0.0264,-0.0042,-0.0221,-0.0311,-0.0042,-0.0042,-0.0309,-0.0077,-0.0306,-0.0038,,-0.0172,,,-0.0384,,,,,-0.0041,,-0.0357,-0.0037,,,-0.0037,,,,-0.0042,-0.0041,-0.0209,,-0.0085,-0.0068,,-0.0123,,-0.0035,-0.0077,,-0.0172,-0.0080,-0.0267,-0.0179,-0.0180,-0.0040,,,,,-0.0034,,-0.0080,,,,,,-0.0042,-0.0131,,,,-0.0212,,,,,-0.0042,,,,,,,,-0.0081,,,,,,,,-0.0099,,,-0.0138,,,,,,,,,,,,,,
A,SER,147,,,,,,,,,,-0.0031,,,,,,,,,,,,,,,,,,,,,,,,,,,,,,,,,,,,,,,,,,,,,,,,,,,,,,,,,,,,,,,,,,,,,,,,,,,,,,,,,,,,,,,,,,,,,,,,,,,
A,TYR,161,,,,,-0.0037,,-0.0037,,,-0.0037,,,,,,,,,,,,,,,,,,,,,,,,,,,,,,,,,,,,,,,,,,,,,,,,,,,,,,,,,,,,,,,,,,,,,,,,,,,,,,,,,,,,,,,,,,,,,,,,,,,
A,HIS,163,-0.2891,-0.2951,-0.2951,-0.2410,-0.2768,-0.2019,-0.2865,-0.2027,-0.1350,-0.3008,-0.2048,-0.2016,-0.2519,-0.2102,-0.2409,-0.1915,-0.1691,-0.1345,-0.0874,-0.0475,-0.1333,-0.0165,-0.1573,-0.0153,-0.0160,-0.2025,-0.1562,-0.2806,-0.2151,-0.1087,-0.1810,-0.1977,-0.1763,-0.0207,-0.1465,-0.1979,-0.2028,-0.1642,-0.0757,-0.2364,-0.2079,-0.0158,-0.2539,-0.2139,-0.1278,-0.1485,-0.0923,-0.1264,-0.0767,-0.1629,-0.1973,-0.2288,-0.1668,,-0.1109,,,-0.0276,-0.0319,-0.2280,-0.1142,-0.1571,-0.1323,,-0.1883,-0.1940,-0.1223,,-0.1520,-0.1516,-0.1494,-0.0565,,-0.0305,-0.1520,-0.1889,,-0.1517,-0.1704,,-0.1147,-0.1985,-0.0033,-0.1812,,,,-0.0763,-0.0337,-0.0508,-0.0806,-0.0393,-0.0515,-0.0545,-0.0032,,-0.0289,-0.1499,-0.1030,-0.0082,-0.0280,-0.0073,-0.0470,,-0.0164,,-0.1644,,-0.0474
A,HIS,164,-0.3387,-0.3394,-0.3409,-0.3249,-0.2075,-0.1773,-0.1990,-0.1820,-0.2950,-0.1992,-0.1815,-0.1841,-0.2014,-0.1871,-0.1969,-0.1601,-0.1508,-0.2819,-0.2542,-0.2148,-0.2930,-0.1334,-0.1689,-0.1379,-0.1342,-0.1777,-0.1503,-0.2041,-0.1848,-0.2633,-0.1566,-0.1533,-0.1566,-0.2216,-0.1597,-0.1478,-0.1574,-0.2076,-0.1333,-0.1802,-0.1652,-0.1384,-0.2061,-0.1696,-0.1466,-0.2256,-0.1184,-0.2051,-0.2572,-0.1642,-0.1759,-0.1884,-0.1339,-0.0406,-0.1881,-0.0607,-0.0532,-0.1749,-0.0680,-0.1636,-0.2491,-0.1392,-0.1595,-0.0452,-0.1399,-0.1302,-0.1146,-0.0190,-0.1123,-0.2417,-0.1793,-0.0357,-0.0166,-0.1008,-0.1189,-0.1200,-0.0114,-0.0943,-0.1093,-0.0417,-0.0852,-0.1040,-0.0693,-0.1346,,-0.0221,-0.0385,-0.0732,-0.1502,-0.0635,-0.0699,-0.0976,-0.0910,-0.0760,-0.0644,,-0.0205,-0.1157,-0.0692,-0.0175,-0.0229,-0.0251,-0.0628,-0.0085,-0.0555,,-0.2379,,-0.2420
A,MET,165,-0.3768,-0.3743,-0.3721,-0.3650,-0.2283,-0.3847,-0.2289,-0.3860,-0.2489,-0.2295,-0.3875,-0.3812,-0.2743,-0.3903,-0.2720,-0.3795,-0.3850,-0.2502,-0.2627,-0.3732,-0.2806,-0.2655,-0.4379,-0.2685,-0.2696,-0.3670,-0.3163,-0.2689,-0.4074,-0.3949,-0.4414,-0.3725,-0.3249,-0.2223,-0.4007,-0.1717,-0.3744,-0.2507,-0.2768,-0.1888,-0.1659,-0.2643,-0.3991,-0.2081,-0.4501,-0.3377,-0.2646,-0.2715,-0.2494,-0.2700,-0.2200,-0.3137,-0.1736,-0.1816,-0.3459,-0.2368,-0.2354,-0.1930,-0.2350,-0.3030,-0.3764,-0.2605,-0.3905,-0.2002,-0.2664,-0.3868,-0.2637,-0.2250,-0.2674,-0.3547,-0.3817,-0.2699,-0.2448,-0.2462,-0.3319,-0.2039,-0.2242,-0.2525,-0.2747,-0.2620,-0.2489,-0.1899,-0.2541,-0.2483,-0.1457,-0.2720,-0.2686,-0.2423,-0.3996,-0.1957,-0.2704,-0.1283,-0.2565,-0.2200,-0.0152,-0.2006,-0.2407,-0.2506,-0.1967,-0.1280,-0.1241,-0.1441,-0.2136,-0.0892,-0.1112,-0.0557,-0.3656,-0.0713,-0.3096
A,GLU,166,-0.3125,-0.3283,-0.3193,-0.3208,-0.2235,-0.4607,-0.2253,-0.4639,-0.1436,-0.2263,-0.4693,-0.4710,-0.2247,-0.4761,-0.2299,-0.4594,-0.3981,-0.1630,-0.1782,-0.3644,-0.1764,-0.3650,-0.4325,-0.3808,-0.3737,-0.4645,-0.4063,-0.2268,-0.4311,-0.2751,-0.5035,-0.4467,-0.4217,-0.0618,-0.4522,-0.2149,-0.4362,-0.1980,-0.3941,-0.2060,-0.1843,-0.4350,-0.4157,-0.2239,-0.4566,-0.2823,-0.3215,-0.2275,-0.0624,-0.2425,-0.2138,-0.2234,-0.2122,-0.2067,-0.3597,-0.3892,-0.4189,-0.0872,-0.2994,-0.4505,-0.2882,-0.4325,-0.3768,-0.2407,-0.4293,-0.4432,-0.3380,-0.4324,-0.4256,-0.3265,-0.2866,-0.3612,-0.4691,-0.2604,-0.4175,-0.4409,-0.4371,-0.4333,-0.4272,-0.4565,-0.4143,-0.4443,-0.4359,-0.5332,-0.4196,-0.4851,-0.4219,-0.4303,-0.3908,-0.2102,-0.4770,-0.2133,-0.3964,-0.3711,,-0.4277,-0.3811,-0.4066,-0.4455,-0.4345,-0.4014,-0.4033,-0.4088,-0.3505,-0.3406,-0.2496,-0.3298,-0.2564,-0.1369
A,LEU,167,-0.0459,-0.0372,-0.0464,-0.0680,-0.0306,-0.2854,-0.0342,-0.2896,-0.0167,-0.0340,-0.2847,-0.2863,-0.0601,-0.2847,-0.0515,-0.2817,-0.2990,-0.0266,-0.0755,-0.2669,-0.0686,-0.3576,-0.2581,-0.3479,-0.3579,-0.2843,-0.3156,-0.0479,-0.2787,-0.1845,-0.2785,-0.2671,-0.3250,,-0.2903,-0.0250,-0.3000,-0.0959,-0.3482,-0.0340,-0.0219,-0.3282,-0.2450,-0.0298,-0.2626,-0.1863,-0.3336,-0.0956,,-0.0658,-0.0816,-0.1373,-0.0099,-0.3374,-0.2210,-0.4053,-0.3971,-0.0037,-0.4122,-0.2685,-0.2309,-0.2692,-0.2164,-0.3476,-0.2632,-0.2252,-0.0891,-0.3690,-0.2768,-0.2059,-0.1344,-0.3489,-0.3506,-0.3207,-0.2268,-0.1359,-0.3476,-0.2583,-0.2458,-0.3588,-0.2895,-0.0457,-0.3795,-0.0969,-0.3437,-0.3292,-0.3789,-0.2712,-0.2557,-0.0893,-0.2875,-0.0155,-0.1343,-0.3483,,-0.3357,-0.3356,-0.0968,-0.2120,-0.2752,-0.2575,-0.2104,-0.2779,-0.1359,-0.0103,-0.1180,-0.0119,-0.1408,
A,PRO,168,,,,,,-0.1634,,-0.1630,,,-0.1585,-0.1638,,-0.1589,,-0.1698,-0.1909,,-0.0123,-0.1868,-0.0121,-0.2053,-0.1661,-0.1933,-0.2068,-0.1705,-0.2142,,-0.1656,-0.0577,-0.1693,-0.1899,-0.2038,,-0.1763,,-0.1924,-0.0286,-0.2131,,,-0.2309,-0.1550,,-0.1618,-0.0889,-0.2329,-0.0258,,-0.0124,-0.0119,-0.0818,,-0.3445,-0.1929,-0.2613,-0.2570,,-0.3037,-0.2084,-0.1247,-0.2383,-0.1746,-0.3275,-0.2279,-0.1736,-0.0830,-0.3003,-0.1886,-0.0308,-0.1058,-0.2564,-0.3349,-0.2523,-0.1718,-0.0813,-0.3334,-0.2520,-0.2087,-0.3454,-0.2096,-0.0073,-0.3755,-0.0790,-0.3104,-0.3365,-0.3508,-0.2286,-0.1570,-0.0219,-0.2320,-0.0034,-0.1509,-0.2814,,-0.3050,-0.2549,-0.0600,-0.2705,-0.3378,-0.2785,-0.2665,-0.2844,-0.1553,-0.0033,-0.1554,,-0.1770,
A,THR,169,,,,,,,,,,,,,,,,,,,,-0.0460,,-0.0416,-0.0097,-0.0512,-0.0462,,-0.0132,,,,-0.0127,,-0.0098,,-0.0090,,-0.0099,,-0.0359,,,-0.0425,,,-0.0142,,-0.0087,,,,,,,-0.0170,-0.0271,-0.1207,-0.1262,,-0.0436,-0.0100,-0.0034,-0.0852,-0.0658,-0.0339,-0.0718,-0.0358,,-0.1472,-0.1221,,-0.0038,-0.0519,-0.1421,-0.0081,-0.0709,,-0.1830,-0.0116,-0.0757,-0.0084,-0.0822,,-0.0445,,-0.2119,-0.0130,-0.1521,-0.1626,-0.0393,,-0.0189,,-0.0092,-0.0805,,-0.2006,-0.0407,,-0.0700,-0.2027,-0.1858,-0.0762,-0.0875,-0.0184,,-0.0134,,-0.0412,
A,GLY,170,-0.0070,-0.0066,-0.0068,,-0.0167,,-0.0209,,,-0.0210,,,-0.0106,,-0.0104,,-0.0071,,,-0.0497,,-0.0117,,-0.0212,-0.0165,,,-0.0110,,-0.0270,,,-0.0036,,,,-0.0112,,-0.0042,,,-0.0321,,-0.0040,-0.0042,,,,,,,-0.0367,,,-0.0722,-0.0590,-0.0677,,-0.0043,-0.0139,-0.0416,-0.0986,-0.0720,-0.0035,-0.0804,-0.0414,-0.0124,-0.0901,-0.1067,-0.0033,-0.0205,-0.0538,-0.1097,,-0.0751,-0.0397,-0.1655,-0.0225,-0.1055,-0.0478,-0.0721,-0.0239,-0.0829,,-0.1444,-0.0083,-0.1319,-0.1438,-0.0218,-0.0233,-0.0080,,-0.0127,-0.0397,,-0.1285,-0.0282,,-0.1309,-0.1668,-0.1697,-0.1566,-0.0652,-0.0165,,-0.0175,,-0.0676,
A,VAL,171,-0.0179,-0.0179,-0.0175,-0.0196,-0.0276,-0.0082,-0.0277,-0.0121,,-0.0278,-0.0118,-0.0121,-0.0116,-0.0049,-0.0111,-0.0121,-0.0311,,,-0.0371,,-0.0073,-0.0154,-0.0112,-0.0071,-0.0122,-0.0156,-0.0120,-0.0118,-0.0299,-0.0081,-0.0201,-0.0227,,-0.0130,-0.0085,-0.0372,-0.0082,-0.0148,-0.0164,-0.0038,-0.0117,-0.0109,-0.0168,-0.0108,-0.0035,-0.0073,,,-0.0090,-0.0124,-0.0263,-0.0073,,-0.0260,-0.0084,-0.0084,,-0.0166,-0.0426,-0.0308,-0.0498,-0.0525,,-0.0561,-0.0374,-0.0093,-0.0251,-0.0669,-0.0255,-0.0131,-0.0295,-0.0405,-0.0033,-0.0489,-0.0243,-0.0737,-0.0404,-0.0652,-0.0159,-0.0406,-0.0124,-0.0164,-0.0111,-0.1020,-0.0124,-0.0684,-0.0716,-0.0157,-0.0122,-0.0079,,-0.0081,-0.0215,,-0.0330,-0.0168,-0.0069,-0.0356,-0.0798,-0.0680,-0.0240,-0.0152,-0.0035,,-0.0042,,-0.0368,
A,HIS,172,-0.1423,-0.1416,-0.1412,-0.1546,-0.1573,-0.1194,-0.1568,-0.1381,,-0.1673,-0.1247,-0.1291,-0.1244,-0.0885,-0.1240,-0.1297,-0.1745,,,-0.0069,,,-0.0163,,,-0.1399,-0.0360,-0.1318,-0.0535,-0.1011,-0.0625,-0.1285,-0.0663,,-0.0213,-0.1076,-0.1633,-0.0220,-0.0088,-0.1196,-0.0544,,-0.0304,-0.1372,-0.0080,-0.0038,-0.0168,,,-0.0469,-0.0634,-0.0934,-0.0845,,-0.0433,,,,-0.0137,-0.1800,-0.0962,-0.0810,-0.0370,,-0.1134,-0.0952,-0.0350,,-0.0999,-0.1401,-0.0261,-0.0670,-0.0035,-0.0037,-0.0831,-0.1984,-0.0090,-0.1906,-0.1645,-0.0085,-0.0797,-0.1813,-0.0094,-0.1394,-0.0271,-0.0076,-0.0159,-0.0669,,-0.0662,-0.0440,,,-0.0322,,,-0.0471,-0.1111,-0.1208,-0.0255,-0.0731,-0.0384,-0.0330,,,,-0.0671,-0.0330,
A,ALA,173,-0.0361,-0.0403,-0.0365,-0.0390,-0.0270,-0.0205,-0.0266,-0.0205,-0.0155,-0.0268,-0.0205,-0.0238,,-0.0237,,-0.0161,-0.0165,-0.0177,-0.0100,-0.0233,-0.0032,,-0.0153,,,-0.0178,-0.0166,,-0.0106,-0.0138,-0.0077,-0.0187,-0.0275,-0.0080,-0.0151,-0.0174,-0.0182,-0.0032,-0.0101,-0.0147,-0.0146,,-0.0073,-0.0065,-0.0065,-0.0034,-0.0105,,-0.0085,,-0.0073,,-0.0117,-0.0039,-0.0102,,,-0.0071,-0.0033,-0.0386,-0.0130,-0.0149,-0.0064,,-0.0187,,,-0.0089,,-0.0065,,,-0.0084,-0.0032,,-0.0110,,-0.0193,-0.0073,,,-0.0218,,-0.0068,,-0.0042,,,,,,,,-0.0076,,,,-0.0156,,,,,,,,,-0.0081,,
A,PHE,181,-0.0417,-0.0422,-0.0416,-0.0426,,,,,-0.0599,,,,,,,,,-0.0498,-0.0255,-0.0511,-0.0263,-0.0211,,-0.0257,-0.0257,,,,,-0.0301,,,,-0.0383,,,,,,,,-0.0218,,,,,,,-0.0419,,,,,,-0.0038,-0.0037,,-0.0090,,,-0.0406,,-0.0038,,,,,,,-0.0389,,,,-0.0037,,,,,,,,,-0.0039,,,,,,,,,,,,,,,,,,,,,,,,,,-0.0121
A,PHE,185,,,,,,,,,,,,,,,,,,,,,,,-0.0086,,,,,,,,,,,,-0.0080,,,,,,,,,,,,,,,,,,,,,,,,,,,,,,,,,-0.0338,,,,,-0.0301,,,,,,,,,,,,,-0.0211,,,,,,,,,,,,,,,,,,,,,,,
A,VAL,186,-0.0521,-0.0635,-0.0517,-0.0719,,-0.0362,,-0.0357,-0.0846,,-0.0396,-0.0313,,-0.0361,,-0.0295,-0.0169,-0.0763,-0.0640,-0.0939,-0.0688,-0.0726,-0.0444,-0.0780,-0.0782,-0.0298,-0.0067,,-0.0272,-0.0620,-0.0169,-0.0088,-0.0102,-0.0641,-0.0392,,,-0.0080,-0.0276,,,-0.0733,-0.0176,,-0.0121,-0.0282,-0.0349,-0.0181,-0.0563,,,,,-0.0435,-0.0263,-0.0543,-0.0360,-0.0241,-0.0087,,-0.0773,,-0.0084,-0.0391,,,,-0.0668,,-0.0811,,,-0.0584,-0.0483,,,-0.0179,,,-0.0477,,,-0.0483,,,-0.0656,-0.0324,,-0.0228,,,,,-0.0038,,-0.0094,,,,,,,,,,,-0.0364,,-0.0342
A,ASP,187,-0.1948,-0.1983,-0.1985,-0.1677,,-0.0567,,-0.0560,-0.1838,,-0.0561,-0.0433,,-0.0564,,-0.0305,-0.0170,-0.1749,-0.1736,-0.1862,-0.1976,-0.1425,-0.0473,-0.1427,-0.1471,-0.0385,-0.0161,,-0.0338,-0.1862,-0.0128,,-0.0074,-0.1703,-0.0372,,,-0.0306,-0.0821,,,-0.1502,-0.0218,,-0.0075,-0.0649,-0.0772,-0.0519,-0.1782,,,,,-0.0577,-0.1260,-0.0732,-0.0643,-0.1398,-0.0133,,-0.1769,-0.0240,-0.0710,-0.0641,,,,-0.0543,,-0.1615,,,-0.0448,-0.0874,,,-0.0120,,,-0.0638,,,-0.0697,,,-0.0509,-0.0550,,-0.0833,,,,,-0.0081,,-0.0041,,,,,,,,,,,-0.2090,,-0.1927
A,ARG,188,-0.1758,-0.1736,-0.1760,-0.1478,,-0.1649,,-0.1520,-0.1311,,-0.1521,-0.1681,,-0.1723,,-0.1549,-0.1406,-0.1310,-0.1550,-0.2158,-0.1488,-0.1989,-0.1592,-0.1998,-0.2008,-0.1568,-0.1724,,-0.1368,-0.1660,-0.1317,-0.1235,-0.1617,-0.1422,-0.1885,,-0.0789,-0.0677,-0.1880,,,-0.1808,-0.1378,,-0.1703,-0.1457,-0.2341,-0.0898,-0.1282,,-0.0036,,,-0.1717,-0.1414,-0.1326,-0.1316,-0.1188,-0.1071,-0.0247,-0.1641,-0.0528,-0.1147,-0.1594,-0.0119,-0.0195,,-0.1290,-0.0111,-0.1345,-0.0190,-0.0350,-0.1212,-0.2405,-0.0034,,-0.0856,-0.0112,,-0.1229,,,-0.1211,,-0.0787,-0.1263,-0.1186,-0.0164,-0.1913,,-0.0397,,-0.0142,-0.0654,,-0.0934,-0.0509,-0.0232,,,,,-0.0194,-0.0132,,-0.0136,-0.1982,-0.0037,-0.1534
A,GLN,189,-0.3156,-0.3072,-0.3193,-0.3053,-0.0502,-0.2628,-0.0496,-0.2654,-0.2714,-0.0485,-0.2729,-0.2689,-0.1178,-0.2839,-0.1177,-0.2640,-0.2446,-0.2650,-0.2652,-0.4379,-0.2452,-0.4197,-0.4051,-0.4019,-0.4075,-0.2582,-0.4491,-0.0916,-0.3149,-0.3465,-0.3471,-0.2852,-0.4254,-0.3093,-0.3923,-0.0984,-0.3350,-0.2666,-0.4906,-0.1011,-0.1652,-0.3785,-0.3139,-0.1646,-0.4039,-0.2863,-0.3979,-0.2278,-0.2617,-0.1691,-0.1874,-0.2243,-0.1777,-0.3108,-0.3552,-0.2702,-0.2684,-0.2265,-0.4121,-0.3519,-0.3671,-0.2863,-0.3952,-0.3020,-0.2925,-0.3252,-0.2275,-0.2929,-0.2697,-0.2879,-0.3080,-0.4292,-0.2991,-0.3781,-0.2969,-0.0804,-0.2408,-0.3134,-0.1893,-0.2656,-0.3059,-0.0799,-0.2602,-0.2717,-0.2117,-0.3611,-0.2376,-0.2011,-0.4583,-0.2553,-0.4487,-0.2232,-0.3444,-0.3646,-0.1759,-0.2181,-0.4382,-0.3463,-0.1180,-0.1517,-0.0989,-0.1358,-0.2503,-0.3642,-0.1985,-0.3837,-0.3065,-0.2891,-0.3303
A,THR,190,-0.0085,-0.0128,-0.0083,-0.0274,,-0.1542,,-0.1398,-0.0559,,-0.1396,-0.1367,,-0.1384,,-0.1444,-0.1385,-0.0621,-0.0934,-0.1860,-0.0913,-0.3081,-0.1701,-0.3003,-0.3041,-0.1337,-0.1803,,-0.1346,-0.0500,-0.1370,-0.1317,-0.1755,-0.0158,-0.1785,,-0.1285,-0.0222,-0.2272,,,-0.2447,-0.1327,,-0.1557,-0.1125,-0.2426,-0.0507,-0.0136,,,,,-0.3256,-0.0203,-0.2339,-0.2300,-0.0041,-0.2548,-0.0863,-0.0522,-0.0077,-0.0558,-0.3302,-0.0036,-0.0571,,-0.2028,-0.0202,-0.0946,-0.0262,-0.1620,-0.1773,-0.2924,-0.0351,,-0.1471,-0.0557,,-0.1525,-0.0544,,-0.1503,-0.0154,-0.1415,-0.1739,-0.1649,,-0.1728,,-0.1451,,-0.0245,-0.1368,,-0.1510,-0.1622,-0.0575,,,,,-0.0224,-0.0635,,-0.0672,-0.0295,-0.0085,-0.0040
A,ALA,191,,,,,,-0.0888,,-0.0884,,,-0.0881,-0.0846,,-0.0842,,-0.0876,-0.0756,,-0.0037,-0.0337,,-0.1714,-0.1077,-0.1690,-0.1764,-0.0803,-0.1267,,-0.0837,,-0.0887,-0.0757,-0.1220,,-0.1132,,-0.0642,,-0.1341,,,-0.0801,-0.0504,,-0.0924,-0.0261,-0.1403,,,,,,,-0.2269,,-0.1512,-0.1330,,-0.1668,-0.0107,,,-0.0116,-0.2323,,-0.0216,,-0.1671,,,,-0.1184,-0.1444,-0.1493,-0.0036,,-0.1021,-0.0283,,-0.0672,-0.0406,,-0.0498,,-0.1096,-0.1198,-0.0715,,-0.0882,,-0.0957,,,-0.0592,,-0.1047,-0.1122,-0.0034,,,,,,-0.0124,,,,,
A,GLN,192,-0.0135,-0.0139,-0.0132,-0.0222,,-0.1707,,-0.1686,-0.0485,,-0.1700,-0.1645,,-0.1638,,-0.1453,-0.1319,-0.0484,-0.0623,-0.1534,-0.0695,-0.3358,-0.2114,-0.3338,-0.3550,-0.1428,-0.2301,,-0.1782,-0.0355,-0.1687,-0.1258,-0.2272,-0.0139,-0.2297,,-0.1043,-0.0118,-0.2682,,,-0.1979,-0.1166,,-0.1743,-0.0931,-0.3066,-0.0218,-0.0173,,,,,-0.4109,-0.0093,-0.2213,-0.2168,-0.0046,-0.2585,,-0.0367,,-0.0170,-0.3858,,-0.0172,,-0.2782,-0.0034,-0.0659,,-0.1898,-0.2369,-0.3343,,,-0.1751,-0.0078,,-0.1559,-0.0212,,-0.1414,,-0.2107,-0.2044,-0.1673,,-0.1873,,-0.1004,,,-0.0251,,-0.1897,-0.1712,,,,,,,-0.0121,,,-0.0093,,
A,ALA,193,,,,,,,,,,,,,,,,,,,,,,-0.0034,-0.0136,,-0.0034,,,,,,-0.0035,,,,-0.0215,,,,-0.0070,,,,,,-0.0036,,-0.0077,,,,,,,-0.0117,,,,,-0.0082,,,,,-0.0083,,,,-0.0184,,,,-0.0035,-0.0227,-0.0086,,,-0.0045,,,,,,,,,-0.0141,,,-0.0034,,,,,,,-0.0073,-0.0123,,,,,,,,,,,,

Intra-Ligand Free,,,-0.2767,-0.2914,-0.2863,-0.1102,-0.2678,-0.2986,-0.2962,-0.2845,-0.1544,-0.2952,-0.2906,-0.2931,-0.2676,-0.0750,-0.2468,-0.2865,-0.2939,-0.1952,-0.2578,-0.0927,0.1289,-0.2193,-0.2744,-0.1240,-0.1259,-0.1929,-0.2042,-0.1644,-0.2061,0.0822,-0.3023,-0.0292,-0.2754,-0.2864,-0.2537,-0.1995,-0.1934,-0.1871,-0.2428,-0.2937,-0.2866,-0.2702,-0.1601,-0.0940,-0.3028,-0.2671,0.0642,-0.2071,0.0415,-0.1068,-0.2141,-0.2728,-0.2756,-0.1998,-0.2919,-0.0193,-0.0227,-0.1915,-0.2914,-0.2612,0.8655,-0.2695,-0.1369,-0.2410,-0.1706,-0.3012,-0.2691,-0.1662,-0.1373,0.6447,-0.2872,-0.1691,-0.3044,0.4559,-0.2763,-0.2856,-0.2537,-0.2655,-0.1507,-0.2976,-0.0556,-0.3004,-0.2512,-0.3028,-0.0683,-0.2367,0.1413,-0.1194,0.2387,-0.2985,-0.2814,-0.2730,-0.2881,-0.0596,0.2408,-0.1069,-0.2033,0.2780,-0.0397,-0.2916,-0.2594,-0.2323,0.0779,-0.1441,0.2655,0.5008,0.3864,1.0420,0.1449
Inter-Ligand Free,,,-7.3977,-7.3642,-7.0702,-7.1662,-6.6836,-6.5319,-6.5300,-6.5342,-6.6551,-6.4735,-6.4576,-6.4048,-6.4031,-6.5923,-6.3593,-6.2652,-6.2349,-6.2590,-6.1881,-6.3258,-6.4875,-6.1224,-6.0410,-6.1863,-6.1250,-6.0513,-5.9055,-5.9407,-5.8947,-6.1473,-5.7329,-6.0059,-5.6938,-5.6248,-5.6411,-5.6699,-5.6726,-5.6185,-5.5378,-5.4531,-5.3938,-5.3895,-5.4338,-5.4732,-5.2557,-5.2832,-5.6065,-5.3130,-5.5389,-5.3452,-5.2246,-5.1352,-4.9910,-5.0483,-4.9211,-5.1754,-5.1657,-4.9894,-4.8841,-4.8966,-6.0168,-4.8302,-4.8638,-4.7287,-4.7509,-4.5933,-4.6181,-4.7142,-4.6542,-5.4343,-4.3936,-4.4980,-4.3498,-5.0643,-4.2892,-4.2173,-4.2400,-4.2083,-4.2810,-4.1244,-4.3471,-4.1007,-4.0996,-3.9871,-4.2046,-4.0206,-4.3142,-4.0087,-4.3067,-3.6982,-3.7062,-3.6837,-3.5830,-3.6790,-3.9696,-3.6117,-3.3561,-3.7216,-3.3604,-2.8724,-2.8389,-2.5448,-2.8020,-2.4735,-2.4823,-2.5044,-1.7502,7.3431,27.2872
Total Free Energy,,,-7.6744,-7.6556,-7.3565,-7.2765,-6.9513,-6.8305,-6.8262,-6.8187,-6.8095,-6.7687,-6.7482,-6.6979,-6.6707,-6.6673,-6.6061,-6.5517,-6.5288,-6.4541,-6.4459,-6.4185,-6.3587,-6.3417,-6.3154,-6.3103,-6.2510,-6.2442,-6.1096,-6.1050,-6.1008,-6.0652,-6.0352,-6.0351,-5.9693,-5.9112,-5.8948,-5.8694,-5.8660,-5.8056,-5.7805,-5.7468,-5.6804,-5.6597,-5.5940,-5.5672,-5.5586,-5.5503,-5.5424,-5.5201,-5.4974,-5.4520,-5.4387,-5.4080,-5.2665,-5.2482,-5.2130,-5.1947,-5.1884,-5.1809,-5.1756,-5.1579,-5.1513,-5.0998,-5.0007,-4.9697,-4.9215,-4.8945,-4.8872,-4.8804,-4.7915,-4.7896,-4.6809,-4.6670,-4.6542,-4.6084,-4.5655,-4.5029,-4.4938,-4.4737,-4.4318,-4.4220,-4.4027,-4.4011,-4.3508,-4.2899,-4.2729,-4.2573,-4.1729,-4.1281,-4.0680,-3.9967,-3.9875,-3.9568,-3.8711,-3.7386,-3.7288,-3.7186,-3.5594,-3.4437,-3.4002,-3.1640,-3.0983,-2.7771,-2.7241,-2.6175,-2.2168,-2.0036,-1.3637,8.3851,27.4321
Normalized Total Free Energy,,,-6.6233,-6.6064,-6.3387,-6.2670,-5.9759,-5.8677,-5.8639,-5.8571,-5.8489,-5.8124,-5.7940,-5.7490,-5.7246,-5.7216,-5.6668,-5.6181,-5.5976,-5.5308,-5.5234,-5.4988,-5.4453,-5.4301,-5.4065,-5.4019,-5.3489,-5.3428,-5.2223,-5.2182,-5.2144,-5.1825,-5.1556,-5.1556,-5.0966,-5.0447,-5.0300,-5.0072,-5.0042,-4.9501,-4.9276,-4.8974,-4.8380,-4.8195,-4.7606,-4.7366,-4.7289,-4.7215,-4.7144,-4.6945,-4.6742,-4.6335,-4.6216,-4.5941,-4.4675,-4.4510,-4.4196,-4.4032,-4.3975,-4.3908,-4.3860,-4.3702,-4.3643,-4.3181,-4.2295,-4.2017,-4.1586,-4.1344,-4.1278,-4.1217,-4.0422,-4.0404,-3.9431,-3.9307,-3.9192,-3.8782,-3.8398,-3.7838,-3.7756,-3.7577,-3.7201,-3.7114,-3.6941,-3.6926,-3.6476,-3.5931,-3.5779,-3.5639,-3.4883,-3.4483,-3.3944,-3.3305,-3.3223,-3.2948,-3.2181,-3.0995,-3.0907,-3.0816,-2.9391,-2.8354,-2.7965,-2.5850,-2.5262,-2.2386,-2.1912,-2.0958,-1.7370,-1.5461,-0.9732,7.7551,24.8083
