Chain ID,Residue name,Residue sequence,Conf 1,Conf 2,Conf 3,Conf 4,Conf 5,Conf 6,Conf 7,Conf 8,Conf 9,Conf 10,Conf 11,Conf 12,Conf 13,Conf 14,Conf 15,Conf 16,Conf 17,Conf 18,Conf 19,Conf 20,Conf 21,Conf 22,Conf 23,Conf 24,Conf 25,Conf 26,Conf 27,Conf 28,Conf 29,Conf 30,Conf 31,Conf 32,Conf 33,Conf 34,Conf 35,Conf 36,Conf 37,Conf 38,Conf 39,Conf 40,Conf 41,Conf 42,Conf 43,Conf 44,Conf 45,Conf 46,Conf 47,Conf 48,Conf 49,Conf 50,Conf 51,Conf 52,Conf 53,Conf 54,Conf 55,Conf 56,Conf 57,Conf 58,Conf 59,Conf 60,Conf 61,Conf 62,Conf 63,Conf 64,Conf 65,Conf 66,Conf 67,Conf 68,Conf 69,Conf 70,Conf 71,Conf 72,Conf 73,Conf 74,Conf 75,Conf 76,Conf 77,Conf 78,Conf 79,Conf 80,Conf 81,Conf 82,Conf 83,Conf 84,Conf 85,Conf 86,Conf 87,Conf 88,Conf 89,Conf 90,Conf 91,Conf 92,Conf 93,Conf 94
A,GLN,19,,,,,,,,,,,,,,,,,,,,,,,,,,,,,,,,,,,,,,,,,,,,,,,,,,,,,,,,,,,,,,,,,,,,,,,,,,,,,,,,,,,,,,,,,,,,,,
A,VAL,20,,,,,,,,,,,,,,,,,,,,,,,,,,,,,,,,,,,,,,,,,,,,,,,,,,,,,,,,,,,,,,,,,,,,,,,,,,,,,,,,,,,,,,,,,,,,,,
A,CYS,22,,,,,,,,,,,,,,,,,,,,,,,,,,,,,,,,,,,,,,,,,,,,,,,,,,,,,,,,,,,,,,,,,,,,,,,,,,,,,,,,,,,,,,,,,,,,,,
A,GLY,23,,,,,,,,,,,,,,,,,,,,,,,,,,,,,,,,,,,,,,,,,,,,,,,,,,,,,,,,,,,,,,,,,,,,,,,,,,,,,,,,,,,,,,,,,,,,,,
A,THR,24,-0.0003,,,,-0.0003,,,,,-0.0001,,,,,,,,,,,,,,,-0.0002,,,,,,,,,,,,,,,,,,-0.0001,,,,,-0.0250,,,-0.0001,,,,,,,-0.0009,,,,,,,,,,,,,,,,,-0.0002,,,,,,,,,,,,,,,,,,,
A,THR,25,-0.1303,,-0.0908,,-0.0323,-0.0931,-0.0072,-0.0581,-0.0274,-0.0494,,-0.0035,-0.0063,-0.0349,-0.0209,-0.0348,,,,-0.0767,-0.0560,-0.0715,,-0.0355,-0.0599,,,-0.0653,,,-0.0003,-0.0341,,,-0.0725,-0.0345,,,-0.0114,,-0.0704,,-0.0569,-0.0113,-0.0012,,-0.0738,-0.2593,,,-0.0595,-0.0693,-0.0669,,-0.0003,-0.0002,,-0.0562,,,,,,,-0.0380,,-0.0606,,,,-0.1524,-0.0503,-0.0497,,-0.0246,,,,,,,-0.0372,,-0.0327,,-0.0025,-0.0411,,-0.0460,-0.0210,-0.0324,,-0.0059,
A,THR,26,-0.0699,,-0.0093,,-0.0065,-0.0382,-0.0213,-0.0912,-0.0503,-0.2570,,-0.0764,-0.0389,-0.0580,-0.0057,-0.0001,,,,-0.0507,-0.0466,-0.0832,,-0.0002,-0.3060,,,-0.1529,,,-0.0822,-0.0489,,,-0.0571,-0.0083,,,-0.0013,,-0.0033,,-0.2836,-0.0278,-0.0126,,-0.0877,-0.0804,,,-0.2801,-0.0522,-0.2087,,,-0.0374,-0.0082,-0.0001,,,,,-0.0020,,-0.0012,,-0.0282,,,,-0.0344,,-0.0480,,-0.1568,,,-0.0006,,-0.0008,,-0.0854,,-0.0183,,,-0.0632,,-0.0610,-0.0735,-0.1736,,,
A,LEU,27,-0.0698,,-0.1197,,,-0.0062,-0.0119,-0.1325,-0.1323,-0.0890,,-0.0389,-0.0470,-0.1366,-0.0080,-0.0479,,,,-0.0333,-0.1206,-0.0090,,-0.0501,-0.0479,,,-0.1067,,,-0.1193,-0.1147,,,-0.1216,-0.1231,,,-0.0741,,-0.0762,,-0.1039,-0.1053,-0.0823,,-0.0249,,,,-0.0938,-0.1524,-0.1140,,-0.0002,-0.0004,-0.0538,,,,,,-0.0344,,-0.0197,,-0.0437,,,,-0.0368,,-0.0639,,,,,-0.0314,,,,-0.1440,,-0.0002,,-0.0004,-0.0082,,-0.0033,-0.2758,-0.1377,,-0.0091,
A,ASN,28,,,,,,,,,,,,,,,,,,,,,,,,,,,,,,,,,,,,,,,,,,,,,,,,,,,,,,,,,,,,,,,,,,,,,,,,,,,,,,,,,,,,,,,,,,-0.0001,,,,
A,PRO,39,,,,,,,,,,,,,,,,,,,,,,,,,,,,,,,,,,,,,,,,,,,,,,,,,,,,,,,,,,,,,,,,,,,,,,,,,,,,,,,,,,,,,,,,,,,,,,
A,ARG,40,,,,,,,,,,,,,,,,,,,,,,,,,,,,,,,,,,,,,,,,,,,,,,,,,,,,,,,,,,,,,,,,,,,,,,,,,,,,,,,,,,,,,,,,,,,,,,
A,HIS,41,-0.3674,-0.2917,-0.2434,-0.3766,-0.0002,-0.4298,-0.4318,-0.4322,-0.1193,-0.1858,-0.4203,-0.2443,-0.0270,-0.1266,-0.4302,-0.2430,-0.3526,-0.3777,-0.1733,-0.1609,-0.3965,-0.2074,-0.3868,-0.2687,-0.2123,-0.1028,-0.4439,-0.0337,,-0.3991,-0.1464,-0.2139,-0.0581,-0.3908,-0.0740,-0.0873,-0.0479,-0.0958,-0.1336,,-0.1478,-0.1034,-0.1513,-0.1507,-0.3120,-0.1454,-0.0087,-0.0235,,-0.1046,-0.1475,-0.3450,-0.0568,-0.2825,-0.0799,-0.0003,-0.0073,-0.0475,,,,-0.0411,-0.0417,-0.1531,-0.0623,-0.0783,-0.0949,-0.0177,-0.2343,-0.1924,-0.0673,-0.1828,-0.0756,,,-0.0273,-0.2207,-0.0475,-0.4111,-0.0021,-0.0001,-0.0509,-0.2118,-0.0217,,-0.0705,-0.1168,,-0.1076,-0.0440,-0.0251,,-0.4101,
A,VAL,42,,,,,,,,,,,,,,,,,,,,,,,,,,,,,,,,,,,,,,,,,,,,,,,,,,,,-0.0010,,,,,,,,,,,,,,,-0.0001,,,,-0.0001,,,,,,,,,,,,,,,,,,,,,,,
A,ILE,43,,,,,,,,,,,,,,,,,,,,,,,,,,,,,,,,,,,,,,,,,,,,,,,,,,,,,,,,,,,,,,,,,,,,,,,,,,,,,,,,,,,,,,,,,,,,,,
A,CYS,44,,,,,,,,,,,,,,,,,,,,,,,,,,,,,,,,,,,,,,,,,,,,,,,,,,,,,,,,,,,,,,,,,,,,,,,-0.0002,-0.0001,,,,,,,-0.0001,,,,,,,,,,,,,,,
A,THR,45,,,,,,,,,,,,,,,,,,,,,,,,,,,,,,,,,,,,,,,,,,,,,,,,,,,,,,,,,,,,,,,,,,,,,,,,,,,,,,,,,,,,,,,,,,,,,,
A,SER,46,,,,,,,,,,,,,,,,,,,,,,,,,,,,-0.0013,,,,,,,,,,,,,,,,,,,,,,,,,,,,,,,,,,,,,,,,,,,,-0.0001,-0.0270,,,,,,,,,,,,,,,,,,-0.0004,,,
A,GLU,47,,,,,,,,,,,,,,,,,,,,,,,,,,,,,,,,,,,,,,,,,,,,,,,,,,,,,,,,,,,,,,,,,,,,,,,,,,,,,,,,,,,,,,,,,,,,,,
A,ASP,48,,,,,,,,,,,,,,,,,,,,,,,,,,,,,,,,,,,,,,,,,,,,,,,,,,,,,,,,,,,,,,,,,,,,,,,,,,,,,,,,,,,,,,,,,,,,,,
A,MET,49,-0.0712,-0.1091,-0.2332,-0.1124,-0.1550,-0.1220,-0.2093,-0.1926,-0.0839,-0.0280,-0.2649,-0.0374,-0.0322,-0.0955,-0.1967,-0.1305,-0.1849,-0.1669,-0.0628,-0.2881,-0.1553,-0.0640,-0.2536,-0.1017,-0.2096,-0.0729,-0.2599,-0.1441,-0.0001,-0.2048,-0.0655,-0.1100,-0.0404,-0.3726,-0.2012,-0.0545,-0.0412,-0.0660,-0.0910,,-0.0571,-0.1501,-0.0116,-0.0155,-0.0936,-0.0886,-0.0697,-0.0170,,-0.1932,-0.0200,-0.1105,-0.0003,-0.1583,-0.0849,-0.0282,-0.0471,-0.0861,,-0.0369,-0.0002,-0.1321,,-0.0660,-0.0759,-0.1234,-0.0739,-0.1912,-0.1251,-0.0530,-0.1132,-0.1610,-0.1316,-0.0112,-0.0668,-0.1910,-0.2680,-0.0437,-0.1432,-0.0173,-0.0543,-0.1444,-0.3593,-0.0199,,-0.0660,-0.2873,,-0.2799,-0.2258,-0.1888,,-0.4776,
A,LEU,50,,,,,,,,,,,,,,,,,,,,,,,,,,,,,,,,,,,,,,,,,,,,,,,,,,,,,,,,,,,,,,,,,,,,,,,,,,,,,,,,,,,,,,,,,,,,,,
A,ASN,51,,,,,,,,,,,,,,,,,,,,,,,,,,,,,,,,,,,,,,,,,,,,,,,,,,,,,,,,,,,,,,,,,,,,,,,,,,,,,,,,,,,,,,,,,,,,,,
A,PRO,52,,,,,,,,,,,,,,,,,,,,,,,,,,,,,,,,,,-0.0001,,,,,,,,,,,,,,,,,,,,,,,,,,,,,,,,,,,,,,,,,,,,,,,,,,,,,,,,,,,,
A,TYR,54,,,,-0.0009,,,,,,,,,,,,,,,-0.0005,,,,,,,,,,,,,,,-0.0413,,,,,,,,,,,,,,,,,,,,,,,,,,,,,,,,,,,,,,,,,,,-0.0203,,-0.0290,,,,-0.0328,,,,,,,,,,,
A,CYS,117,,,,,,,,,,,,,,,,,,,,,,,,,,,,,,,,,,,,,,,,,,,,,,,,,,,,,,,,,,,,,,,,,,,,,,,,,,,,,,,,,,,,,,,,,,,,,,
A,TYR,118,,,,,,,,,,,,,,,,,,,,,,,,,,,,,,,,,,,,,,,,,,,,,,,,,,,,,,,,,,,,,,,,,,,,,,,,,,,,,,,,,,,,,,,,,,,,,,
A,ASN,119,,,,,,,,,,,,,,,,,,,,,,,,,,,,,,,,,,,,,,,,,,,,,,,,,,,,,,,,,,,,,,,,,,,,,,,,,,,,,,,,,,,,,,,-0.0022,,-0.0001,,,,,
A,GLY,138,,,,,,,,,,,,,,,,,,,,,,,,,,,,,,,,,,,,,,,,,,,,,,,,,,,,,,,,,,,,,,,,,,,,,,,,,,,,,,,,,,,,,,,,,,,,,,
A,SER,139,,,,,,,,,,,,,,,,,,,,,,,,,,,,,,,,,,,,,,,,,,,,,,,,,,,,,,,,,,,,,,,,,,,,,,,,,,,,,,,,,,,,,,,,,,,,,,
A,PHE,140,-0.1494,-0.0882,-0.0966,-0.1262,,-0.1872,-0.1681,,-0.0476,-0.0883,-0.0946,-0.0736,-0.0892,-0.1333,-0.0148,,-0.0511,-0.0036,-0.0593,-0.0015,,-0.2376,-0.0589,-0.0551,-0.0067,-0.0006,-0.1095,-0.0183,-0.2134,-0.1756,-0.2480,,-0.0005,-0.0423,-0.1028,-0.0793,-0.0010,-0.1381,-0.0387,-0.2286,-0.2384,-0.0234,,-0.0908,,-0.0347,,-0.0020,-0.0855,-0.0014,,-0.0034,,-0.1001,,-0.2789,-0.0448,-0.2228,-0.0985,-0.1359,-0.1080,-0.0011,-0.1993,-0.1346,,,-0.0001,-0.0222,,-0.0025,,,-0.0805,-0.0462,-0.0877,,-0.2007,-0.0863,-0.0314,-0.1657,-0.0052,-0.1221,-0.0013,-0.1213,-0.0254,-0.1437,-0.1599,-0.0034,-0.1607,-0.0318,,,-0.1554,
A,LEU,141,-0.1659,-0.1573,-0.0944,-0.2467,-0.1266,-0.1703,-0.2841,,-0.1105,-0.1837,-0.1282,-0.0739,-0.2987,-0.1556,-0.0114,-0.0935,-0.1148,-0.1297,-0.2179,-0.1375,,-0.2688,-0.1458,-0.0629,-0.0989,-0.1057,-0.1622,-0.1572,-0.2290,-0.1667,-0.2771,,-0.1145,-0.0865,-0.2197,-0.1267,-0.1127,-0.2554,-0.0561,-0.2134,-0.3451,-0.0547,,-0.3118,,-0.1556,-0.0002,-0.0003,-0.1083,-0.0273,,-0.1236,,-0.2044,,-0.3517,-0.1472,-0.2225,-0.1567,-0.3090,-0.0983,-0.0292,-0.2580,-0.2098,,-0.0634,,-0.2876,,-0.0658,-0.0010,-0.0663,-0.2137,-0.1476,-0.1617,-0.0010,-0.2040,-0.1500,-0.1130,-0.2545,-0.0770,-0.1995,-0.1888,-0.3390,-0.0423,-0.1253,-0.2777,-0.0302,-0.2645,-0.0299,-0.0584,,-0.3692,
A,ASN,142,-0.1224,-0.3566,-0.1304,-0.3361,-0.5408,-0.2642,-0.3919,-0.0251,-0.1670,-0.7242,-0.1125,-0.1584,-0.5984,-0.1271,-0.5736,-0.2526,-0.2485,-0.3374,-0.3026,-0.2692,-0.4706,-0.3847,-0.1795,-0.0845,-0.5407,-0.3619,-0.1307,-0.2995,-0.3459,-0.1996,-0.3189,-0.3280,-0.4322,-0.1554,-0.4242,-0.1981,-0.3710,-0.3595,-0.1063,-0.4359,-0.6025,-0.2557,-0.0688,-0.2959,-0.5565,-0.1629,-0.2589,-0.3840,-0.3681,-0.1887,-0.0796,-0.4309,-0.0835,-0.1837,-0.1496,-0.5541,-0.2162,-0.2208,-0.3246,-0.3782,-0.3016,-0.1247,-0.3518,-0.4333,-0.1624,-0.2786,-0.3085,-0.4921,-0.1336,-0.3990,-0.3684,-0.4765,-0.8553,-0.1857,-0.2972,-0.3060,-0.1301,-0.3717,-0.1962,-0.3870,-0.3654,-0.2582,-0.5874,-0.3697,-0.1367,-0.2220,-0.7237,-0.0943,-0.5403,-0.2911,-0.3997,-0.0001,-0.9268,
A,GLY,143,-0.1714,-0.0448,-0.1375,-0.0044,-0.2948,-0.0714,-0.3005,-0.0857,-0.0562,-0.2045,,-0.2777,-0.2306,-0.0510,-0.0680,-0.0761,,-0.1114,-0.0600,-0.2030,-0.1589,-0.1540,-0.0003,-0.0003,-0.2535,-0.0071,-0.0023,-0.1893,,,-0.1931,-0.2265,-0.0145,,-0.2060,-0.0585,-0.0055,-0.0037,-0.0886,-0.0732,-0.2978,-0.0003,-0.2516,-0.0509,-0.1247,-0.0020,-0.1924,-0.1095,-0.0111,-0.0005,-0.2477,-0.1034,-0.2476,,-0.0365,-0.2784,-0.1380,-0.0457,-0.0190,-0.0797,-0.0006,-0.0003,-0.2754,-0.0115,-0.0631,-0.0452,-0.0106,-0.1134,-0.0203,-0.0167,-0.0164,-0.0138,-0.1374,-0.0389,-0.0793,-0.0813,,-0.0494,,-0.2045,-0.0299,-0.2349,-0.1233,-0.1029,,-0.0363,-0.2635,,-0.1204,-0.2349,-0.1560,,-0.1012,
A,SER,144,-0.0046,-0.0225,-0.0050,-0.0006,-0.1238,-0.0205,-0.1251,,-0.0051,-0.0043,-0.0001,-0.0209,-0.0676,-0.0458,,-0.0733,-0.0001,-0.0867,-0.0323,-0.0986,,-0.0526,-0.0382,,-0.0037,-0.0353,-0.0082,-0.0050,-0.0013,-0.0368,-0.1049,-0.0001,-0.0316,-0.0007,-0.0689,-0.0059,-0.0306,-0.0280,-0.0040,-0.1443,-0.2573,-0.0040,-0.0004,-0.1347,-0.0007,-0.0403,-0.0302,-0.0003,-0.0001,-0.0032,-0.0002,-0.0860,-0.0003,-0.0001,,-0.2780,-0.0075,-0.1079,-0.0295,-0.0938,-0.0024,-0.0098,-0.0671,-0.0916,-0.0001,-0.0583,,-0.1387,,-0.0469,,,-0.0098,-0.0836,,,-0.0068,-0.0022,-0.0042,-0.0457,-0.1007,-0.0090,-0.0645,-0.0691,,-0.0064,-0.0242,,-0.0242,-0.0297,,,-0.0194,
A,CYS,145,-0.2488,-0.1075,-0.2732,-0.0764,-0.1812,-0.1359,-0.3124,-0.1354,-0.0870,-0.2528,-0.0751,-0.2217,-0.1985,-0.2339,-0.0972,-0.1897,-0.0693,-0.1747,-0.1413,-0.3415,-0.1385,-0.1652,-0.0501,-0.1196,-0.1253,-0.0999,-0.0362,-0.1823,-0.0571,-0.0249,-0.2245,-0.1603,-0.1018,-0.1075,-0.2599,-0.1034,-0.0931,-0.0666,-0.2300,-0.1591,-0.3302,-0.0408,-0.2019,-0.2271,-0.2060,-0.1038,-0.1872,-0.0434,-0.0359,-0.0934,-0.1772,-0.2016,-0.2065,-0.0475,-0.0449,-0.2627,-0.2310,-0.1699,-0.0937,-0.2145,-0.0453,-0.1393,-0.2990,-0.1415,-0.0188,-0.1674,-0.0672,-0.2552,-0.0694,-0.1581,-0.0279,-0.1384,-0.1047,-0.0955,,-0.0535,-0.0150,-0.1254,-0.0745,-0.1406,-0.1081,-0.1143,-0.1718,-0.1879,,-0.0858,-0.0486,,-0.0419,-0.3389,-0.0747,,-0.0196,
A,GLY,146,,,,,,,,,,,,,,,,,,,,,,,,,,,,,,,,,,,,,,,,,,,,,,,,,,,,,,,,,,,,,,,,,,,,,,,,,,,,,,,,,,,,,,,,,,,,,,
A,SER,147,,,,,,,,,,,,,,,,,,,,,,,,,,,,,,,,,,,,,,,,,,,,,,,,,,,,,,,,,,,,,,,,,,,,,,,,,,,,,,,,,,,,,,,,,,,,,,
A,TYR,161,,,,,,,,,,,,,,,,,,,,,,,,,,,,,,,,,,,,,,,,,,,,,,,,,,,,,,,,,,,,,,,,,,,,,,,,,,,,,,,,,,,,,,,,,,,,,,
A,HIS,163,-0.0867,-0.0605,-0.0800,-0.0515,-0.0035,-0.1144,-0.1168,-0.0017,-0.0670,-0.1109,-0.0483,-0.0252,-0.0954,-0.1498,-0.0007,-0.0020,-0.0450,-0.1758,-0.0476,-0.1572,,-0.1234,-0.0811,-0.0022,-0.0467,-0.0685,-0.1197,-0.0213,-0.1146,-0.1336,-0.1415,-0.0005,-0.0641,-0.0548,-0.0942,-0.0909,-0.0660,-0.0754,-0.0588,-0.1607,-0.1157,-0.0821,-0.0001,-0.1149,,-0.0812,,,-0.0113,-0.0982,,-0.1371,,-0.0047,,-0.1661,-0.0702,-0.1170,-0.1480,-0.0623,-0.0706,-0.0815,-0.1601,-0.1172,,-0.0716,,-0.0980,,-0.0711,,,-0.1110,-0.1904,,-0.0002,-0.1054,,-0.0772,-0.1216,-0.2148,,-0.0065,-0.0143,,-0.1316,-0.0320,,-0.0396,,-0.0001,,-0.0118,
A,HIS,164,-0.1469,-0.0983,-0.1059,-0.0655,-0.0027,-0.0872,-0.0903,-0.0647,-0.0672,-0.1143,-0.1157,-0.0934,-0.0227,-0.0823,-0.0982,-0.0565,-0.0893,-0.1670,-0.0805,-0.0976,-0.1236,-0.0877,-0.0749,-0.0649,-0.1209,-0.0627,-0.1195,-0.0013,-0.0551,-0.0486,-0.0181,-0.0647,-0.0522,-0.1005,-0.0720,-0.0328,-0.0526,-0.0674,-0.0685,-0.0029,-0.0190,-0.0658,-0.0723,-0.0725,-0.0681,-0.0976,-0.0718,-0.0871,-0.0469,-0.0448,-0.0862,-0.0658,-0.0316,-0.0619,-0.0087,-0.0237,-0.0983,-0.0206,-0.0218,-0.0147,-0.0369,-0.1190,-0.0100,-0.1151,,-0.0404,,-0.0023,-0.0651,-0.1122,-0.1325,-0.1259,-0.0125,-0.0401,,-0.0859,-0.0031,,-0.1495,-0.0039,-0.1207,,-0.0171,-0.0020,,-0.0294,-0.0131,,-0.0054,,-0.1633,,-0.0470,
A,MET,165,-0.5401,-0.3361,-0.5338,-0.5893,-0.2477,-0.3710,-0.2909,-0.5532,-0.3087,-0.3985,-0.3302,-0.4753,-0.1220,-0.3095,-0.5361,-0.4411,-0.2655,-0.4311,-0.3314,-0.3739,-0.5555,-0.3288,-0.4457,-0.4345,-0.2798,-0.2082,-0.4470,-0.2573,-0.1394,-0.4423,-0.2746,-0.3101,-0.1928,-0.1101,-0.2833,-0.0676,-0.2072,-0.3358,-0.1737,-0.1685,-0.1874,-0.2385,-0.2744,-0.3235,-0.2189,-0.3025,-0.1367,-0.3258,-0.2040,-0.2152,-0.2399,-0.1532,-0.1177,-0.2734,-0.0003,-0.0895,-0.2027,-0.2060,-0.1302,-0.1086,-0.1041,-0.2170,-0.1064,-0.3083,,-0.3063,,-0.1709,-0.2614,-0.2955,-0.3085,-0.1925,-0.1713,-0.1501,,-0.0463,-0.2401,,-0.2998,-0.0877,-0.3307,,-0.4173,-0.0444,-0.0236,-0.1420,-0.1970,-0.0149,-0.1966,,-0.2542,-0.0355,-0.1862,
A,GLU,166,-1.0008,-0.7978,-1.0446,-0.8435,-0.8682,-0.6197,-0.3912,-0.6578,-0.9004,-0.7030,-0.7164,-0.9325,-0.9251,-0.7676,-0.7822,-0.6845,-0.5971,-0.7465,-0.6957,-0.4634,-0.7969,-0.5744,-0.8019,-0.7568,-0.6395,-0.7893,-0.5805,-0.8329,-0.6837,-0.6006,-0.8891,-0.6707,-0.4408,-0.5349,-0.3710,-0.6675,-0.5387,-0.4758,-0.6896,-0.9194,-0.9602,-0.5195,-0.3659,-0.6767,-0.4360,-0.5117,-0.5712,-0.5651,-0.7034,-0.2531,-0.3298,-0.6943,-0.3327,-0.5897,-0.3371,-0.8532,-0.4657,-0.8924,-0.3369,-0.7438,-0.6546,-0.3335,-0.8665,-0.8525,-0.2923,-0.4751,-0.4531,-0.3973,-0.4125,-0.2976,-0.2877,-0.3972,-0.3596,-0.4177,-0.4025,-0.1067,-0.7861,-0.4519,-0.4615,-0.7872,-0.4943,-0.3751,-0.3322,-1.0189,-0.7365,-0.2266,-0.7516,-0.6602,-0.7713,-0.6643,-0.2262,-0.2777,-0.5245,-0.4824
A,LEU,167,-0.1429,-0.0796,-0.0921,-0.0136,-0.1445,-0.0086,-0.1313,-0.1279,-0.2044,-0.0234,-0.1300,-0.0680,-0.1388,-0.1463,-0.0514,-0.1372,-0.0732,-0.1759,-0.0516,-0.0473,-0.0786,-0.0825,-0.2093,-0.0914,,-0.1187,-0.0900,-0.1787,-0.0592,,-0.0023,-0.0560,-0.0110,-0.1187,-0.0759,-0.1035,-0.0407,-0.0212,-0.1373,-0.0898,-0.0640,-0.0673,-0.0002,-0.0029,-0.1097,-0.0231,-0.0444,-0.0327,-0.0017,,-0.0024,-0.0374,-0.0323,-0.0403,-0.1093,-0.0093,-0.0694,-0.0001,-0.0003,,-0.0464,-0.0002,-0.1791,-0.2261,-0.0295,-0.0132,-0.0569,,-0.0523,-0.0001,-0.0216,-0.0890,-0.0028,-0.0681,-0.0061,-0.0160,-0.0005,-0.0339,-0.0088,,-0.0008,-0.0560,,-0.0002,-0.0844,-0.0152,,-0.0816,,-0.1760,-0.1854,-0.0960,-0.0002,-0.2737
A,PRO,168,-0.4168,-0.5878,-0.4228,-0.4352,-0.4006,-0.2835,-0.2621,-0.3084,-0.3431,-0.2553,-0.4044,-0.3666,-0.4441,-0.5962,-0.1761,-0.3525,-0.4059,-0.4972,-0.5208,-0.2478,-0.2401,-0.2272,-0.5035,-0.5196,-0.0096,-0.5190,-0.4234,-0.5957,-0.4647,-0.1867,-0.3499,-0.2545,-0.4073,-0.5781,-0.1072,-0.4059,-0.4246,-0.2709,-0.3823,-0.4556,-0.2425,-0.2298,-0.1070,-0.2179,-0.4586,-0.3542,-0.2841,-0.2071,-0.3971,-0.2132,-0.0872,-0.2019,-0.5180,-0.2618,-0.6280,-0.2496,-0.3804,-0.1041,-0.2625,-0.1211,-0.3342,-0.2656,-0.4331,-0.4163,-0.3131,-0.4245,-0.3736,-0.0893,-0.4246,-0.4079,-0.2447,-0.2788,-0.1261,-0.3612,-0.2087,-0.2496,-0.4094,-0.1446,-0.1961,-0.0094,-0.2825,-0.2110,-0.0054,,-0.5644,-0.2656,-0.0001,-0.5520,,-0.3221,-0.2865,-0.5613,,-1.0851
A,THR,169,,,,,,,,,,,-0.0153,,,,,,,,,,-0.0002,-0.0038,,-0.0010,,-0.0035,,,-0.0153,,,,,,,,,,,-0.0004,,,,,,,,,,,,,,,-0.0022,,-0.0033,,-0.0001,,-0.0675,,,-0.0013,-0.0064,,-0.0060,,,,,,,,,,,,,,-0.0001,,,,,,,-0.0006,,-0.0001,,-0.0002,,-0.0357
A,GLY,170,,,,,,,,-0.0002,,,-0.0630,,,,-0.0038,,,,-0.0008,,-0.0300,-0.0676,-0.0005,-0.0437,,-0.0645,,,-0.0723,,-0.0001,-0.0017,,,,-0.0011,-0.0004,,,-0.0349,,,-0.0001,,,,-0.0119,,,,,,-0.0013,,-0.0788,,-0.0609,,-0.0083,,-0.1795,,,-0.0042,-0.0818,,-0.1144,,,,,,,,,,,,,,-0.0202,,,,-0.0002,,,,,-0.0705,,,,-0.0201
A,VAL,171,,,,,,,,,,,,,,,,,,,,,,,,,,,,,,,,,,,,,,,,,,,,,,,,,,,,,,,,,,,,,,,,,,,,,,,,,,,,,,,,,,,,,,,,,,,,,,
A,HIS,172,-0.0016,-0.0001,,-0.0001,,-0.0107,-0.0005,,-0.0001,-0.0046,-0.0002,,,-0.0014,,,-0.0001,-0.0009,,,,-0.0010,-0.0001,,-0.0004,,-0.0013,,-0.0145,-0.0603,-0.0100,,,-0.0001,-0.0001,-0.0005,,,-0.0003,-0.0071,-0.0017,-0.0133,,,,-0.0001,,,,-0.0003,,-0.0002,,,,-0.0010,,-0.0085,-0.0054,-0.0002,-0.0026,,-0.0076,-0.0014,,,,,,,,,-0.0027,-0.0006,,,-0.0036,,,-0.0014,-0.0028,,,,,-0.0099,-0.0808,,-0.1042,,,,-0.0099,
A,ALA,173,,,,,,,,,,,,,,,,,,,,,,,,,,,,,,,,,,,,,,,,,,,,,,,,,,,,,,,,,,,,,,,,,,,,,,,,,,,,,,,,,,,,,,,,,,,,,,
A,PHE,181,,,,,,,,,,,,,,,,,,,,,,,,,,,,,,,,,,,,,,,,,,,,,,,,,,,,,,,,,,,,,,,,,,,,,,,,,,,,,,,,,,,,,,,,,,,,,,
A,PHE,185,,,,,,,,,,,,,,,,,,,,,,,,,,,,,,,,,,,,,,,,,,,,,,,,,,,,,,,,,,,,,,,,,,,,,,,,,,,,,,,,,,,,,,,,,,,,,,
A,VAL,186,,,,-0.0001,,,-0.0001,,,,-0.0002,,,,,,,,,,,,,,,,,,,-0.0001,,,,,,,,,,,,,,,,,,,,,,,,,,,,,,,,,,-0.0001,,,,,-0.0002,,,,,,,,,,,,,,,,,,,,,,,,,
A,ASP,187,-0.0005,-0.1495,-0.0012,-0.1836,,-0.0028,-0.0731,-0.0811,,,-0.0920,-0.0023,,,-0.0013,-0.0084,-0.0711,-0.1040,-0.0817,,-0.0056,-0.0610,-0.0900,-0.0062,,,-0.1048,,,-0.1258,,,,-0.0656,,,,,,,,,,,,-0.0006,,-0.0001,,,,,,-0.1093,,,,,,,,,,-0.0005,,,,,,-0.0451,,,,,,,-0.0856,,-0.0091,,,,-0.0648,,,,,,,,,,,
A,ARG,188,-0.1012,-0.1684,-0.0559,-0.2173,-0.0075,-0.0943,-0.2366,-0.1671,-0.0031,,-0.1345,-0.1599,,-0.0001,-0.1033,-0.1394,-0.1088,-0.2162,-0.1852,-0.0905,-0.0932,-0.2042,-0.2094,-0.1337,-0.0174,,-0.2209,-0.0137,,-0.2226,-0.1002,-0.0308,-0.0012,-0.0827,-0.0635,,-0.0001,-0.0452,,-0.0557,-0.0004,,-0.0126,-0.0998,,-0.1382,,-0.1424,-0.0362,,-0.0029,,,-0.0702,,,-0.0002,-0.0630,,-0.0013,,,,-0.1286,,-0.0208,,-0.0860,-0.1554,-0.1196,-0.0496,-0.0630,,,,,-0.0693,,-0.0002,,,,-0.2378,,-0.0101,,,,,,,-0.0640,,
A,GLN,189,-0.7438,-1.2469,-0.7968,-0.9079,-0.5572,-0.6245,-0.6191,-0.7844,-0.3845,-0.2717,-0.9386,-0.7159,-0.6508,-0.7128,-0.9223,-1.1301,-0.8870,-0.7919,-0.6994,-0.8224,-0.6179,-0.6212,-0.7986,-1.0030,-0.6320,-0.5472,-1.1584,-0.5535,-0.4559,-0.9244,-0.4751,-0.6795,-0.4683,-0.6535,-0.4408,-0.4610,-0.4198,-0.9334,-0.4031,-0.6148,-0.2762,-0.4347,-0.7588,-0.5015,-0.3893,-0.8655,-0.6112,-0.7295,-0.5044,-0.7668,-0.7140,-0.5709,-0.1821,-0.5805,-0.5386,-0.2110,-0.5109,-0.4824,-0.3403,-1.0064,-0.4247,-0.7163,-0.4510,-0.4773,-0.5124,-0.4958,-0.3827,-0.6784,-1.0518,-0.5258,-0.9461,-0.6259,-0.3169,-0.5856,-0.5086,-0.2288,-0.3568,-0.2118,-0.1293,-0.4095,-0.6515,-0.4640,-0.8591,-0.3811,-0.4550,,-0.8223,-0.2164,-0.5734,-0.3252,-0.4783,-0.3899,-0.7656,-0.2371
A,THR,190,,-0.1583,-0.1119,-0.0465,-0.1580,-0.2762,-0.1238,-0.2273,-0.2071,-0.0454,-0.0013,-0.1044,-0.1381,-0.0006,-0.1755,-0.0195,-0.0145,-0.2647,-0.1533,-0.1679,-0.1878,-0.1244,-0.0002,-0.0198,-0.2293,-0.2792,-0.1850,-0.2456,-0.1889,-0.1828,-0.2311,-0.1900,-0.2505,-0.1655,-0.0890,-0.0002,-0.0914,-0.2998,-0.1802,-0.2373,-0.0022,-0.2537,-0.2314,-0.1720,-0.2744,-0.0151,-0.1592,-0.0382,-0.2739,-0.1591,-0.2409,-0.2525,-0.1750,,-0.0005,,-0.3294,-0.1118,-0.1300,-0.1876,-0.2365,-0.1696,,,-0.0687,-0.1111,-0.1542,-0.1616,-0.0028,-0.0388,-0.0035,-0.1783,-0.0548,-0.1931,-0.0655,-0.1300,,-0.0162,-0.0827,,-0.0575,-0.0866,-0.0949,,-0.2111,-0.0145,-0.0246,,,,-0.0001,-0.2455,-0.0011,-0.2058
A,ALA,191,,-0.0085,-0.0168,,-0.0005,-0.0747,,-0.0199,-0.0907,,,-0.1508,-0.0017,,,,-0.0025,-0.1413,-0.0001,-0.0012,-0.0001,,,,-0.0007,-0.1042,-0.0024,-0.0205,-0.0034,-0.1635,-0.0095,-0.0039,-0.0096,-0.0833,-0.0397,,-0.0006,-0.0446,-0.0481,-0.0151,,-0.1142,-0.0063,-0.1109,-0.1333,,-0.1031,,-0.0818,-0.0760,-0.1423,-0.1229,-0.1667,,,,-0.0458,,-0.0673,-0.0067,-0.0063,-0.1768,,,-0.1160,,-0.0065,,,-0.0010,,-0.0015,,-0.0333,-0.0001,-0.0234,,,-0.0048,,-0.0084,-0.0003,,,-0.0037,-0.0023,,,,,,-0.0466,,-0.1811
A,GLN,192,,-0.0002,-0.0005,-0.0054,-0.0001,-0.0012,-0.0162,-0.0038,-0.0010,,,-0.0010,,,-0.0048,,,-0.0044,-0.0055,-0.0496,-0.0012,-0.0163,,,,,,-0.0008,-0.0001,-0.0006,-0.0205,-0.0025,,-0.0001,-0.0335,,,-0.0398,,-0.0061,-0.0001,-0.0054,,-0.0030,-0.0024,,-0.0001,-0.0011,-0.0104,,,,-0.0012,,,,,-0.0015,-0.0007,,,-0.0077,,-0.0001,-0.0002,-0.0050,,-0.0064,-0.0032,,,-0.0777,,,,,,,,,,,-0.0066,,,,,,,,,-0.0962,,-0.1610
A,ALA,193,,,,,,,,,,,,,,,,,,,,,,,,,,,,,,,,,,,,,,,,,,,,,,,,,,,,,,,,,,,,,,,,,,,,,,,,,,,,,,,,,,,,,,,,,,,,,,-0.0001
A,ALA,194,,,,,,,,,,,,,,,,,,,,,,,,,,,,,,,,,,,,,,,,,,,,,,,,,,,,,,,,,,,,,,,,,,,,,,,,,,,,,,,,,,,,,,,,,,,,,,

Intra-Ligand Free,,,-5.4911,-6.1972,-5.3192,-5.7969,-5.9945,-4.8766,-4.7166,-4.9954,-6.4196,-6.2494,-5.6790,-3.3491,-5.8400,-5.2990,-5.2219,-5.4848,-5.3533,-4.6827,-4.3010,-4.5905,-4.4864,-4.1084,-4.8138,-4.8675,-5.1569,-6.0601,-4.3358,-4.1979,-6.6593,-4.2715,-3.5648,-4.5805,-6.0121,-4.1660,-4.1359,-5.4997,-5.9198,-4.5223,-4.4701,-4.5205,-4.1268,-5.5066,-4.3979,-3.8036,-5.3003,-4.6022,-4.7906,-3.7131,-5.1319,-4.3801,-3.4681,-4.6448,-3.7796,-3.6115,-4.9187,-3.6439,-2.6222,-2.2997,-4.4145,-5.1863,-2.9343,-3.2051,-2.0966,-3.4089,-3.9627,-2.0788,-3.8241,-2.2535,-1.8920,-2.0474,-2.2417,-0.0747,-0.7408,-1.8506,-0.5545,0.7718,2.4066,-1.0264,4.3393,2.1956,3.6829,5.3865,4.2114,3.5615,6.4972,9.4253,4.7559,12.1073,7.7292,17.8569,29.4325,23.9632,11.7001,103.0233
Inter-Ligand Free,,,-15.1981,-12.9445,-13.5815,-12.9122,-12.6493,-13.4256,-13.5239,-13.1165,-11.6059,-11.7055,-12.2610,-14.5316,-12.0181,-12.1658,-12.1493,-11.8530,-11.8142,-12.4615,-12.7870,-12.3318,-12.3903,-12.7278,-11.9555,-11.8558,-11.5655,-10.6205,-12.1012,-12.1450,-9.4234,-11.8101,-12.4520,-11.3070,-9.7687,-11.5602,-11.5868,-9.9569,-9.5293,-10.6917,-10.7105,-10.4803,-10.8391,-9.3197,-10.3701,-10.6425,-9.0458,-9.4250,-9.1253,-10.1320,-8.6552,-9.3386,-10.2347,-9.0424,-9.8130,-9.8156,-8.0474,-9.1187,-10.1343,-10.3219,-7.9554,-6.4964,-8.5457,-8.1574,-9.1451,-7.4096,-6.7322,-8.5884,-6.8133,-8.1056,-7.8593,-7.4547,-7.1692,-9.2570,-8.5002,-7.1179,-7.1851,-6.8140,-8.4391,-3.6390,-8.2138,-4.9328,-5.9318,-6.5249,-3.8624,-1.5484,-4.0906,-6.7633,5.0691,2.4805,9.7581,-0.0016,3.1442,9.6029,31.6506,26.8494
Total Free Energy,,,-20.6892,-19.1417,-18.9007,-18.7091,-18.6437,-18.3022,-18.2404,-18.1119,-18.0255,-17.9549,-17.9400,-17.8806,-17.8581,-17.4647,-17.3713,-17.3379,-17.1676,-17.1443,-17.0880,-16.9223,-16.8767,-16.8361,-16.7693,-16.7233,-16.7224,-16.6806,-16.4370,-16.3430,-16.0827,-16.0816,-16.0168,-15.8876,-15.7807,-15.7261,-15.7227,-15.4566,-15.4492,-15.2140,-15.1806,-15.0007,-14.9659,-14.8263,-14.7680,-14.4461,-14.3461,-14.0272,-13.9159,-13.8451,-13.7870,-13.7187,-13.7027,-13.6872,-13.5925,-13.4271,-12.9661,-12.7627,-12.7565,-12.6217,-12.3699,-11.6827,-11.4800,-11.3624,-11.2417,-10.8185,-10.6949,-10.6672,-10.6374,-10.3591,-9.7513,-9.5021,-9.4109,-9.3318,-9.2410,-8.9685,-7.7397,-6.0422,-6.0325,-4.6654,-3.8746,-2.7372,-2.2490,-1.1384,0.3490,2.0132,2.4066,2.6620,9.8249,14.5878,17.4872,17.8553,32.5766,33.5662,43.3507,129.8728
Normalized Total Free Energy,,,-4.8954,-4.3969,-4.3193,-4.2576,-4.2366,-4.1265,-4.1066,-4.0652,-4.0374,-4.0147,-4.0099,-3.9908,-3.9835,-3.8568,-3.8267,-3.8159,-3.7611,-3.7536,-3.7354,-3.6821,-3.6674,-3.6543,-3.6328,-3.6180,-3.6177,-3.6042,-3.5257,-3.4955,-3.4116,-3.4113,-3.3904,-3.3488,-3.3144,-3.2968,-3.2957,-3.2099,-3.2076,-3.1318,-3.1210,-3.0631,-3.0519,-3.0069,-2.9881,-2.8845,-2.8523,-2.7495,-2.7137,-2.6909,-2.6722,-2.6502,-2.6450,-2.6400,-2.6095,-2.5563,-2.4077,-2.3422,-2.3402,-2.2968,-2.2157,-1.9944,-1.9291,-1.8912,-1.8523,-1.7160,-1.6762,-1.6672,-1.6576,-1.5680,-1.3722,-1.2920,-1.2626,-1.2371,-1.2079,-1.1201,-0.7243,-0.1775,-0.1744,0.2660,0.5207,0.8871,1.0443,1.4020,1.8811,2.4172,2.5439,2.6262,4.9334,6.4676,7.4015,7.5200,12.2619,12.5806,15.7323,43.6016
