Chain ID,Residue name,Residue sequence,Conf 1,Conf 2,Conf 3,Conf 4,Conf 5,Conf 6,Conf 7,Conf 8,Conf 9,Conf 10,Conf 11,Conf 12,Conf 13,Conf 14,Conf 15,Conf 16,Conf 17,Conf 18,Conf 19,Conf 20,Conf 21,Conf 22,Conf 23,Conf 24,Conf 25,Conf 26,Conf 27,Conf 28,Conf 29,Conf 30,Conf 31,Conf 32,Conf 33,Conf 34,Conf 35,Conf 36,Conf 37,Conf 38,Conf 39,Conf 40,Conf 41,Conf 42,Conf 43,Conf 44,Conf 45,Conf 46,Conf 47,Conf 48,Conf 49,Conf 50,Conf 51,Conf 52,Conf 53,Conf 54,Conf 55,Conf 56,Conf 57,Conf 58,Conf 59,Conf 60,Conf 61,Conf 62,Conf 63,Conf 64,Conf 65,Conf 66,Conf 67,Conf 68,Conf 69,Conf 70,Conf 71,Conf 72,Conf 73,Conf 74,Conf 75,Conf 76,Conf 77,Conf 78,Conf 79,Conf 80
A,VAL,20,-0.0134,-0.0161,-0.0150,-0.0161,-0.0083,,-0.0118,-0.0046,-0.0122,-0.0083,-0.0040,-0.0112,-0.0115,-0.0090,-0.0081,-0.0094,,,-0.0123,-0.0046,-0.0080,-0.0081,-0.0046,-0.0039,-0.0070,-0.0040,,,-0.0081,-0.0032,,,,,-0.0066,-0.0177,-0.0067,-0.0082,-0.0109,-0.0083,-0.0041,,,-0.0079,-0.0077,,,-0.0080,,-0.0117,-0.0032,,-0.0084,,,,,,,,,,,,,,-0.0038,,,,,,,-0.0204,-0.0066,-0.0035,,,,
A,CYS,22,,,-0.0036,,,,,,,,,,,-0.0037,,,,,,-0.0114,,-0.0030,,,,,,,,,,,,,,-0.0038,,,,,,,-0.0042,-0.0068,-0.0114,,,,,,,,,,,,,,,,,,,,,,,,,,,,,-0.0239,-0.0027,,,-0.0029,,
A,GLY,23,,,,,,,,,,,,,,,,,,,,,,,,,,,,,,,,,,,,,,,,,,,,,-0.0033,,,,,,,,,,,,,,,,,,,,,,,,,,,,,-0.0041,,,,,,
A,THR,24,-0.0932,-0.0739,-0.1056,-0.0750,-0.0118,,-0.0121,-0.0072,-0.0132,-0.0116,,-0.0705,-0.0673,-0.0724,-0.0194,-0.0162,,,-0.0274,-0.1383,-0.0129,-0.0839,-0.0225,-0.0271,-0.1170,-0.0608,,-0.0368,-0.0513,-0.0166,-0.0238,,,,-0.0691,-0.0635,-0.0665,-0.0235,-0.0499,-0.0177,-0.0819,,-0.1053,-0.0783,-0.1315,,,-0.0386,,-0.0192,-0.0183,-0.0036,-0.0539,,,,,,-0.0087,,,,,,-0.0527,,-0.0592,,-0.0879,,-0.0335,,,-0.1020,-0.0323,-0.0370,,-0.0373,,-0.0158
A,THR,25,-0.4085,-0.3766,-0.4838,-0.3739,-0.1625,-0.0090,-0.1774,-0.1359,-0.1978,-0.1572,-0.0878,-0.3343,-0.2927,-0.2997,-0.1861,-0.1972,-0.0086,-0.0051,-0.2262,-0.5749,-0.1731,-0.3803,-0.1941,-0.2647,-0.2837,-0.2516,-0.0219,-0.3232,-0.2703,-0.1695,-0.2600,-0.0083,-0.0043,-0.0786,-0.3410,-0.2874,-0.3468,-0.2002,-0.3124,-0.1342,-0.3481,-0.0525,-0.2954,-0.2949,-0.5877,-0.0086,-0.0043,-0.2606,-0.0036,-0.2200,-0.1644,-0.0780,-0.2793,,-0.0220,-0.0198,-0.0311,-0.0043,-0.1286,-0.0042,-0.0292,-0.0040,,-0.0341,-0.1757,-0.0173,-0.2642,-0.0294,-0.1674,-0.0585,-0.2534,-0.0086,-0.0627,-0.5168,-0.3471,-0.2542,-0.0305,-0.3580,-0.0745,-0.1024
A,THR,26,-0.3555,-0.3720,-0.3772,-0.3704,-0.2019,,-0.2081,-0.1718,-0.2175,-0.1950,-0.1414,-0.2654,-0.3095,-0.3980,-0.2130,-0.2122,-0.0114,-0.0111,-0.2676,-0.4166,-0.1683,-0.3304,-0.1945,-0.2456,-0.4255,-0.2267,-0.0176,-0.2435,-0.2422,-0.1512,-0.2090,,-0.0127,-0.0668,-0.3092,-0.4630,-0.3115,-0.1949,-0.2765,-0.2302,-0.3170,-0.0583,-0.1892,-0.2742,-0.4297,,-0.0034,-0.2390,,-0.1912,-0.1132,-0.0724,-0.2739,-0.0076,-0.0064,-0.0169,-0.0136,-0.0032,-0.1133,,-0.0152,,-0.0037,-0.0390,-0.1482,-0.0281,-0.1853,-0.0261,-0.1531,-0.0246,-0.2360,,,-0.3845,-0.2426,-0.2334,-0.0372,-0.0989,-0.0575,-0.2105
A,LEU,27,-0.4465,-0.5828,-0.4563,-0.5712,-0.3547,-0.0258,-0.3749,-0.3226,-0.3844,-0.3551,-0.2725,-0.3396,-0.3292,-0.2952,-0.3166,-0.3301,-0.0650,-0.0630,-0.3293,-0.3393,-0.2517,-0.4206,-0.2368,-0.3692,-0.2590,-0.2549,-0.0736,-0.3325,-0.2785,-0.2340,-0.2891,-0.0151,-0.0347,-0.1493,-0.3541,-0.4066,-0.3541,-0.3170,-0.3192,-0.3195,-0.3606,-0.1118,-0.1452,-0.1802,-0.3867,-0.0091,-0.0260,-0.3314,-0.0179,-0.3531,-0.1693,-0.1188,-0.3031,-0.0256,-0.0345,-0.0611,-0.0616,-0.0225,-0.1655,-0.0265,-0.0428,-0.0049,-0.0164,-0.0885,-0.1034,-0.0728,-0.1331,-0.0825,-0.0655,-0.0850,-0.3038,-0.0164,-0.0283,-0.5774,-0.3193,-0.3075,-0.1026,-0.1657,-0.1978,-0.1977
A,ASN,28,-0.0254,-0.0635,-0.0331,-0.0627,-0.0727,,-0.0704,-0.0636,-0.0663,-0.0705,-0.0652,-0.0258,-0.0468,-0.0421,-0.0300,-0.0513,-0.0085,-0.0086,-0.0516,-0.0201,-0.0320,-0.0329,-0.0285,-0.0555,-0.0087,-0.0155,,-0.0252,-0.0341,-0.0408,-0.0211,,-0.0032,-0.0163,-0.0368,-0.0809,-0.0427,-0.0260,-0.0472,-0.0710,-0.0379,-0.0035,,-0.0044,-0.0247,,,-0.0476,,-0.0519,-0.0083,-0.0044,-0.0359,-0.0079,,,,,-0.0078,,,,,,,-0.0036,-0.0122,,,,-0.0450,,,-0.0753,-0.0149,-0.0269,-0.0075,,-0.0075,-0.0555
A,PRO,39,-0.0769,-0.0875,-0.0849,-0.0807,-0.0814,-0.0396,-0.0914,-0.0798,-0.0911,-0.0772,-0.0678,-0.0758,-0.0371,-0.0457,-0.0626,-0.0840,-0.0240,-0.0112,-0.0489,-0.0120,-0.0711,-0.0855,-0.0424,-0.0872,-0.0069,-0.0393,-0.0186,-0.0863,-0.0400,-0.0541,-0.0890,-0.0311,,-0.0472,-0.0560,-0.0413,-0.0394,-0.0616,-0.0463,-0.0365,-0.0540,-0.0191,,,-0.0157,-0.0086,,-0.0667,-0.0323,-0.0790,-0.0304,-0.0097,-0.0307,,-0.0085,-0.0097,-0.0448,,-0.0425,-0.0154,-0.0137,-0.0252,,,,-0.0170,,-0.0219,,-0.0785,-0.0414,-0.0296,-0.0542,-0.1221,-0.0813,-0.1326,-0.0170,-0.0735,-0.1696,
A,ARG,40,-0.0135,-0.0033,-0.0136,-0.0033,,-0.0618,,,-0.0037,,,,,,,,,,,,,-0.0127,,,,,,-0.0130,,,-0.0126,-0.0119,,,,,,,,,,,,,,-0.0172,,,-0.0236,,,,,,,,,,,,,-0.0394,,,,,,,,-0.0546,,-0.0288,-0.1092,-0.0285,-0.0219,-0.0200,,-0.0620,-0.0827,
A,HIS,41,-0.8530,-0.6252,-0.7962,-0.6319,-0.4259,-1.0025,-0.4086,-0.4927,-0.5577,-0.4172,-0.3552,-0.8442,-0.4248,-0.5543,-0.5492,-0.4413,-0.3075,-0.2523,-0.3422,-0.5896,-0.4780,-0.7072,-0.4421,-0.5850,-0.3112,-0.5455,-0.5238,-0.7988,-0.2856,-0.4869,-0.8333,-0.7795,-0.1827,-0.7183,-0.5179,-0.4180,-0.4398,-0.4446,-0.4417,-0.2685,-0.4705,-0.3310,-0.3099,-0.2154,-0.6019,-0.5549,-0.2150,-0.4574,-0.8627,-0.5867,-0.3576,-0.3256,-0.2817,-0.1415,-0.3379,-0.3316,-0.6831,-0.2107,-0.5371,-0.3460,-0.3291,-0.5575,-0.1433,-0.1745,-0.1543,-0.3132,-0.1886,-0.5208,-0.1562,-1.1542,-0.4311,-0.7347,-0.8925,-1.1783,-0.9442,-0.8078,-0.3015,-1.1775,-0.6161,-0.1244
A,VAL,42,-0.1750,-0.1409,-0.1970,-0.1401,-0.1050,-0.0326,-0.1133,-0.0959,-0.1175,-0.1011,-0.0724,-0.1853,-0.1357,-0.1024,-0.1113,-0.1263,-0.0083,-0.0037,-0.0994,-0.2167,-0.1008,-0.1854,-0.0920,-0.1120,-0.0742,-0.1247,-0.0114,-0.1360,-0.1137,-0.1028,-0.1289,-0.0225,,-0.0388,-0.1330,-0.1159,-0.1204,-0.1197,-0.1380,-0.0602,-0.1231,-0.0218,-0.0615,-0.0808,-0.2258,-0.0267,,-0.1645,-0.0248,-0.1605,-0.0899,-0.0035,-0.1186,,,,-0.0391,,-0.0581,,-0.0110,-0.0189,,,-0.0471,-0.0081,-0.0750,-0.0128,,-0.0831,-0.0751,-0.0321,-0.0989,-0.3339,-0.2173,-0.1899,-0.0067,-0.2701,-0.1376,-0.0034
A,ILE,43,-0.0187,-0.0031,-0.0183,-0.0064,-0.0039,,-0.0042,-0.0037,-0.0044,-0.0038,,-0.0043,,,-0.0036,-0.0082,,,-0.0037,-0.0105,-0.0037,-0.0204,-0.0034,-0.0033,,,,-0.0210,-0.0043,-0.0038,-0.0176,,,,-0.0080,-0.0034,-0.0043,,-0.0035,,-0.0079,,,,-0.0066,,,-0.0039,,-0.0039,-0.0036,,,,,,,,,,,,,,,,,,,-0.0037,-0.0041,-0.0074,-0.0456,-0.0654,-0.0469,,,-0.1097,-0.0230,
A,CYS,44,-0.1116,-0.0450,-0.1105,-0.0457,-0.0201,-0.0876,-0.0246,-0.0155,-0.0253,-0.0193,-0.0040,-0.0809,-0.0266,-0.0168,-0.0154,-0.0337,,,-0.0092,-0.1512,-0.0217,-0.0959,-0.0164,-0.0523,-0.0196,-0.0580,-0.0107,-0.0951,-0.0535,-0.0218,-0.0886,-0.0661,,-0.0314,-0.0755,-0.0180,-0.0664,-0.0208,-0.0564,,-0.0771,-0.0033,-0.0675,-0.0346,-0.1555,-0.0826,,-0.0652,-0.0511,-0.0680,-0.0287,,-0.0383,,,-0.0100,-0.0321,,-0.0296,,-0.0075,-0.0803,,,-0.0181,,-0.0463,-0.0342,-0.0491,-0.1254,-0.0783,-0.1041,-0.2643,-0.2486,-0.1673,-0.0372,-0.0029,-0.4177,-0.0926,-0.0087
A,THR,45,-0.0670,-0.0488,-0.0622,-0.0574,,-0.0257,,,,,,-0.0352,-0.0163,,-0.0031,,,,,-0.1615,,-0.0595,,-0.0390,,-0.0495,-0.0083,-0.0605,-0.0159,,-0.0583,-0.0134,,-0.0206,-0.0828,,-0.0726,,-0.0559,,-0.0872,,-0.1088,-0.0417,-0.1564,-0.0387,,-0.0692,-0.0089,-0.0187,-0.0037,-0.0076,-0.0234,,-0.0068,-0.0082,-0.0123,,-0.0214,,-0.0066,-0.0222,,-0.0065,-0.0187,,-0.0685,-0.0184,-0.0949,-0.0427,-0.0579,-0.0557,-0.1262,-0.2254,-0.1062,-0.0153,,-0.4422,-0.0037,-0.0136
A,SER,46,-0.0429,-0.0644,-0.0508,-0.0660,,,,,,,,-0.0354,-0.0147,,,,,,-0.0042,-0.1163,,-0.0579,,-0.0609,-0.0066,-0.0369,-0.0107,-0.0275,-0.0927,,-0.0256,,,-0.0126,-0.1108,-0.0183,-0.1012,,-0.0602,-0.0075,-0.1073,,-0.0971,-0.1028,-0.1084,-0.0103,,-0.1459,,-0.0034,-0.0034,-0.0303,-0.0745,-0.0029,-0.0086,-0.0156,-0.0135,,-0.0652,,-0.0163,-0.0034,,-0.0389,-0.0451,-0.0187,-0.1823,,-0.1197,-0.0148,-0.1078,-0.0448,-0.1264,-0.1840,-0.0949,-0.0036,,-0.4776,,-0.0319
A,GLU,47,,,,,,,,,,,,,,,,,,,,,,,,,,,,,,,,,,,,,,,,,,,,,,,,,,,,,,,,,,,,,,,,,,,,,,,,-0.0082,-0.0071,,-0.0035,,,-0.0570,,
A,ASP,48,,,,,,-0.0352,,,,,,,,,,,,,,,,,,,,,,,,,,-0.0140,,,,,,,,,,,,,,-0.0474,,,-0.0140,,,,,,,,-0.0078,,,,,-0.0426,,,,,,-0.0034,,-0.0358,,-0.0894,-0.1252,-0.0117,-0.0222,,,-0.1287,,
A,MET,49,-0.6350,-0.3393,-0.6264,-0.3486,-0.1111,-0.4309,-0.1162,-0.2359,-0.2892,-0.2000,-0.1262,-0.4230,-0.2430,-0.2983,-0.3883,-0.1645,-0.1520,-0.1772,-0.1996,-0.6112,-0.2260,-0.5714,-0.1406,-0.2995,-0.2781,-0.2947,-0.3321,-0.4585,-0.2720,-0.2003,-0.4432,-0.4624,-0.1195,-0.4287,-0.5059,-0.2633,-0.4469,-0.1921,-0.3589,-0.1866,-0.3688,-0.1807,-0.3011,-0.2712,-0.6006,-0.5332,-0.1467,-0.4214,-0.5185,-0.3264,-0.1472,-0.2923,-0.2879,-0.1275,-0.3591,-0.2923,-0.6000,-0.1317,-0.4018,-0.1543,-0.3366,-0.5171,-0.1016,-0.2176,-0.2041,-0.1786,-0.3906,-0.4356,-0.3367,-0.6285,-0.3394,-0.6810,-0.7845,-0.7540,-0.5614,-0.3110,-0.2033,-1.0547,-0.2094,-0.1608
A,LEU,50,-0.0106,,-0.0098,,,-0.0278,,-0.0259,-0.0311,-0.0347,-0.0039,,-0.0035,,-0.0182,,-0.0094,-0.0099,-0.0117,,,,,,-0.0039,,,,,-0.0038,,-0.0258,-0.0139,-0.0038,,,,,,-0.0040,,-0.0188,,,,-0.0607,,,-0.0297,,,,,-0.0307,,,-0.0157,,,,,-0.0701,,,,,-0.0492,-0.0042,,-0.0459,,-0.0876,-0.0606,-0.0081,-0.0037,,,-0.0247,,
A,ASN,51,,,,,,-0.0038,,,,,,,,,,,,,,,,,,,,,,,,,,,,,,,,,,,,,,,,-0.0167,,,-0.0034,,,,,,,,,,,,,,,,,,,,,,,-0.0324,-0.0072,,,,,,,
A,PRO,52,-0.0073,,-0.0058,,,-0.0608,,,,,,,,,,,,,,,,,,,,,,,,,,-0.0368,,-0.0039,,,,,,,,,,,,-0.0704,,,-0.0443,,,,,,,,-0.0075,,,,,-0.0710,,,,,,,,-0.0535,,-0.0925,-0.0869,,-0.0038,,,-0.0202,,
A,TYR,54,-0.0369,,-0.0308,,,-0.1681,,-0.0031,-0.0047,,,-0.0135,,-0.0108,-0.0068,,-0.0032,,,-0.0028,,-0.0038,,,,,-0.0182,-0.0059,,,-0.0093,-0.0927,,-0.0233,,,,,,,,,,,-0.0031,-0.1428,,,-0.1149,-0.0044,,,,,,-0.0051,-0.0567,,,-0.0048,,-0.1336,,,,,,-0.0170,,-0.1689,,-0.1547,-0.2159,-0.0196,-0.0342,-0.0178,-0.0027,-0.0941,-0.0492,
A,LEU,57,,,,,,,,,,,,,,,,,,,,,,,,,,,,,,,,,,,,,,,,,,,,,,,,,,,,,,,,,,,,,,,,,,,,,,,,,-0.0043,,,,,-0.0032,,
A,CYS,117,,-0.0032,,-0.0032,-0.0036,,-0.0033,-0.0035,,-0.0037,-0.0041,,,-0.0029,,,-0.0109,-0.0112,,,,,,-0.0031,,,,-0.0033,,-0.0035,-0.0031,,,-0.0029,,-0.0036,,,,-0.0035,,,,,,,,,,,,-0.0038,,-0.0070,,,,,,,,,,,,-0.0035,,,,,-0.0040,,,,,,-0.0046,,,-0.0309
A,TYR,118,-0.0250,-0.0317,-0.0233,-0.0274,-0.0249,,-0.0453,-0.0166,-0.0171,-0.0315,-0.0381,,-0.0414,-0.0172,,-0.0026,-0.0945,-0.1035,-0.0074,-0.0194,-0.0073,-0.0120,,-0.0285,-0.0082,-0.0070,-0.0041,-0.0170,,-0.0243,-0.0197,,-0.0598,-0.0095,-0.0087,-0.0334,-0.0094,-0.0034,,-0.0123,-0.0088,-0.0080,-0.0078,,-0.0347,,-0.0334,,,,,-0.0451,-0.0037,-0.0498,,-0.0117,,-0.0361,-0.0084,-0.0315,,,-0.0309,-0.0399,,-0.0759,,,,,-0.0529,,,-0.0091,-0.0479,-0.0036,-0.0695,,-0.0464,-0.2612
A,ASN,119,-0.0364,-0.0071,-0.0391,-0.0068,,,,,,,,,-0.0198,-0.0156,,,,,,-0.0288,,-0.0193,,-0.0028,-0.0456,,,-0.0069,,,,,,,-0.0036,-0.0181,-0.0071,,,,-0.0067,,,-0.0038,-0.0266,,,,,,,,-0.0036,,,,,,,,,,,,,,,,,,,,,-0.0039,-0.0107,,,,,-0.0457
A,GLY,138,,,,,,,,,,,,,,,,,,,,,,,,,,,,,,,,,-0.0085,,,,,,,,,,,,,,,,,,,,,,,,,,,,,,,,,,,,,,,,,,,,,,,
A,SER,139,,,,,,,-0.0075,,,,,,-0.0030,,,,-0.0099,-0.0174,,,,,,,,,,,,,,,-0.0398,,,,,,,,,,,,-0.0034,,-0.0168,,,,,,,-0.0037,,,,-0.0226,,,,,,,,-0.0078,,,,,,,,,-0.0163,,-0.0209,,,
A,PHE,140,-0.0096,-0.0695,,-0.0714,-0.2492,-0.1138,-0.3188,-0.0970,-0.0954,-0.1165,-0.2424,-0.0482,-0.1566,-0.0348,-0.0064,-0.1541,-0.4623,-0.4694,-0.0584,-0.1396,-0.0741,-0.0063,-0.1648,-0.1853,-0.0577,-0.1468,-0.1101,-0.0472,-0.0649,-0.1688,-0.0598,-0.0335,-0.5719,-0.1241,-0.0078,-0.0302,-0.0154,-0.0181,,-0.0224,-0.0314,-0.1059,-0.0304,-0.0281,-0.1796,-0.0376,-0.3835,-0.0111,,-0.1103,-0.1151,-0.1677,-0.0522,-0.2068,-0.0106,-0.0746,-0.0702,-0.4600,-0.0259,-0.2552,-0.0444,-0.0160,-0.2411,-0.1278,-0.0162,-0.3905,-0.0114,-0.1843,-0.0023,-0.0723,-0.0980,-0.0530,-0.0514,-0.0463,-0.4354,-0.0336,-0.4218,,-0.2685,-0.2102
A,LEU,141,-0.1958,-0.2534,-0.1849,-0.2492,-0.3451,-0.1291,-0.4542,-0.1916,-0.1913,-0.2419,-0.3552,-0.1945,-0.3868,-0.1911,-0.0989,-0.2595,-0.6061,-0.6297,-0.2163,-0.2975,-0.1799,-0.1828,-0.3031,-0.3516,-0.2054,-0.2126,-0.2134,-0.2634,-0.1876,-0.2679,-0.2666,-0.0386,-0.5290,-0.2599,-0.1513,-0.2190,-0.1785,-0.1739,-0.1491,-0.1958,-0.2056,-0.1519,-0.1883,-0.1326,-0.3905,-0.0407,-0.4138,-0.1036,-0.0077,-0.2115,-0.2445,-0.3611,-0.1771,-0.2813,-0.0787,-0.2141,-0.1596,-0.4807,-0.1833,-0.3619,-0.1708,-0.0211,-0.3750,-0.3143,-0.1357,-0.6037,-0.0935,-0.3483,-0.0960,-0.1534,-0.3597,-0.0734,-0.1081,-0.1157,-0.6295,-0.1330,-0.4346,-0.0071,-0.5098,-0.8390
A,ASN,142,-1.0864,-0.9184,-1.0389,-0.9094,-0.8886,-0.3027,-0.9806,-0.5549,-0.5398,-0.8273,-0.8466,-0.8321,-1.1001,-0.7780,-0.4456,-0.6938,-0.9304,-1.0656,-1.1241,-1.4449,-0.5436,-1.0679,-0.7850,-1.1748,-0.8162,-0.8376,-0.6713,-1.3022,-0.9892,-0.8492,-1.2128,-0.1747,-0.8132,-0.8502,-0.9828,-0.8440,-1.0775,-0.8063,-1.0103,-1.0172,-1.3182,-0.4780,-0.9694,-0.8116,-1.4852,-0.1282,-0.6174,-0.6596,-0.0611,-0.7486,-0.6121,-0.9456,-0.9198,-0.6585,-0.3751,-1.0853,-0.5043,-0.6186,-0.8946,-0.9153,-0.9093,-0.1478,-0.7902,-1.0081,-0.8205,-1.0137,-0.6934,-0.9123,-0.7358,-0.3960,-1.2246,-0.2966,-0.4880,-0.5836,-1.2251,-0.4984,-0.8236,-0.3430,-0.8982,-1.9329
A,GLY,143,-0.4514,-0.5408,-0.4709,-0.5595,-0.4078,-0.0389,-0.4583,-0.3242,-0.3447,-0.4234,-0.3834,-0.2772,-0.4811,-0.4686,-0.2461,-0.3000,-0.2548,-0.2828,-0.3789,-0.5239,-0.2810,-0.4538,-0.2819,-0.5188,-0.4422,-0.2867,-0.1635,-0.4698,-0.2514,-0.4139,-0.4584,-0.0156,-0.2298,-0.2699,-0.3163,-0.5125,-0.3590,-0.1731,-0.3019,-0.4754,-0.3741,-0.2003,-0.2639,-0.2017,-0.5057,,-0.1541,-0.2255,-0.0069,-0.2331,-0.1600,-0.3104,-0.3277,-0.1687,-0.0882,-0.2050,-0.0953,-0.1564,-0.2525,-0.1879,-0.1884,-0.0029,-0.1606,-0.2601,-0.1388,-0.2559,-0.2341,-0.2065,-0.1337,-0.0649,-0.5506,-0.0303,-0.0207,-0.3787,-0.4166,-0.3214,-0.2830,-0.0551,-0.2256,-0.5409
A,SER,144,-0.2050,-0.3467,-0.1885,-0.3416,-0.3187,-0.0427,-0.3454,-0.2573,-0.2874,-0.2724,-0.3177,-0.1631,-0.3087,-0.2448,-0.1677,-0.2654,-0.5063,-0.5074,-0.2407,-0.2415,-0.1956,-0.1797,-0.2158,-0.3558,-0.2464,-0.2666,-0.1399,-0.2584,-0.1246,-0.3156,-0.2604,-0.0034,-0.3061,-0.2405,-0.1773,-0.2903,-0.1997,-0.1920,-0.1338,-0.2083,-0.1988,-0.2075,-0.0912,-0.0708,-0.2684,,-0.2611,-0.1068,-0.0037,-0.1787,-0.1881,-0.3064,-0.1686,-0.2652,-0.0760,-0.1347,-0.0687,-0.2794,-0.1990,-0.2530,-0.1573,,-0.2074,-0.1931,-0.0441,-0.3632,-0.0671,-0.1981,-0.0353,-0.0362,-0.3408,-0.0181,,-0.2214,-0.3246,-0.2088,-0.4154,-0.0154,-0.2827,-0.4671
A,CYS,145,-0.4588,-0.6895,-0.4382,-0.6728,-0.5851,-0.1782,-0.5915,-0.5369,-0.5708,-0.5119,-0.5666,-0.4482,-0.5109,-0.5786,-0.3431,-0.3756,-0.5355,-0.5070,-0.3755,-0.3650,-0.3843,-0.4171,-0.3259,-0.6870,-0.3662,-0.5010,-0.3093,-0.5271,-0.1922,-0.5548,-0.5709,-0.1392,-0.3682,-0.4853,-0.4587,-0.5998,-0.4828,-0.3881,-0.3126,-0.3925,-0.4714,-0.3443,-0.1820,-0.1633,-0.3855,-0.0470,-0.3885,-0.2529,-0.1343,-0.3739,-0.3070,-0.4408,-0.2558,-0.3434,-0.2038,-0.2318,-0.2789,-0.3404,-0.4205,-0.3855,-0.3037,-0.0716,-0.3137,-0.2709,-0.1227,-0.4853,-0.1204,-0.3482,-0.0784,-0.2704,-0.5371,-0.1246,-0.1112,-0.5779,-0.4446,-0.5329,-0.4727,-0.1822,-0.4928,-0.3365
A,GLY,146,-0.0124,-0.0435,-0.0166,-0.0432,-0.0337,,-0.0443,-0.0369,-0.0446,-0.0373,-0.0383,-0.0176,-0.0255,-0.0189,-0.0211,-0.0260,-0.0182,-0.0181,-0.0187,-0.0035,-0.0304,-0.0173,-0.0158,-0.0325,,-0.0205,-0.0081,-0.0253,-0.0092,-0.0311,-0.0220,,-0.0084,-0.0184,-0.0197,-0.0339,-0.0198,-0.0222,-0.0145,-0.0196,-0.0232,-0.0200,,,-0.0040,,-0.0070,-0.0225,,-0.0232,-0.0086,-0.0133,-0.0100,-0.0139,,-0.0037,-0.0073,-0.0061,-0.0086,-0.0079,-0.0049,,-0.0076,-0.0156,,-0.0217,,-0.0089,,-0.0044,-0.0310,,,-0.0352,-0.0157,-0.0358,-0.0182,-0.0030,-0.0304,-0.0131
A,SER,147,,,,,,,,,,-0.0034,-0.0037,,,,,,-0.0241,-0.0241,,,,,,,,,,,,,,,,,,,,,,-0.0035,,,,,,,,,,,,,,-0.0117,,,,,,,,,,,,-0.0168,,,,,-0.0072,,,,,,-0.0070,,,-0.0065
A,TYR,161,,,,,,,,,,,,,,,,,,,,,,,,,,,,,,,,,-0.0037,,,,,,,,,,,,,,-0.0037,,,,,,,,,,,-0.0039,,-0.0034,,,,,,-0.0069,,,,,,,,-0.0035,,,,,,
A,HIS,163,-0.0608,-0.2272,-0.0390,-0.2272,-0.3293,-0.2024,-0.3019,-0.2412,-0.3121,-0.2295,-0.3088,-0.1561,-0.1902,-0.2411,-0.1215,-0.1815,-0.6042,-0.5616,-0.1302,-0.1265,-0.1988,-0.0426,-0.1993,-0.2669,-0.1560,-0.2905,-0.2179,-0.1195,-0.0337,-0.3111,-0.1815,-0.1076,-0.5113,-0.2672,-0.1129,-0.1969,-0.1177,-0.1299,-0.0478,-0.1012,-0.1107,-0.2358,-0.0702,-0.0165,-0.1434,-0.0192,-0.4598,-0.0530,-0.1111,-0.1420,-0.1484,-0.2862,-0.0506,-0.3252,-0.1368,-0.1421,-0.1755,-0.4684,-0.1462,-0.4126,-0.1614,-0.0189,-0.3092,-0.1676,-0.0162,-0.5431,-0.0099,-0.2585,-0.0073,-0.1727,-0.1650,-0.0854,-0.0516,-0.2597,-0.2465,-0.3136,-0.4732,-0.0507,-0.3612,-0.0806
A,HIS,164,-0.3463,-0.2909,-0.2998,-0.2914,-0.2729,-0.4755,-0.2406,-0.3070,-0.4047,-0.2647,-0.2473,-0.3694,-0.2008,-0.3873,-0.3076,-0.1972,-0.4172,-0.3707,-0.1631,-0.1948,-0.2954,-0.2413,-0.2320,-0.2492,-0.2489,-0.2853,-0.3626,-0.2801,-0.0651,-0.2944,-0.3151,-0.4403,-0.3570,-0.3814,-0.1826,-0.2460,-0.1693,-0.1683,-0.1243,-0.1440,-0.1709,-0.2473,-0.1301,-0.0637,-0.1989,-0.2602,-0.4803,-0.1154,-0.5136,-0.2289,-0.1764,-0.2203,-0.0861,-0.1844,-0.3442,-0.2775,-0.4622,-0.4047,-0.2195,-0.5238,-0.3458,-0.3286,-0.2436,-0.1627,-0.0621,-0.3773,-0.0320,-0.4377,-0.0383,-0.6633,-0.1807,-0.3737,-0.2738,-0.5261,-0.2992,-0.6177,-0.4524,-0.2452,-0.4242,-0.0518
A,MET,165,-0.9978,-0.5119,-0.7207,-0.5122,-0.6369,-0.7918,-0.5203,-0.6649,-0.7547,-0.6221,-0.5816,-0.6692,-0.3912,-0.7240,-0.6643,-0.4340,-0.8757,-0.8319,-0.4299,-0.5164,-0.5950,-0.6312,-0.5839,-0.3834,-0.5173,-0.5195,-0.7373,-0.4712,-0.1843,-0.5352,-0.5569,-0.7781,-0.7180,-0.7590,-0.3939,-0.5697,-0.3521,-0.4173,-0.2806,-0.3380,-0.3618,-0.6102,-0.3848,-0.1918,-0.4463,-0.7257,-0.9491,-0.2551,-0.9323,-0.3823,-0.4136,-0.4477,-0.2004,-0.4247,-0.7704,-0.5431,-0.9379,-0.8542,-0.4459,-0.8759,-0.6783,-0.8435,-0.4424,-0.2958,-0.1856,-0.6499,-0.1570,-0.6683,-0.0535,-0.9848,-0.2042,-0.7065,-0.6050,-0.9559,-0.5511,-1.1311,-0.7563,-0.4498,-0.6268,-0.0447
A,GLU,166,-0.8853,-0.8507,-0.7292,-0.9597,-1.7107,-1.7112,-1.4952,-0.8973,-0.9701,-0.9595,-1.3469,-1.3077,-0.9185,-1.0393,-0.7266,-1.3658,-1.8120,-1.7057,-0.8879,-1.1867,-1.2868,-0.9312,-1.6507,-1.2887,-0.9798,-1.2510,-1.4768,-0.8837,-1.2790,-1.1270,-0.9161,-1.3785,-1.6518,-1.3369,-0.8819,-1.2829,-0.8512,-1.0237,-0.8474,-0.7587,-1.1249,-0.8389,-1.0910,-0.9114,-1.3055,-1.3337,-1.7384,-1.1165,-0.8366,-1.1370,-1.1758,-1.0362,-0.8078,-0.7823,-0.9831,-1.0228,-1.6273,-1.4524,-0.7465,-1.1509,-0.9159,-1.2721,-0.9569,-0.8659,-0.9420,-0.9584,-0.5069,-1.2456,-0.6364,-1.3554,-0.6255,-1.3524,-1.4279,-1.0547,-1.4601,-1.9041,-1.8350,-0.8991,-2.0994,-0.4511
A,LEU,167,-0.4480,-0.3481,-0.4046,-0.3392,-0.4658,-0.5647,-0.4938,-0.4574,-0.5512,-0.5381,-0.5771,-0.4592,-0.3962,-0.4748,-0.4283,-0.5027,-0.5779,-0.5253,-0.3232,-0.4346,-0.5029,-0.4603,-0.4109,-0.2863,-0.3606,-0.4361,-0.5617,-0.4371,-0.4170,-0.4437,-0.3596,-0.5485,-0.4624,-0.5244,-0.3030,-0.4666,-0.2894,-0.4250,-0.3463,-0.3253,-0.2884,-0.4239,-0.5194,-0.4095,-0.3565,-0.5339,-0.6056,-0.4685,-0.5645,-0.2871,-0.3921,-0.2927,-0.3303,-0.2939,-0.5588,-0.4253,-0.5150,-0.4013,-0.2647,-0.2742,-0.4213,-0.5191,-0.3594,-0.3343,-0.2749,-0.1460,-0.2655,-0.2751,-0.2493,-0.4237,-0.1815,-0.5393,-0.3739,-0.4659,-0.4145,-1.0303,-0.9755,-0.4710,-0.7415,-0.0805
A,PRO,168,-0.4937,-0.6373,-0.6842,-0.7096,-0.7680,-0.9513,-0.9013,-0.7951,-0.8890,-0.7821,-1.0750,-0.5073,-0.5880,-0.6187,-0.6528,-1.0410,-1.0225,-0.8904,-0.5638,-0.6502,-0.8312,-0.5718,-0.6554,-0.5227,-0.5649,-0.6373,-0.9394,-0.7224,-0.6581,-0.7246,-0.5989,-0.7561,-0.6633,-0.7362,-0.5016,-0.6557,-0.5077,-0.9176,-0.6036,-0.6064,-0.4147,-0.7884,-0.8947,-0.9303,-0.5192,-0.6737,-1.0700,-0.7822,-0.8836,-0.5238,-0.6096,-0.6044,-0.5702,-0.6530,-1.0441,-0.9643,-0.6514,-0.5983,-0.5197,-0.4113,-0.7356,-0.7348,-0.7726,-1.0076,-0.6332,-0.2257,-0.4839,-0.3661,-0.6735,-0.5414,-0.4746,-0.8145,-0.4300,-0.5806,-0.4186,-1.0592,-1.1602,-0.6454,-0.7947,-0.2432
A,THR,169,-0.0234,-0.0354,-0.0416,-0.0708,-0.1523,-0.2442,-0.1572,-0.0674,-0.0743,-0.0449,-0.1220,-0.0836,-0.0655,-0.0719,-0.0352,-0.2435,-0.1476,-0.0866,-0.0305,-0.0592,-0.1529,-0.0841,-0.1683,-0.2077,-0.0324,-0.1059,-0.2974,-0.0797,-0.1693,-0.0927,-0.1289,-0.1563,-0.0970,-0.2299,-0.0861,-0.0911,-0.0617,-0.1740,-0.0693,-0.0233,-0.1333,-0.0255,-0.1401,-0.1510,-0.1441,-0.1671,-0.1441,-0.1577,-0.0852,-0.1142,-0.1400,-0.0658,-0.0662,-0.0094,-0.1475,-0.1626,-0.3021,-0.0742,-0.0424,-0.0076,-0.0416,-0.1971,-0.0824,-0.1347,-0.1674,,-0.0392,-0.0497,-0.0979,-0.1683,-0.0958,-0.2312,-0.1240,-0.0549,-0.1914,-0.2713,-0.3494,-0.2050,-0.4583,-0.0081
A,GLY,170,-0.0045,-0.0045,-0.0137,-0.0302,-0.1804,-0.2532,-0.1407,-0.0389,-0.0428,-0.0066,-0.0906,-0.1140,-0.0590,-0.0523,-0.0087,-0.2635,-0.1191,-0.0877,-0.0044,-0.0810,-0.1493,-0.0695,-0.2039,-0.2871,-0.0130,-0.1151,-0.2764,-0.0530,-0.1721,-0.0893,-0.0981,-0.1517,-0.1096,-0.1879,-0.0462,-0.0713,-0.0495,-0.1194,-0.0498,-0.0037,-0.1563,,-0.1385,-0.1293,-0.1692,-0.2050,-0.1235,-0.1733,-0.0172,-0.1288,-0.1590,-0.0552,-0.0532,,-0.0690,-0.0909,-0.3365,-0.0888,,-0.0068,,-0.2203,-0.0489,-0.0898,-0.1522,-0.0101,-0.0173,-0.1318,-0.0550,-0.2060,-0.0411,-0.2128,-0.1474,-0.0296,-0.2199,-0.1632,-0.1808,-0.1852,-0.4061,
A,VAL,171,-0.0201,-0.0077,-0.0146,-0.0179,-0.0443,-0.0869,-0.0490,-0.0134,-0.0264,-0.0032,-0.0301,-0.0530,-0.0352,-0.0174,,-0.0661,-0.0685,-0.0686,-0.0060,-0.0508,-0.0378,-0.0331,-0.0364,-0.0889,-0.0131,-0.0655,-0.0949,-0.0220,-0.0727,-0.0268,-0.0154,-0.0377,-0.0803,-0.0726,-0.0120,-0.0575,-0.0154,-0.0239,-0.0120,,-0.0495,-0.0041,-0.0499,-0.0420,-0.0795,-0.0291,-0.0832,-0.0802,,-0.0515,-0.0197,-0.0386,-0.0306,,,,-0.1002,-0.0336,-0.0067,-0.0069,-0.0023,-0.0425,,-0.0197,-0.0227,-0.0088,-0.0086,-0.0107,,-0.0545,-0.0040,-0.0629,-0.0612,-0.0531,-0.1336,-0.1586,-0.1654,-0.1000,-0.2152,
A,HIS,172,-0.0039,-0.0248,-0.0032,-0.0296,-0.1570,-0.1198,-0.1499,-0.0421,-0.0417,-0.0200,-0.1268,-0.0290,-0.0709,,,-0.1037,-0.2363,-0.2443,-0.0193,-0.0941,-0.0717,,-0.1025,-0.0991,-0.0304,-0.1205,-0.0792,-0.0071,-0.0696,-0.0751,-0.0431,-0.0510,-0.3141,-0.0702,-0.0113,-0.0282,-0.0179,-0.0036,,-0.0032,-0.0428,-0.0409,-0.0043,-0.0179,-0.1313,-0.0419,-0.2210,-0.0415,-0.0042,-0.0878,-0.0700,-0.0953,-0.0175,-0.0714,-0.0077,-0.0082,-0.0779,-0.2295,-0.0118,-0.1265,-0.0131,-0.0112,-0.0930,-0.0331,-0.0178,-0.1876,-0.0029,-0.1033,,-0.0747,-0.0078,-0.0383,-0.0490,-0.1270,-0.2347,-0.0868,-0.2962,-0.0071,-0.2338,
A,ALA,173,-0.0174,-0.0063,-0.0033,-0.0063,-0.0067,-0.0141,,-0.0033,-0.0034,-0.0039,,-0.0033,,-0.0077,-0.0058,,-0.0201,-0.0168,-0.0068,,,-0.0025,-0.0087,-0.0035,-0.0105,-0.0197,-0.0030,,,,,-0.0075,-0.0293,-0.0044,-0.0062,-0.0062,-0.0055,,,-0.0030,-0.0065,-0.0112,-0.0029,,,-0.0039,-0.0417,,-0.0221,-0.0071,,-0.0045,,-0.0160,-0.0080,-0.0033,-0.0113,-0.0350,-0.0028,-0.0384,-0.0154,-0.0081,-0.0165,-0.0033,,-0.0338,,-0.0081,,-0.0280,,-0.0084,-0.0177,-0.0871,,-0.0365,-0.0111,,,
A,GLY,174,,,,,,,,,,,,,,,,,,,,,,,,,,,,,,,,,,,,,,,,,,,,,,,,,,,,,,,,,,,,,,,,,,,,,,,,,,-0.0029,,,,,,
A,PHE,181,-0.0162,,-0.0120,,,-0.0322,,,-0.0033,,,-0.0041,,-0.0075,-0.0069,,,,,,,-0.0038,,,,,-0.0078,,,,,-0.0321,,-0.0041,,,,,,,,,,,,-0.0241,,,-0.0408,,,,,,,,-0.0327,,,,,-0.0627,,,,,,,,-0.0522,,-0.0251,-0.0117,,,-0.0222,,,,
A,PHE,185,-0.0076,,,,,,,,,,,,,,,,,,,,,,,,,,,,,,,,,,,,,,,,,,,,,,,,-0.0030,,,,,,,,,,,,,,,,,,,,,,,,,,,-0.0088,,,,
A,VAL,186,-0.1060,,-0.0692,,-0.0030,-0.0520,,-0.0130,-0.0179,-0.0090,,-0.0123,,-0.0122,-0.0375,,,,-0.0043,,-0.0143,-0.0237,-0.0030,,-0.0050,,-0.0181,,,-0.0036,,-0.0628,,-0.0071,-0.0023,,,,,,,-0.0099,,,,-0.0922,-0.0041,,-0.1260,,,,,,-0.0351,-0.0036,-0.0476,-0.0035,,-0.0037,-0.0203,-0.1253,,,,,,-0.0040,,-0.0861,,-0.0620,-0.0382,-0.0108,,-0.0498,,,,
A,ASP,187,-0.1972,,-0.1648,,-0.0060,-0.3614,,-0.0570,-0.0804,-0.0204,,-0.0698,,-0.0702,-0.0828,,-0.0190,-0.0173,,-0.0033,-0.0246,-0.0795,,,-0.0042,,-0.0854,-0.0191,,-0.0174,-0.0280,-0.3353,,-0.0782,,,,,,-0.0059,,-0.0069,-0.0064,,,-0.3664,-0.0209,,-0.4616,-0.0174,,,,,-0.1014,-0.0442,-0.1851,-0.0116,,-0.0395,-0.0153,-0.4883,,,,-0.0039,,-0.0819,,-0.4321,,-0.3320,-0.3200,-0.0291,-0.0474,-0.1235,-0.0165,-0.0812,-0.0831,
A,ARG,188,-0.3759,-0.0657,-0.3216,-0.0403,-0.0260,-0.2711,-0.0273,-0.1547,-0.2066,-0.1886,-0.1082,-0.1246,-0.0094,-0.1636,-0.2172,-0.0155,-0.0955,-0.0837,-0.0913,-0.0548,-0.0894,-0.1691,-0.0343,,-0.1051,,-0.1240,-0.0756,,-0.0828,-0.0605,-0.3537,-0.0220,-0.1390,-0.0421,-0.0423,-0.0159,-0.0248,-0.0260,-0.0738,-0.0070,-0.1456,-0.0238,,-0.0184,-0.4642,-0.1018,,-0.5742,-0.0173,-0.0338,,,-0.1025,-0.1859,-0.1021,-0.2879,-0.0504,-0.0382,-0.0719,-0.1578,-0.5348,-0.0193,,-0.0069,,-0.0760,-0.1135,-0.0223,-0.3217,,-0.4536,-0.2821,-0.2219,-0.0406,-0.2038,-0.0644,-0.1543,-0.0312,
A,GLN,189,-1.3903,-0.9268,-1.3933,-0.8408,-0.3394,-0.8587,-0.6113,-1.2453,-1.3951,-1.3232,-0.9169,-0.8322,-1.0487,-0.9988,-1.5216,-0.5281,-0.8579,-0.8914,-1.1571,-0.8416,-0.7035,-1.1204,-0.3779,-0.3987,-1.2614,-0.5830,-0.8984,-0.9077,-0.6479,-0.8152,-0.7901,-1.0539,-0.8191,-0.8187,-0.8238,-0.8196,-0.6850,-0.5847,-0.8318,-0.9131,-0.4926,-1.2939,-0.6044,-0.7108,-0.5342,-1.2300,-0.7758,-0.7343,-1.5840,-0.4843,-0.4185,-0.8734,-0.9083,-1.2459,-1.1802,-0.8775,-1.1778,-0.6425,-0.9192,-0.6488,-1.3741,-1.2722,-0.7818,-0.7929,-0.4684,-0.9725,-1.5751,-0.7577,-0.8528,-1.1929,-0.8488,-1.2908,-1.1246,-1.2324,-0.5301,-0.7915,-0.6586,-1.3572,-0.3594,-0.4307
A,THR,190,-0.4744,-0.2922,-0.3804,-0.1345,-0.0279,-0.0779,-0.1394,-0.3896,-0.4576,-0.6313,-0.3527,-0.0653,-0.1066,-0.2016,-0.4524,-0.0438,-0.1851,-0.2639,-0.4221,-0.1256,-0.0876,-0.1754,-0.0083,,-0.3070,-0.0034,-0.0686,-0.1790,-0.0035,-0.1453,-0.0440,-0.1440,-0.1811,-0.0847,-0.0602,-0.0861,-0.0475,-0.0589,-0.0813,-0.2521,,-0.5784,-0.0458,-0.0411,,-0.1996,-0.2496,-0.0150,-0.4231,,-0.0280,-0.0584,-0.0699,-0.4764,-0.2259,-0.1189,-0.0787,-0.0709,-0.1070,-0.0189,-0.3929,-0.2179,-0.2045,-0.0705,,-0.0550,-0.3494,-0.0076,-0.0716,-0.0956,-0.0270,-0.1000,-0.0140,-0.2016,,-0.2805,-0.1492,-0.0637,-0.0115,-0.0469
A,ALA,191,-0.1774,-0.2373,-0.1711,-0.1027,-0.0189,-0.0111,-0.0754,-0.1641,-0.2420,-0.3909,-0.2705,-0.0351,-0.0479,-0.0812,-0.3089,-0.0125,-0.1108,-0.2708,-0.1754,-0.0946,-0.0255,-0.0576,,,-0.1429,,-0.0220,-0.1001,,-0.0791,,-0.0390,-0.1234,-0.0289,-0.0090,-0.0231,-0.0510,-0.0196,-0.0574,-0.1481,,-0.3823,-0.0312,-0.0259,,-0.0400,-0.3107,,-0.2341,,-0.0042,-0.0875,-0.0276,-0.3548,-0.1439,-0.0712,-0.0033,-0.0472,-0.0918,,-0.2363,-0.0269,-0.1429,-0.0696,,-0.0468,-0.2263,,-0.0291,,,-0.0111,,-0.1128,,-0.1179,-0.1110,-0.0207,,-0.0461
A,GLN,192,-0.3867,-0.2078,-0.3214,-0.1041,-0.0130,-0.0199,-0.0581,-0.1218,-0.2289,-0.4022,-0.1971,-0.0556,-0.0172,-0.1468,-0.2243,-0.0144,-0.0848,-0.1284,-0.1651,-0.1442,-0.0314,-0.1221,-0.0042,,-0.1648,-0.0039,-0.0508,-0.1365,-0.0030,-0.0357,-0.0098,-0.0841,-0.0289,-0.0454,-0.0065,-0.0448,-0.0215,-0.0186,-0.0739,-0.1168,,-0.3304,-0.0490,-0.0229,,-0.1330,-0.1296,-0.0078,-0.3288,,-0.0037,-0.0251,-0.0095,-0.2315,-0.1860,-0.0976,-0.0465,-0.0069,-0.0508,-0.0040,-0.2563,-0.1444,-0.0591,-0.0415,,-0.0037,-0.1346,-0.0035,-0.0161,-0.0583,,-0.0322,-0.0109,-0.2132,-0.0041,-0.3404,-0.1231,-0.0491,-0.0153,-0.0045
A,ALA,193,-0.0134,-0.0077,-0.0081,,,,,,-0.0076,-0.0255,-0.0074,,,-0.0041,,,,-0.0034,-0.0039,,,,,,-0.0043,,,,,,,,,,,,,,,-0.0045,,-0.0073,,,,,-0.0044,,,,,,,-0.0088,,,,,,,-0.0071,,,,,,,,,,,,,,,-0.0352,-0.0079,,,
A,ALA,194,,,,,,,,,,,,,,,,,,,,,,,,,,,,,,,,,,,,,,,,,,,,,,,,,,,,,,,,,,,,,,,,,,,,,,,,,,,,-0.0069,,,,

Intra-Ligand Free,,,0.0963,-0.4271,-0.3262,-0.4857,-0.8841,-0.6986,-0.4293,-0.6889,-0.4483,-0.5679,-0.4323,-0.5404,-0.5872,-0.8653,-0.8145,-0.8095,0.4592,-0.0093,-0.5208,-0.3575,-0.8601,-0.3594,-0.9529,-0.5449,-0.1858,-0.7010,-0.2732,-0.5736,-1.0378,-0.3059,-0.3716,-0.1785,-0.4229,-0.4175,-0.7925,-0.0171,-0.6679,-0.4197,-0.6228,-0.9512,-0.5186,-0.4243,-0.6527,-0.9558,-0.6465,-0.1411,-0.2852,-0.3337,1.3889,-0.5878,-0.3269,-0.2193,-0.3278,-0.6520,0.6814,-0.2403,0.1109,0.5299,0.6806,-0.2299,0.2920,-0.2822,1.7768,0.3944,-0.1796,2.2288,0.3114,-0.1865,-0.5766,-0.0418,0.9562,-0.1353,1.6741,1.7618,3.8966,0.1877,0.2031,0.3394,3.6276,0.5035
Inter-Ligand Free,,,-11.2776,-10.5382,-10.4942,-9.9859,-9.3922,-9.4227,-9.6354,-9.1233,-9.3252,-9.1925,-9.2932,-9.1539,-9.0722,-8.6826,-8.6812,-8.6662,-9.8679,-9.3663,-8.8543,-8.9762,-8.4245,-8.8912,-8.2174,-8.5892,-8.9074,-8.3860,-8.6187,-8.3061,-7.7778,-8.3870,-8.3087,-8.4893,-8.0673,-7.9966,-7.5671,-8.2840,-7.5665,-7.7695,-7.5085,-7.1798,-7.5632,-7.6364,-7.3895,-6.9833,-7.2924,-7.7341,-7.5797,-7.4293,-8.9675,-6.9201,-7.0076,-6.9613,-6.8398,-6.4912,-7.7424,-6.7949,-7.1090,-7.2688,-6.9584,-5.5433,-5.9829,-5.0954,-6.9607,-5.5235,-4.5578,-6.3179,-4.3482,-3.7068,0.4348,4.2763,4.3685,6.3354,22.2792,30.4081,28.3071,36.4824,38.7192,62.7375,67.4639,115.9255
Total Free Energy,,,-11.1814,-10.9652,-10.8204,-10.4716,-10.2763,-10.1212,-10.0646,-9.8122,-9.7735,-9.7604,-9.7255,-9.6943,-9.6594,-9.5480,-9.4957,-9.4758,-9.4086,-9.3757,-9.3751,-9.3338,-9.2846,-9.2506,-9.1704,-9.1342,-9.0931,-9.0870,-8.8920,-8.8796,-8.8156,-8.6930,-8.6803,-8.6678,-8.4902,-8.4141,-8.3596,-8.3011,-8.2344,-8.1892,-8.1313,-8.1311,-8.0817,-8.0607,-8.0422,-7.9391,-7.9389,-7.8752,-7.8649,-7.7629,-7.5786,-7.5079,-7.3345,-7.1806,-7.1677,-7.1431,-7.0610,-7.0352,-6.9980,-6.7389,-6.2777,-5.7732,-5.6909,-5.3775,-5.1839,-5.1291,-4.7374,-4.0891,-4.0368,-3.8933,-0.1418,4.2345,5.3247,6.2000,23.9533,32.1699,32.2037,36.6701,38.9224,63.0769,71.0915,116.4290
Normalized Total Free Energy,,,-8.7268,-8.5595,-8.4475,-8.1775,-8.0265,-7.9065,-7.8626,-7.6673,-7.6374,-7.6272,-7.6002,-7.5761,-7.5491,-7.4629,-7.4224,-7.4070,-7.3550,-7.3295,-7.3291,-7.2971,-7.2591,-7.2328,-7.1706,-7.1426,-7.1109,-7.1062,-6.9552,-6.9457,-6.8961,-6.8012,-6.7914,-6.7818,-6.6444,-6.5855,-6.5432,-6.4980,-6.4464,-6.4114,-6.3666,-6.3664,-6.3283,-6.3120,-6.2977,-6.2179,-6.2178,-6.1684,-6.1605,-6.0816,-5.9389,-5.8842,-5.7501,-5.6310,-5.6209,-5.6020,-5.5384,-5.5185,-5.4897,-5.2891,-4.9323,-4.5419,-4.4782,-4.2357,-4.0859,-4.0435,-3.7403,-3.2387,-3.1983,-3.0872,-0.1842,3.2022,4.0458,4.7232,18.4609,24.8190,24.8452,28.3014,30.0442,48.7353,54.9371,90.0199
