Chain ID,Residue name,Residue sequence,Conf 1,Conf 2,Conf 3,Conf 4,Conf 5,Conf 6,Conf 7,Conf 8,Conf 9,Conf 10,Conf 11,Conf 12,Conf 13,Conf 14,Conf 15,Conf 16,Conf 17,Conf 18,Conf 19,Conf 20,Conf 21,Conf 22,Conf 23,Conf 24,Conf 25,Conf 26,Conf 27,Conf 28,Conf 29,Conf 30,Conf 31,Conf 32,Conf 33,Conf 34,Conf 35,Conf 36,Conf 37,Conf 38,Conf 39,Conf 40,Conf 41,Conf 42,Conf 43,Conf 44,Conf 45,Conf 46,Conf 47,Conf 48,Conf 49,Conf 50,Conf 51,Conf 52,Conf 53,Conf 54,Conf 55,Conf 56,Conf 57,Conf 58,Conf 59,Conf 60,Conf 61,Conf 62,Conf 63,Conf 64,Conf 65,Conf 66
A,GLN,19,,,,,,,,,,-0.0033,,,,,,,,,,,,,,,,,,,,,,,,,,,,,,,,,,,,,,,,,,,,-0.0068,,,,,,,,,,,,
A,VAL,20,-0.0069,-0.0067,-0.0108,-0.0032,-0.0161,-0.0045,-0.0039,,-0.0044,-0.0105,-0.0108,-0.0112,-0.0037,-0.0152,,-0.0043,-0.0040,-0.0030,-0.0127,,-0.0117,,,-0.0037,,-0.0046,-0.0170,-0.0056,,,-0.0079,,,-0.0075,-0.0076,-0.0149,-0.0110,-0.0040,,,,-0.0123,-0.0084,,,,-0.0127,-0.0082,,,-0.0032,-0.0134,,-0.0048,,,-0.0070,,,,,-0.0114,,-0.0030,,-0.0167
A,THR,21,,,,,,,,,,-0.0033,-0.0036,,,,,,,,-0.0034,,-0.0033,,,,,,,,,,,,,,,,,,,-0.0032,,,,,,,,,,,-0.0033,,,,,,,,,,,-0.0032,,,,
A,CYS,22,,,,,,,,,,-0.0032,-0.0071,,-0.0077,,,,,,-0.0030,,-0.0072,,,-0.0071,,,,,,,,,,,,,,,,-0.0252,-0.0265,,,-0.0218,,,,-0.0029,,,-0.0127,,,,,,,-0.0212,,,,-0.0246,,-0.0027,,
A,GLY,23,,,,,,,,,,,-0.0033,,,,,,,,,,,,,,,,,,,,,,,,,,,,,-0.0254,-0.0323,,,-0.0194,,,,,,,-0.0069,,,,,,,-0.0037,,,,,,,,
A,THR,24,-0.0149,-0.0157,-0.0201,-0.0028,-0.0280,-0.0070,-0.0786,,-0.0367,-0.0809,-0.0890,-0.0141,-0.1076,-0.0301,-0.0089,-0.0029,-0.0068,-0.0075,-0.0405,-0.0603,-0.0696,,,-0.1002,-0.0211,-0.0208,-0.0321,-0.0067,-0.0278,-0.0119,-0.0210,-0.0124,,-0.0215,-0.0075,-0.0267,-0.0265,,-0.0041,-0.2725,-0.2789,-0.0195,-0.0776,-0.1982,-0.0126,-0.0034,-0.0084,-0.0378,,,-0.1394,-0.0101,-0.0117,-0.0617,,,-0.0037,-0.0887,-0.0232,-0.0128,,-0.0726,-0.0513,-0.0791,-0.0118,
A,THR,25,-0.1514,-0.1620,-0.1685,-0.0814,-0.2413,-0.1291,-0.3182,-0.0167,-0.1892,-0.2425,-0.3683,-0.1615,-0.3442,-0.2405,-0.1441,-0.1085,-0.1192,-0.1333,-0.2483,-0.2329,-0.3035,-0.0976,-0.0814,-0.2986,-0.1546,-0.2013,-0.2183,-0.1485,-0.2508,-0.0777,-0.2066,-0.1335,-0.0807,-0.2279,-0.1740,-0.2064,-0.1884,-0.1625,-0.0741,-0.5951,-0.6596,-0.1850,-0.2987,-0.5601,-0.1458,-0.0989,-0.1792,-0.2582,-0.0176,-0.1487,-0.4231,-0.1716,-0.1446,-0.2808,-0.1174,-0.0920,-0.1568,-0.3860,-0.2610,-0.1605,-0.1580,-0.3768,-0.2578,-0.1911,-0.2488,-0.1967
A,THR,26,-0.1872,-0.1885,-0.2231,-0.1111,-0.2051,-0.1779,-0.2828,-0.0130,-0.2581,-0.4345,-0.4070,-0.2110,-0.2950,-0.2240,-0.1601,-0.1673,-0.1423,-0.1139,-0.3144,-0.2072,-0.3262,-0.0979,-0.0933,-0.2925,-0.1849,-0.1376,-0.2823,-0.1088,-0.2270,-0.0646,-0.1457,-0.0860,-0.0950,-0.1836,-0.1342,-0.2715,-0.1724,-0.1323,-0.0279,-0.2158,-0.2268,-0.2523,-0.3743,-0.1877,-0.1407,-0.0891,-0.1522,-0.2018,,-0.1304,-0.2130,-0.1885,-0.1485,-0.3652,-0.1161,-0.0638,-0.1542,-0.2147,-0.1111,-0.0726,-0.1796,-0.1461,-0.1006,-0.2475,-0.0920,-0.2855
A,LEU,27,-0.2746,-0.2740,-0.2841,-0.2056,-0.3746,-0.3026,-0.2881,-0.0491,-0.2078,-0.2356,-0.2786,-0.2936,-0.2391,-0.2989,-0.2169,-0.2644,-0.2742,-0.2339,-0.2422,-0.2305,-0.2301,-0.1767,-0.1620,-0.2370,-0.1977,-0.2614,-0.4012,-0.1989,-0.2481,-0.1066,-0.2780,-0.1349,-0.1482,-0.2985,-0.3248,-0.2719,-0.2637,-0.3025,-0.0610,-0.1070,-0.1300,-0.3640,-0.3980,-0.1122,-0.2124,-0.1716,-0.3986,-0.2345,-0.0268,-0.2512,-0.1485,-0.3958,-0.2321,-0.2944,-0.2273,-0.1388,-0.3259,-0.2418,-0.1660,-0.1229,-0.3613,-0.1895,-0.0702,-0.1747,-0.2420,-0.6872
A,ASN,28,-0.0487,-0.0390,-0.0396,-0.0496,-0.0327,-0.0710,-0.0449,,-0.0278,-0.0135,-0.0095,-0.0484,-0.0076,-0.0260,-0.0285,-0.0731,-0.0535,-0.0406,-0.0334,-0.0273,-0.0186,-0.0342,-0.0123,-0.0110,-0.0336,-0.0291,-0.0645,-0.0248,-0.0312,,-0.0297,-0.0036,-0.0165,-0.0293,-0.0437,-0.0426,-0.0284,-0.0502,,,,-0.0895,-0.0709,,-0.0191,-0.0155,-0.0755,-0.0162,,-0.0240,,-0.0858,-0.0355,-0.0328,-0.0317,,-0.1003,-0.0180,,,-0.0960,-0.0075,,,-0.0034,-0.2638
A,GLY,29,,,,,,,,,,,,,,,,,,,,,,,,,,,,,,,,,,,,,,,,,,,,,,,,,,,,,,,,,,,,,,,,,,-0.0088
A,CYS,38,,,,,,,,,,,,,,,,,,,,,,,,,,,,,,,,,,,,,,,,,,,,,,,,,,,,,,,,,,,,,,,,,,-0.0354
A,PRO,39,-0.0470,-0.0464,-0.0346,-0.0623,-0.0876,-0.0628,-0.0324,-0.0177,,-0.0086,-0.0311,-0.0540,-0.0097,-0.0503,-0.0353,-0.0624,-0.0636,-0.0596,-0.0176,-0.0265,-0.0036,-0.0640,-0.0210,-0.0099,-0.0334,-0.0722,-0.0548,-0.0696,-0.0294,-0.0179,-0.0774,-0.0157,-0.0319,-0.0613,-0.0969,-0.0293,-0.0654,-0.1042,-0.0259,,,-0.0599,-0.0697,-0.0086,-0.0341,-0.0292,-0.1262,-0.0340,-0.0184,-0.0569,,-0.1102,-0.0466,,-0.0587,-0.0588,-0.0984,-0.0199,-0.0676,-0.0265,-0.1042,-0.0289,,-0.0079,-0.1971,-0.3082
A,ARG,40,,,,,-0.0112,,,-0.0119,,,,,,-0.0038,,,,,,,,,,,,,,-0.0036,,,,,,-0.0069,-0.0038,,,-0.0106,,,,,,,,,-0.0035,-0.0033,,-0.0044,,,,,,,-0.0045,-0.0088,-0.0205,-0.0073,-0.0036,-0.0104,,,-0.1036,-0.0191
A,HIS,41,-0.5153,-0.5018,-0.4844,-0.3220,-0.6245,-0.3522,-0.4494,-0.5239,-0.3555,-0.1779,-0.6129,-0.4624,-0.2884,-0.4036,-0.3287,-0.3155,-0.3470,-0.3930,-0.4148,-0.4188,-0.2171,-0.3774,-0.5130,-0.2990,-0.3319,-0.5784,-0.3335,-0.4655,-0.4042,-0.5264,-0.5064,-0.4260,-0.3992,-0.4046,-0.5171,-0.3180,-0.3912,-0.5119,-0.7484,-0.1675,-0.2640,-0.3154,-0.4641,-0.3421,-0.4688,-0.4436,-0.5630,-0.3240,-0.6206,-0.6981,-0.2166,-0.6302,-0.4750,-0.4936,-0.5985,-0.8842,-0.6433,-0.5003,-1.0300,-0.8573,-0.7438,-0.5787,-0.4399,-0.1941,-1.1687,-0.9460
A,VAL,42,-0.0774,-0.0750,-0.0783,-0.0543,-0.1281,-0.0994,-0.1391,-0.0124,-0.0363,-0.0161,-0.0855,-0.0756,-0.0730,-0.1047,-0.0361,-0.0751,-0.0874,-0.0881,-0.0961,-0.0569,-0.0901,-0.0659,-0.0258,-0.0782,-0.0310,-0.1174,-0.1275,-0.0970,-0.0573,-0.0325,-0.1178,-0.0262,-0.0404,-0.1048,-0.1174,-0.0824,-0.1120,-0.1108,-0.0433,-0.1056,-0.1029,-0.1140,-0.1118,-0.1094,-0.0817,-0.0543,-0.1384,-0.1088,-0.0140,-0.1002,-0.0760,-0.1013,-0.0894,-0.0356,-0.0524,-0.0708,-0.0806,-0.1492,-0.1608,-0.1010,-0.0810,-0.1726,-0.0472,-0.0198,-0.2179,-0.2024
A,ILE,43,,,,,-0.0117,,,,,,,,,-0.0046,,,,-0.0031,,,,,,,,-0.0071,-0.0033,-0.0045,-0.0034,,-0.0118,,,-0.0048,-0.0047,,-0.0043,-0.0048,,-0.0150,-0.0201,,,-0.0152,-0.0038,-0.0035,-0.0047,-0.0188,,-0.0034,-0.0073,-0.0071,-0.0038,,-0.0041,,-0.0035,-0.0488,-0.0209,-0.0036,-0.0042,-0.0436,-0.0073,,-0.0270,-0.0042
A,CYS,44,-0.0199,-0.0171,-0.0172,,-0.0490,-0.0156,-0.0525,-0.0262,-0.0070,-0.0043,-0.0283,-0.0194,-0.0449,-0.0351,-0.0037,-0.0040,-0.0071,-0.0194,-0.0232,-0.0454,-0.0307,-0.0036,-0.0239,-0.0448,,-0.0434,-0.0337,-0.0377,-0.0192,-0.0353,-0.0515,-0.0250,-0.0041,-0.0438,-0.0455,-0.0077,-0.0234,-0.0325,-0.0581,-0.1176,-0.1285,-0.0252,-0.0111,-0.1380,-0.0632,-0.0529,-0.0498,-0.0710,-0.0287,-0.1036,-0.0659,-0.0475,-0.0627,-0.0341,-0.0659,-0.0460,-0.0883,-0.1334,-0.1902,-0.1495,-0.0530,-0.1942,-0.2042,-0.0124,-0.2424,-0.0411
A,THR,45,-0.0036,-0.0035,-0.0035,,-0.0035,,-0.0616,,-0.0126,,-0.0330,-0.0035,-0.0714,,-0.0121,,,,-0.0176,-0.1154,-0.0073,,-0.0038,-0.0633,,-0.0177,-0.0158,,-0.0516,-0.0190,-0.0171,-0.0479,,-0.0284,-0.0032,-0.0144,-0.0075,-0.0031,-0.0489,-0.2059,-0.2140,-0.0148,-0.0076,-0.2039,-0.0362,-0.0272,-0.0143,-0.0533,-0.0073,-0.0669,-0.1370,-0.0613,-0.0352,-0.0304,-0.0454,-0.0151,-0.0765,-0.1594,-0.1491,-0.1241,-0.0358,-0.1492,-0.3607,-0.0113,-0.1427,-0.0200
A,SER,46,-0.0033,-0.0033,,,,-0.0039,-0.0563,,-0.0187,-0.0160,-0.0616,,-0.0490,-0.0074,-0.0870,-0.0043,-0.0038,-0.0045,-0.0310,-0.1994,-0.0169,-0.0128,,-0.0495,-0.0583,-0.0070,-0.0046,-0.0045,-0.1616,-0.0169,-0.0064,-0.1089,,-0.0701,-0.0124,-0.0439,-0.0180,,-0.0757,-0.2150,-0.2166,-0.0253,-0.0271,-0.1996,-0.0197,-0.0249,-0.0072,-0.0695,,-0.0299,-0.1696,-0.1150,-0.0148,-0.0337,-0.0255,-0.0154,-0.1200,-0.1138,-0.1411,-0.1602,-0.0160,-0.0926,-0.4477,-0.0276,-0.2223,
A,GLU,47,,,,,,,,,,,,,,,,,,,,-0.0088,,,,,,,,,-0.0085,,,,,,,,,,,-0.0080,-0.0111,,,-0.0044,,,,-0.0033,,,-0.0039,-0.0040,,,,,-0.0039,,,,,,-0.0751,,,
A,ASP,48,,,,,,,,,,,,,,,,,,,,,,,,,,,,,,,,,,,,,,,-0.0037,,,,,-0.0059,,,,,,,,-0.0037,,,,,,,-0.0173,-0.0213,,-0.0034,-0.1341,,-0.0038,
A,MET,49,-0.3181,-0.2800,-0.2813,-0.1318,-0.2716,-0.2054,-0.3646,-0.3001,-0.2778,-0.1623,-0.6003,-0.2522,-0.1534,-0.1774,-0.3140,-0.1996,-0.1257,-0.2213,-0.3058,-0.4877,-0.1931,-0.1612,-0.3119,-0.1592,-0.2362,-0.2667,-0.2156,-0.2091,-0.4433,-0.3985,-0.2584,-0.4131,-0.1845,-0.3600,-0.1774,-0.2542,-0.1945,-0.2196,-0.6234,-0.3508,-0.4634,-0.2820,-0.3246,-0.4557,-0.3271,-0.2698,-0.2107,-0.3554,-0.5319,-0.4551,-0.4051,-0.5876,-0.2933,-0.5642,-0.2853,-0.4240,-0.4696,-0.3391,-0.7660,-0.7317,-0.2721,-0.5228,-0.8237,-0.1787,-1.0685,-0.1792
A,LEU,50,-0.0213,,-0.0326,-0.0439,-0.0565,-0.0221,-0.0131,-0.0040,,-0.0090,-0.0113,,-0.0194,-0.0157,,,,-0.0044,,,-0.0387,-0.0046,-0.0042,,,-0.0346,,-0.0085,,-0.0231,,-0.0047,-0.0050,,,,-0.0151,,-0.0124,,,-0.0219,,,-0.0075,-0.0049,,,-0.0328,-0.0107,,-0.0082,,-0.0315,-0.0047,,,,-0.0087,-0.0130,-0.0084,,-0.0463,,-0.0246,
A,PRO,52,,,,,,,,-0.0134,,,-0.0083,,,,,,,,,,,,,,,,,,,-0.0077,,,,,,,,,-0.0177,,,,,,,,,,-0.0085,,,,,-0.0092,,,,,-0.0132,-0.0092,,-0.0035,-0.0180,,-0.0135,
A,TYR,54,-0.0048,-0.0047,-0.0045,,-0.0051,,,-0.0490,,,-0.0274,-0.0044,,,,,,,,,,,-0.0131,,,-0.0050,,-0.0033,,-0.0355,-0.0038,,,,,,,-0.0040,-0.0675,,,,,,-0.0072,,,,-0.0580,-0.0271,,-0.0125,-0.0074,-0.0397,,-0.0234,-0.0135,,-0.0616,-0.0510,,-0.0177,-0.0303,,-0.1012,
A,CYS,117,,,,-0.0046,,-0.0043,-0.0037,,,-0.0031,,,,-0.0043,-0.0037,-0.0047,-0.0043,,,,-0.0030,-0.0031,-0.0034,,-0.0069,,-0.0034,,-0.0036,,,,-0.0042,,,,-0.0030,,,,,-0.0042,-0.0040,,-0.0085,-0.0043,-0.0042,,,-0.0091,,-0.0073,-0.0137,-0.0032,-0.0050,,-0.0098,-0.0035,,,-0.0184,,,,,-0.0267
A,TYR,118,-0.0193,-0.0151,-0.0207,-0.0370,-0.0167,-0.0124,-0.0400,-0.0412,-0.0247,-0.0168,,-0.0253,-0.0554,-0.0356,-0.0703,-0.0319,-0.0375,-0.0090,-0.0245,-0.0341,-0.0170,-0.0083,-0.0595,-0.0602,-0.0680,-0.0037,-0.0069,,-0.0701,,-0.0074,-0.0486,-0.0804,,-0.0034,-0.0160,-0.0224,-0.0084,,,,-0.0087,-0.0385,,-0.0985,-0.0694,-0.0359,,,-0.0777,,-0.0131,-0.1402,-0.0839,-0.0596,,-0.0440,-0.0285,,,-0.1107,,,-0.0078,,-0.1440
A,ASN,119,-0.0060,-0.0032,-0.0142,-0.0033,,-0.0032,,,-0.0211,-0.0608,-0.0377,-0.0152,-0.0080,,,-0.0033,-0.0035,,-0.0255,,-0.0220,,,-0.0080,,,-0.0033,,,,,,,,,-0.0162,,,,,,,-0.0114,,,,,,,,,,,-0.0912,,,-0.0071,,,,-0.0042,,,-0.0213,,-0.0076
A,GLY,138,,,,,,,,,,,,,,,-0.0072,,,,,,,,,,,,,,,,,,,,,,,,,,,,,,,,,,,,,,,,,,,,,,,,,,,
A,SER,139,,,,,,,,-0.0133,,,,,,,-0.0358,,,,,,,,,-0.0037,-0.0083,,,,-0.0041,,,-0.0037,-0.0261,,,,,,,,,,,,-0.0199,-0.0082,,,,-0.0077,,,-0.0395,,,,,-0.0170,,,,,,,,
A,PHE,140,-0.0674,-0.0794,-0.0673,-0.2101,-0.0860,-0.0558,-0.1046,-0.3551,-0.0773,-0.0727,,-0.0721,-0.2372,-0.2193,-0.4008,-0.0707,-0.2044,-0.0202,-0.0654,-0.1797,-0.1209,-0.0695,-0.2940,-0.2671,-0.2447,-0.0142,-0.0511,-0.0844,-0.1889,-0.0239,-0.0268,-0.1753,-0.4988,,-0.1228,-0.0400,-0.1343,-0.0065,-0.0132,-0.0990,-0.0531,,-0.1033,-0.1027,-0.3931,-0.3188,-0.1605,-0.0280,-0.0296,-0.3238,-0.0038,-0.0423,-0.5457,-0.0281,-0.2203,-0.0775,-0.1068,-0.3741,-0.0400,-0.0120,-0.2558,-0.0035,-0.0991,-0.0071,-0.0038,-0.4270
A,LEU,141,-0.2148,-0.2120,-0.2140,-0.3014,-0.2257,-0.2025,-0.2990,-0.4523,-0.2178,-0.2523,-0.0955,-0.2221,-0.4621,-0.4494,-0.5578,-0.2101,-0.3828,-0.1445,-0.1920,-0.2459,-0.2713,-0.2108,-0.4946,-0.4762,-0.4633,-0.1274,-0.1966,-0.2187,-0.3790,-0.0789,-0.1656,-0.3117,-0.6248,-0.0944,-0.2513,-0.1802,-0.2923,-0.1518,-0.0796,-0.2527,-0.1696,-0.1402,-0.2882,-0.2431,-0.5715,-0.4319,-0.3470,-0.1350,-0.0711,-0.4004,-0.0737,-0.1754,-0.7750,-0.1794,-0.4376,-0.2094,-0.2694,-0.4592,-0.2071,-0.0937,-0.4156,-0.0380,-0.2135,-0.1690,-0.0203,-0.7087
A,ASN,142,-0.5052,-0.5048,-0.4983,-0.7453,-0.5860,-0.9727,-1.1012,-0.8048,-0.6460,-1.1422,-0.6234,-0.5493,-1.1265,-0.9423,-1.3244,-0.9960,-0.9753,-0.6734,-0.5919,-0.9232,-1.2995,-0.9740,-1.2076,-1.1084,-1.4491,-0.5810,-0.9438,-0.9243,-1.1471,-0.2708,-0.7496,-0.9584,-1.1717,-0.5133,-0.9637,-0.7122,-0.8593,-0.8101,-0.5236,-1.0309,-0.6329,-0.9363,-1.0054,-0.8120,-1.2928,-0.8812,-0.9071,-0.6962,-0.4108,-0.8636,-0.5679,-0.9297,-1.2910,-0.6622,-0.9554,-0.7364,-1.1178,-0.8791,-1.0981,-0.8728,-0.9632,-0.4130,-0.9951,-0.9843,-0.3762,-1.2852
A,GLY,143,-0.3149,-0.3052,-0.3587,-0.3493,-0.2391,-0.3584,-0.4484,-0.2058,-0.4469,-0.4888,-0.2660,-0.3857,-0.4839,-0.3774,-0.4750,-0.3504,-0.3734,-0.2022,-0.3815,-0.3960,-0.4067,-0.2788,-0.4043,-0.4624,-0.5464,-0.2145,-0.3356,-0.2253,-0.5520,-0.1181,-0.2248,-0.3192,-0.4391,-0.2188,-0.2373,-0.3367,-0.2545,-0.2233,-0.1172,-0.1876,-0.2042,-0.3755,-0.5080,-0.1524,-0.5055,-0.3696,-0.3053,-0.2181,-0.0611,-0.4023,-0.1803,-0.2899,-0.5748,-0.5241,-0.4103,-0.1837,-0.4817,-0.3378,-0.1866,-0.1357,-0.5395,-0.1267,-0.2089,-0.2533,-0.1287,-0.5791
A,SER,144,-0.2490,-0.2446,-0.2583,-0.3352,-0.2353,-0.2709,-0.2840,-0.2796,-0.2442,-0.2044,-0.1146,-0.2705,-0.3337,-0.3325,-0.3572,-0.2820,-0.3218,-0.1683,-0.2384,-0.2596,-0.2201,-0.2250,-0.3902,-0.3486,-0.4087,-0.1218,-0.2192,-0.2046,-0.3387,-0.1226,-0.1217,-0.2312,-0.4399,-0.1349,-0.2453,-0.2139,-0.2664,-0.1827,-0.0784,-0.0536,-0.0662,-0.2079,-0.3047,-0.0450,-0.5271,-0.4033,-0.3571,-0.1122,-0.0524,-0.4951,-0.0441,-0.1990,-0.5965,-0.2185,-0.4366,-0.1823,-0.3542,-0.2728,-0.0378,-0.0245,-0.5763,-0.0263,-0.1047,-0.0858,-0.0461,-0.7909
A,CYS,145,-0.4317,-0.4352,-0.4296,-0.5666,-0.4352,-0.4552,-0.5854,-0.3733,-0.3902,-0.2950,-0.3211,-0.4255,-0.4397,-0.4636,-0.5277,-0.4974,-0.5395,-0.4055,-0.3565,-0.4941,-0.3165,-0.4261,-0.5714,-0.4385,-0.5620,-0.3407,-0.3242,-0.3209,-0.5428,-0.3048,-0.3286,-0.3818,-0.5346,-0.2260,-0.3928,-0.3051,-0.3262,-0.4260,-0.2317,-0.0794,-0.1248,-0.3396,-0.6130,-0.1218,-0.6026,-0.5500,-0.6082,-0.2186,-0.1809,-0.6551,-0.0891,-0.5624,-0.6771,-0.3956,-0.6528,-0.4195,-0.5218,-0.4090,-0.2929,-0.2506,-0.6981,-0.1710,-0.1668,-0.1566,-0.3780,-1.0346
A,GLY,146,-0.0255,-0.0182,-0.0176,-0.0470,-0.0248,-0.0347,-0.0282,-0.0039,-0.0080,-0.0089,-0.0127,-0.0260,-0.0145,-0.0200,-0.0242,-0.0395,-0.0395,-0.0235,-0.0093,-0.0253,-0.0050,-0.0226,-0.0175,-0.0144,-0.0278,-0.0212,-0.0259,-0.0204,-0.0269,-0.0046,-0.0216,-0.0156,-0.0251,-0.0167,-0.0272,-0.0167,-0.0254,-0.0273,-0.0037,,,-0.0355,-0.0445,,-0.0264,-0.0227,-0.0409,-0.0040,,-0.0321,,-0.0412,-0.0406,-0.0048,-0.0332,-0.0088,-0.0567,-0.0167,,,-0.0744,-0.0039,,,-0.0167,-0.1940
A,SER,147,,,,-0.0069,,-0.0039,-0.0034,,,,,,,-0.0033,,-0.0072,-0.0037,,,,,,-0.0069,,,,-0.0031,,,,,,-0.0073,,,,,,,,,-0.0042,-0.0042,,-0.0149,-0.0036,-0.0073,,,-0.0041,,-0.0043,-0.0306,,-0.0082,,-0.0219,,,,-0.0223,,,,,-0.0684
A,TYR,161,,,,,,,,,,,,,,,,,,,,,,,,,,,,,-0.0032,,,,,,,,,,,,,,,,,,,,,,,,,,,,,,,,,,,,,
A,MET,162,,,,,,,,,,,,,,,,,,,,,,,,,,,,,,,,,,,,,,,,,,,,,,,,,,,,,,,,,,,,,,,,,,-0.0285
A,HIS,163,-0.2339,-0.2288,-0.2121,-0.3352,-0.2119,-0.1399,-0.1876,-0.4025,-0.1727,-0.0992,-0.0752,-0.2216,-0.2840,-0.2040,-0.3199,-0.1493,-0.2670,-0.1266,-0.1189,-0.2889,-0.1157,-0.1339,-0.3668,-0.3338,-0.3315,-0.1381,-0.0975,-0.1215,-0.3371,-0.1901,-0.0805,-0.2973,-0.4279,-0.0380,-0.1269,-0.0648,-0.1558,-0.1118,-0.0903,-0.0309,-0.0414,-0.0674,-0.1973,-0.0466,-0.3730,-0.4071,-0.2224,-0.0332,-0.1353,-0.3698,-0.0117,-0.1394,-0.4929,-0.0771,-0.4408,-0.2047,-0.2158,-0.2049,-0.1271,-0.1230,-0.4927,,-0.0603,-0.0389,-0.2213,-0.6319
A,HIS,164,-0.3102,-0.3034,-0.2812,-0.2217,-0.2564,-0.1809,-0.1987,-0.4279,-0.1969,-0.1135,-0.2684,-0.2641,-0.1955,-0.1723,-0.1984,-0.1497,-0.1852,-0.2030,-0.1866,-0.1928,-0.1072,-0.1421,-0.4087,-0.1905,-0.1966,-0.2593,-0.1564,-0.1649,-0.2521,-0.4917,-0.2109,-0.2464,-0.2538,-0.1119,-0.1716,-0.1138,-0.1708,-0.2332,-0.3366,-0.0384,-0.0931,-0.1122,-0.1952,-0.0847,-0.2469,-0.4116,-0.2116,-0.0722,-0.4851,-0.3429,-0.0545,-0.1966,-0.2785,-0.3069,-0.4740,-0.5148,-0.2447,-0.1739,-0.4472,-0.4071,-0.4977,-0.1232,-0.1099,-0.0731,-0.6183,-0.6456
A,MET,165,-0.7683,-0.8242,-0.7185,-0.4294,-0.5207,-0.3174,-0.4183,-0.6364,-0.5442,-0.3650,-0.9125,-0.5492,-0.4553,-0.3869,-0.3164,-0.1921,-0.3270,-0.3350,-0.4643,-0.3921,-0.4363,-0.2084,-0.7311,-0.3899,-0.4122,-0.5147,-0.1900,-0.3120,-0.3407,-1.0392,-0.2633,-0.4760,-0.4702,-0.1284,-0.2449,-0.1446,-0.3091,-0.3132,-0.8446,-0.1358,-0.5110,-0.1625,-0.3039,-0.1806,-0.4018,-0.6439,-0.2869,-0.1079,-1.1488,-0.6222,-0.0881,-0.2043,-0.4452,-0.9679,-0.6379,-0.7173,-0.2221,-0.3253,-0.5290,-0.5024,-0.5829,-0.2538,-0.2699,-0.2587,-0.6133,-0.5283
A,GLU,166,-1.1134,-1.3120,-0.9268,-1.0575,-0.9972,-0.8138,-0.6600,-1.2313,-1.2382,-0.9168,-0.7798,-0.9552,-0.8784,-1.1526,-0.9609,-0.8817,-1.0500,-0.7476,-0.9425,-0.9978,-1.0136,-0.6496,-1.2524,-0.9344,-1.0295,-1.0216,-1.0497,-0.7281,-0.4979,-1.2783,-1.0321,-0.6158,-1.2184,-0.3102,-0.9447,-0.7252,-0.8696,-0.9434,-1.2304,-1.0279,-1.3535,-0.2438,-0.5719,-1.0311,-0.9528,-1.0585,-0.8887,-0.8444,-1.2762,-1.2234,-0.7518,-0.9157,-1.2626,-0.7186,-0.8922,-1.1387,-0.8071,-1.5338,-0.6644,-0.7247,-0.7410,-0.8468,-0.7975,-0.9815,-0.3694,-1.2425
A,LEU,167,-0.5784,-0.6660,-0.4428,-0.3985,-0.3906,-0.4120,-0.3228,-0.3285,-0.5790,-0.4109,-0.5415,-0.3929,-0.3600,-0.4858,-0.2894,-0.3278,-0.3306,-0.3479,-0.5066,-0.2103,-0.4170,-0.2822,-0.4274,-0.2662,-0.2659,-0.5145,-0.3538,-0.3619,-0.1455,-0.6264,-0.3283,-0.2777,-0.3391,-0.1942,-0.3053,-0.2483,-0.3702,-0.3448,-0.4627,-0.2399,-0.6132,-0.2293,-0.2621,-0.3239,-0.2265,-0.2686,-0.2888,-0.2585,-0.5053,-0.4137,-0.2897,-0.2327,-0.3313,-0.5593,-0.3461,-0.3596,-0.1951,-0.4190,-0.0797,-0.2255,-0.3246,-0.5676,-0.3279,-0.6900,-0.0906,-0.1714
A,PRO,168,-1.0249,-1.0573,-0.9450,-0.8228,-0.7684,-0.8813,-0.7158,-0.7411,-0.9031,-0.6808,-0.7451,-0.8331,-0.6038,-0.5992,-0.5906,-0.9360,-0.6804,-0.9685,-0.7416,-0.3356,-0.7749,-0.9392,-0.7537,-0.3998,-0.3237,-0.8882,-0.6894,-0.6166,-0.3066,-0.6153,-0.5494,-0.6025,-0.6901,-0.7330,-0.8211,-0.7196,-0.6434,-0.8774,-0.5214,-0.4481,-0.7945,-0.5083,-0.4885,-0.5543,-0.3991,-0.4714,-0.7344,-0.4796,-0.5432,-0.5631,-0.9104,-0.4475,-0.4948,-0.5709,-0.4765,-0.4212,-0.2925,-0.7333,-0.0867,-0.4145,-0.5916,-1.0848,-0.7331,-1.1933,-0.1935,-0.1708
A,THR,169,-0.1311,-0.1075,-0.0534,-0.0584,-0.0509,-0.0672,-0.0456,-0.0759,-0.1567,-0.0292,-0.0373,-0.0916,-0.0401,-0.0810,-0.1317,-0.3313,-0.0954,-0.1093,-0.0835,-0.0913,-0.0659,-0.0761,-0.0778,-0.0263,-0.1317,-0.0846,-0.1404,-0.0242,-0.0252,-0.1878,-0.1418,-0.0329,-0.0623,-0.0495,-0.1746,-0.2853,-0.0671,-0.1463,-0.1213,-0.2419,-0.0914,-0.0273,-0.0709,-0.1224,,-0.0067,-0.2496,-0.1735,-0.1301,-0.0416,-0.1774,-0.3168,-0.0629,-0.0235,-0.0203,-0.0963,-0.1390,-0.2238,-0.0078,-0.0933,-0.0670,-0.2801,-0.1445,-0.3025,-0.0039,-0.0411
A,GLY,170,-0.0851,-0.0645,-0.0225,-0.0570,-0.0620,-0.0327,-0.0179,-0.0534,-0.1378,-0.0252,-0.0132,-0.0475,-0.0254,-0.0838,-0.0994,-0.3073,-0.1009,-0.0612,-0.0698,-0.0822,-0.0741,-0.0277,-0.0495,-0.0451,-0.1510,-0.0640,-0.1162,-0.0086,-0.0097,-0.1721,-0.1359,,-0.0717,-0.0125,-0.1413,-0.3075,-0.0619,-0.1153,-0.1131,-0.2382,-0.0960,-0.0035,-0.0363,-0.1232,-0.0219,-0.0206,-0.1426,-0.1753,-0.1572,-0.0263,-0.1074,-0.3307,-0.1116,,-0.0040,-0.1648,-0.1763,-0.4513,-0.0297,-0.0739,-0.0310,-0.1385,-0.0997,-0.1392,,-0.1201
A,VAL,171,-0.0196,-0.0256,-0.0116,-0.0192,-0.0197,-0.0046,-0.0032,-0.0234,-0.0313,-0.0125,-0.0201,-0.0139,-0.0069,-0.0086,-0.0363,-0.0572,-0.0152,-0.0033,-0.0236,-0.0262,-0.0271,-0.0035,-0.0333,-0.0231,-0.0351,-0.0341,-0.0497,-0.0082,-0.0080,-0.0382,-0.0495,-0.0072,-0.0443,-0.0044,-0.0046,-0.0531,-0.0041,-0.0270,-0.0581,-0.0625,-0.0631,-0.0039,-0.0127,-0.0487,-0.0188,-0.0276,-0.0304,-0.0733,-0.0366,-0.0421,-0.0315,-0.0840,-0.0548,-0.0176,-0.0116,-0.0290,-0.0087,-0.1392,-0.0036,-0.0123,-0.0102,-0.0484,-0.0379,-0.0712,-0.0035,-0.0466
A,HIS,172,-0.0443,-0.0613,-0.0335,-0.0986,-0.0536,-0.0080,-0.0160,-0.1761,-0.0406,-0.0323,,-0.0451,-0.1010,-0.0850,-0.1651,-0.0255,-0.0749,,-0.0120,-0.1066,-0.0370,-0.0096,-0.1273,-0.1374,-0.1217,-0.0299,-0.0119,-0.0239,-0.0854,-0.0277,-0.0194,-0.0819,-0.1918,,-0.0198,-0.0159,-0.0342,-0.0087,-0.0289,-0.0759,-0.0540,,-0.0113,-0.0508,-0.1608,-0.1418,-0.0380,-0.0384,-0.0411,-0.1705,,-0.0282,-0.2324,,-0.0930,-0.0573,-0.0206,-0.2431,-0.0132,-0.0170,-0.0709,,-0.0438,-0.0035,-0.0131,-0.1765
A,ALA,173,-0.0111,-0.0074,-0.0066,-0.0039,-0.0062,-0.0036,,-0.0148,-0.0030,,-0.0232,-0.0066,,-0.0042,-0.0124,-0.0031,-0.0034,-0.0036,,-0.0205,,,-0.0040,-0.0033,-0.0176,-0.0030,-0.0030,-0.0068,-0.0221,-0.0109,,-0.0204,-0.0110,,-0.0033,,,,,,,,,,,-0.0112,,,-0.0240,,,,,-0.0305,-0.0079,-0.0033,,,-0.0359,-0.0369,-0.0077,,,,-0.0482,-0.0179
A,PHE,181,,,,,,,,-0.0339,,,-0.0284,,,,,,,,,,,,-0.0039,,,,,,,-0.0307,,,,,,,,,-0.0164,,,,,,,,,,-0.0443,,,,,-0.0399,,-0.0084,,,-0.0124,-0.0128,,,,,-0.0176,
A,PHE,185,,,,,,,,,,,-0.0316,,,-0.0165,,,,,,,,,,,,,,-0.0176,,,,,,,,,,,,,,-0.0084,,,,,,,,,,,,-0.0308,,,,,,,,,,,,
A,VAL,186,-0.0305,-0.0262,-0.0184,,,-0.0035,,-0.0420,-0.0095,-0.0033,-0.1304,-0.0048,,-0.0271,,,,,-0.0090,,-0.0049,,-0.0140,,,-0.0033,,-0.0217,,-0.0951,,,,,,,,,-0.0769,,-0.0079,-0.0118,,,,,,,-0.1228,-0.0040,,,,-0.1266,,-0.0379,,,-0.0184,-0.0187,,,,,-0.0220,
A,ASP,187,-0.0796,-0.0710,-0.0488,,-0.0197,,,-0.2519,-0.0133,,-0.2253,-0.0193,,-0.0081,,,,-0.0123,-0.0092,,,,-0.0794,,,-0.0307,,,,-0.2378,-0.0179,,,,,,,-0.0195,-0.2275,,,,,,,-0.0124,,,-0.3113,-0.0564,,-0.0204,,-0.2619,-0.0167,-0.1275,-0.0188,,-0.1535,-0.1366,-0.0123,-0.0351,-0.0318,,-0.2424,-0.0120
A,ARG,188,-0.2737,-0.2312,-0.2054,-0.0761,-0.1074,-0.0797,-0.0717,-0.1416,-0.1119,-0.0866,-0.5528,-0.1180,-0.0581,-0.1085,,,-0.0220,-0.0486,-0.1082,,-0.1194,-0.0380,-0.1314,,,-0.1118,-0.0099,-0.0938,,-0.4776,-0.0158,-0.0563,-0.0201,-0.0262,-0.0168,,-0.0440,-0.0272,-0.3510,,-0.0972,-0.0650,,,-0.0143,-0.0362,,,-0.5128,-0.1079,,-0.0231,,-0.5718,-0.0642,-0.1612,-0.0119,,-0.1356,-0.1414,-0.0379,-0.0948,-0.0650,-0.0406,-0.1836,
A,GLN,189,-1.3004,-1.0311,-1.1835,-1.0999,-1.1409,-0.9976,-0.9488,-0.7486,-0.9071,-0.8998,-1.6254,-0.8996,-0.7344,-0.7697,-0.6515,-0.7467,-0.4152,-0.7387,-0.9068,-0.7723,-1.0589,-0.6259,-0.9219,-0.5286,-0.3687,-0.9984,-0.5629,-0.8324,-0.8798,-1.3630,-0.4951,-1.0768,-0.5119,-0.8743,-0.3931,-0.6199,-0.7486,-0.5346,-1.3504,-0.3337,-0.9605,-1.1901,-0.6383,-0.3124,-0.7397,-0.6043,-0.3792,-0.3440,-1.3877,-0.8549,-0.6149,-0.6493,-0.3564,-1.8133,-0.8235,-0.9359,-0.4646,-0.2263,-0.7690,-0.9796,-0.7097,-0.9323,-0.7382,-0.5974,-1.3644,-0.1179
A,THR,190,-0.6491,-0.3822,-0.4615,-0.3982,-0.3911,-0.5267,-0.4066,-0.2622,-0.2078,-0.4377,-0.5071,-0.2040,-0.3538,-0.3354,-0.0085,-0.0965,-0.1250,-0.2303,-0.2140,,-0.5451,-0.3648,-0.3017,-0.0833,,-0.4516,-0.0326,-0.4793,-0.0385,-0.3390,-0.0082,-0.3457,-0.1858,-0.1026,-0.0705,-0.0221,-0.2645,-0.0453,-0.1702,,-0.2832,-0.3907,-0.0488,,-0.1825,-0.1104,-0.0330,,-0.3488,-0.3374,-0.0771,,-0.0377,-0.6312,-0.3872,-0.0626,,,-0.0089,-0.0089,-0.1762,-0.1440,-0.0496,-0.2198,-0.0734,
A,ALA,191,-0.3011,-0.2008,-0.3525,-0.2183,-0.1963,-0.2686,-0.2947,-0.2825,-0.1275,-0.2882,-0.2495,-0.0932,-0.3518,-0.1641,-0.0079,-0.0653,-0.0752,-0.1631,-0.1259,,-0.2314,-0.3920,-0.1891,-0.0587,,-0.4037,,-0.1979,-0.0440,-0.0906,,-0.3291,-0.1815,-0.0988,-0.0592,-0.0043,-0.1578,-0.0313,-0.0305,,-0.1579,-0.2731,-0.0594,,-0.1072,-0.1031,-0.0174,,-0.0856,-0.2787,-0.0474,,-0.0422,-0.3554,-0.3006,-0.0042,,,,,-0.1176,-0.1218,-0.0501,-0.1762,-0.0131,
A,GLN,192,-0.4163,-0.3101,-0.3477,-0.1729,-0.1601,-0.2677,-0.2431,-0.1410,-0.1823,-0.2141,-0.4359,-0.1200,-0.1917,-0.2038,-0.0036,-0.0349,-0.0160,-0.1731,-0.1564,,-0.2484,-0.2321,-0.1861,-0.0290,,-0.3017,,-0.3128,-0.0145,-0.2509,,-0.2353,-0.0536,-0.1213,-0.0762,-0.0082,-0.1176,-0.0442,-0.1279,,-0.2274,-0.3260,-0.0078,-0.0040,-0.0333,-0.0084,-0.0035,,-0.2620,-0.2123,-0.0189,,-0.0247,-0.5013,-0.1709,-0.0390,,,-0.0131,-0.0132,-0.0310,-0.0680,-0.0252,-0.2109,-0.0135,
A,ALA,193,,-0.0035,,-0.0036,-0.0041,-0.0035,-0.0131,-0.0077,,-0.0111,-0.0230,,-0.0125,-0.0094,,,,-0.0036,,,-0.0038,-0.0088,,,,-0.0177,,-0.0259,,,,-0.0192,,-0.0039,,,,,,,,-0.0280,,,,,,,,-0.0032,,,,-0.0261,-0.0034,,,,,,,,,-0.0158,,
A,ALA,194,,,,,,,,,,,,,,,,,,,,,,,,,,,,-0.0035,,,,,,,,,,,,,,-0.0036,,,,,,,,,,,,,,,,,,,,,,,,

Intra-Ligand Free,,,-1.5995,-1.8335,-2.1022,-2.4921,-2.3762,-2.4230,-1.9144,-0.9364,-1.3504,-1.9724,-0.5017,-1.8517,-0.9195,-1.0710,-1.5780,-1.5304,-1.7828,-2.2482,-1.4267,-0.9934,-0.2672,-1.6335,-0.3008,-1.0064,-0.7970,-0.6332,-0.7485,-0.4036,0.5552,-0.1879,-1.1702,0.4849,0.6991,-1.0956,0.0636,1.0495,1.1993,0.0908,2.0696,-1.6046,2.9598,1.0571,3.1945,2.3455,2.8838,4.4174,3.5578,2.8589,8.0363,3.0010,6.6604,1.8975,3.2702,17.4990,14.3908,16.4172,5.4481,13.0727,12.7966,9.1773,23.2716,29.7525,7.7582,36.6013,18.4994,35.1200
Inter-Ligand Free,,,-10.7877,-10.4692,-10.1964,-9.1252,-9.2209,-8.7799,-9.2866,-9.8965,-9.3086,-8.5722,-10.0086,-8.3862,-9.2042,-8.7470,-8.1590,-8.1380,-7.7141,-6.9953,-7.6884,-8.0784,-8.6909,-7.3095,-8.6355,-7.5636,-7.7326,-7.4345,-7.0685,-6.9885,-7.9279,-7.1740,-6.0753,-7.5414,-7.7247,-5.8528,-6.8151,-6.5493,-5.9995,-4.7337,-6.6447,-2.9618,-7.2449,-5.2076,-6.3504,-4.8906,-4.1443,-4.4446,-3.4682,-2.1089,-5.1432,1.5018,-2.1366,2.6771,2.4302,-4.2385,0.0082,-1.9242,13.7775,7.0386,9.3649,13.4181,11.9130,16.5548,46.5592,28.3651,53.2056,74.4441
Total Free Energy,,,-12.3871,-12.3027,-12.2985,-11.6173,-11.5972,-11.2029,-11.2009,-10.8328,-10.6590,-10.5446,-10.5103,-10.2379,-10.1237,-9.8180,-9.7370,-9.6683,-9.4969,-9.2435,-9.1151,-9.0718,-8.9581,-8.9430,-8.9364,-8.5700,-8.5296,-8.0677,-7.8170,-7.3921,-7.3728,-7.3619,-7.2455,-7.0565,-7.0257,-6.9485,-6.7515,-5.4997,-4.8002,-4.6428,-4.5751,-4.5664,-4.2851,-4.1504,-3.1558,-2.5451,-1.2605,-0.0272,0.0896,0.7500,2.8931,4.5028,4.5238,4.5745,5.7004,13.2604,14.3990,14.4930,19.2257,20.1114,22.1616,22.5953,35.1847,46.3073,54.3174,64.9664,71.7050,109.5641
Normalized Total Free Energy,,,-6.3400,-6.2904,-6.2879,-5.8876,-5.8758,-5.6440,-5.6429,-5.4265,-5.3244,-5.2572,-5.2370,-5.0769,-5.0098,-4.8301,-4.7825,-4.7421,-4.6414,-4.4925,-4.4170,-4.3915,-4.3247,-4.3159,-4.3120,-4.0967,-4.0729,-3.8014,-3.6541,-3.4044,-3.3930,-3.3866,-3.3182,-3.2071,-3.1890,-3.1437,-3.0279,-2.2922,-1.8811,-1.7886,-1.7488,-1.7437,-1.5784,-1.4992,-0.9147,-0.5557,0.1992,0.9240,0.9927,1.3808,2.6404,3.5864,3.5987,3.6285,4.2902,8.7333,9.4024,9.4577,12.2391,12.7597,13.9646,14.2195,21.6184,28.1553,32.8629,39.1214,43.0818,65.3319
