Chain ID,Residue name,Residue sequence,Conf 1,Conf 2,Conf 3,Conf 4,Conf 5,Conf 6,Conf 7,Conf 8,Conf 9,Conf 10,Conf 11,Conf 12,Conf 13,Conf 14,Conf 15,Conf 16,Conf 17,Conf 18,Conf 19,Conf 20,Conf 21,Conf 22,Conf 23,Conf 24,Conf 25,Conf 26,Conf 27,Conf 28,Conf 29,Conf 30,Conf 31,Conf 32,Conf 33,Conf 34,Conf 35,Conf 36,Conf 37,Conf 38,Conf 39,Conf 40,Conf 41,Conf 42,Conf 43,Conf 44,Conf 45,Conf 46,Conf 47,Conf 48,Conf 49,Conf 50,Conf 51,Conf 52,Conf 53,Conf 54,Conf 55,Conf 56,Conf 57,Conf 58,Conf 59,Conf 60,Conf 61,Conf 62,Conf 63,Conf 64,Conf 65,Conf 66,Conf 67,Conf 68,Conf 69,Conf 70,Conf 71,Conf 72,Conf 73,Conf 74,Conf 75,Conf 76,Conf 77,Conf 78,Conf 79,Conf 80,Conf 81,Conf 82,Conf 83,Conf 84,Conf 85,Conf 86,Conf 87,Conf 88,Conf 89,Conf 90,Conf 91,Conf 92,Conf 93,Conf 94,Conf 95,Conf 96,Conf 97,Conf 98,Conf 99
A,VAL,20,-0.0041,,-0.0033,,,,,,,,,,,,-0.0041,,-0.0040,,,,,,,-0.0041,,-0.0128,,,-0.0105,,,,,,-0.0153,-0.0117,,,,,,,-0.0032,,,,,,,,,,,,,,-0.0125,,-0.0029,,,,,,,-0.0135,,,-0.0109,,,,,,,,,,,,,,,,,,,,,,,,,,-0.0038,,,,
A,THR,21,,,,,,,,,,,,,,,,,,,,,,,,,,,,,,,,,,,-0.0033,,,,,,,,,,,,,,,,,,,,,,,,,,,,,,,,,,,,,,,,,,,,,,,,,,,,,,,,,,,,,,,,
A,CYS,22,,,,,,,,,,,,,,,,,,,,,-0.0042,,,-0.0082,,,,,-0.0038,,,,,,-0.0033,,,,,,,,,,,,,,,,,,,,,,,,,,,,,,,,,,,,,,,,,,,,,,,,-0.0030,,,,,,,,,,,,,-0.0342,,,
A,GLY,23,,,,,,,,,,,,,,,,,,,,,,,,,,,,,,,,,,,,,,,,,,,,,,,,,,,,,,,,,,,,,,,,,,,,,,,,,,,,,,,,,,,,,,,,,,,,,,,,-0.0041,,,
A,THR,24,-0.0040,-0.0074,-0.0104,,-0.0298,-0.0463,-0.0127,-0.0580,-0.0504,-0.0504,,,-0.0347,,-0.0437,,-0.0518,,,,-0.0801,,,-0.1583,,-0.0299,,,-0.0767,,,,,-0.0038,-0.0774,-0.0030,,-0.0030,,,,,-0.0356,,,,,,,,,,,,,,-0.0232,-0.0040,-0.0036,,,,,,,-0.0217,,,-0.0070,,,,,-0.0082,,,,,,,,,-0.0185,,,,-0.0110,,,,,,,,-0.0391,-0.0766,-0.0433,,
A,THR,25,-0.1003,-0.0727,-0.1414,-0.0749,-0.1285,-0.2426,-0.0798,-0.2806,-0.3191,-0.2771,,-0.0238,-0.2273,,-0.3138,-0.0405,-0.3245,,,-0.0039,-0.1215,-0.0395,,-0.3050,,-0.1655,,,0.0541,,-0.0655,-0.0039,,-0.0705,-0.2891,-0.1258,,-0.0751,-0.0208,,,,-0.2531,,,,,-0.0045,-0.0701,,-0.0403,,-0.0256,,,,-0.2476,-0.0946,-0.1255,-0.0229,-0.0176,,-0.0767,,,-0.3053,-0.1244,-0.0043,-0.1532,,-0.0041,,-0.0035,-0.0919,-0.0641,,-0.0048,-0.0289,-0.0047,-0.0040,,-0.1467,0.1233,,-0.0043,-0.0597,-0.0456,-0.0092,-0.0434,-0.0520,-0.0037,,-0.0213,-0.0072,-0.2066,3.0383,-0.1190,,-0.0356
A,THR,26,-0.1360,-0.0874,-0.1063,-0.0900,-0.0946,-0.1785,-0.0887,-0.1957,-0.1840,-0.1905,,-0.0375,-0.1608,,-0.1864,-0.0622,-0.2232,,-0.0033,,-0.1249,-0.0526,,-0.4124,-0.0080,-0.1613,,,-0.3242,-0.0117,-0.0716,,,-0.0679,-0.1185,-0.0442,,-0.0533,,,,,-0.1948,,,,,,-0.0756,,-0.0040,,,,,,-0.2274,-0.1136,-0.1024,-0.0135,,,-0.0664,,,-0.4087,-0.1104,,-0.1904,,,-0.0045,,-0.0494,-0.0962,,,-0.0043,,,,-0.0619,-0.0877,,-0.0034,-0.0620,-0.0939,,-0.0788,,,,-0.0040,-0.0123,0.1029,-0.1004,-0.1090,,-0.0318
A,LEU,27,-0.1742,-0.1042,-0.1537,-0.1652,-0.1028,-0.2743,-0.1003,-0.2236,-0.2488,-0.2214,,-0.0946,-0.2120,,-0.3671,-0.1068,-0.3433,-0.0040,-0.0196,-0.0265,-0.0960,-0.0826,,-0.3959,-0.0395,-0.2465,,,-0.3892,-0.0293,-0.1212,,,-0.1030,-0.2195,-0.1490,,-0.1080,-0.0043,-0.0115,,,-0.1968,,,,,-0.0045,-0.0887,,-0.0087,,,,,,-0.0263,-0.1460,-0.0600,-0.0813,-0.0041,,-0.1176,-0.0035,,-0.0679,-0.2075,-0.0048,-0.3578,,,-0.0214,,-0.0370,-0.1640,,-0.0256,-0.0444,-0.0255,-0.0032,,-0.1121,-0.1292,,,-0.1335,-0.0216,-0.0250,-0.1391,-0.0396,-0.0049,,-0.0637,-0.0412,-0.1677,-0.1599,-0.0663,,-0.0271
A,ASN,28,-0.0579,,-0.0120,-0.0271,,-0.0132,,-0.0092,-0.0097,-0.0091,,-0.0085,-0.0091,,-0.0185,-0.0160,-0.0140,,,,,-0.0033,,-0.0036,-0.0149,-0.0389,,,-0.0201,-0.0040,-0.0167,,,,-0.0081,-0.0973,,,,,,,-0.0249,,,,,,-0.0068,,,,,,,,-0.0415,-0.0079,-0.0227,-0.0037,,,,,,-0.1198,-0.0222,,-0.0724,,,,,,-0.0533,,,,,,,,,,,-0.0126,,,-0.0251,,,,,,-0.0496,,-0.0036,,
A,PRO,39,-0.0463,,-0.0499,-0.0383,-0.0039,-0.0219,,-0.0168,-0.0215,-0.0171,,-0.0119,-0.0259,,-0.0427,-0.0328,-0.0418,-0.0032,,-0.0261,,-0.0090,,-0.0388,,-0.0222,,,-0.0680,,-0.0199,,,-0.0084,,-0.0672,,-0.0325,,-0.0035,,,-0.0192,,,,,,,,,,,,,,-0.0476,-0.0170,-0.0501,-0.0235,,,-0.0357,,,-0.0989,-0.0723,-0.0047,-0.0991,,,,,-0.0037,-0.0495,,,-0.0602,-0.0253,,,-0.0434,-0.0195,,,-0.0566,,-0.0399,-0.0264,-0.0478,-0.0084,,-0.0590,-0.0409,,-0.0726,,,
A,ARG,40,,,-0.0038,,,,,,,,,,,,,,,,,-0.0035,,,,-0.0075,,,,,,,,,,,,,,,,,,,,,,,,,,,,,,,,,,,-0.0035,,,,,,,,-0.0074,,,,,,,,,,,-0.0832,,,,-0.0379,-0.0076,,,,,-0.0636,,-0.0165,-0.0064,,-0.0076,-0.1692,,-0.0683,,,
A,HIS,41,-0.2350,-0.1674,-0.3412,-0.2284,-0.2744,-0.4418,-0.1934,-0.3671,-0.4689,-0.3715,-0.0643,-0.2914,-0.4579,-0.0673,-0.4984,-0.2014,-0.4985,-0.1050,-0.1738,-0.5005,-0.3617,-0.2188,-0.0919,-0.6515,-0.1234,-0.3388,-0.0037,-0.0731,0.2079,-0.1408,-0.3028,-0.1522,-0.0350,-0.2681,-0.3582,-0.4216,,-0.5480,-0.1120,-0.1424,,-0.0479,-0.3562,-0.0389,,-0.0332,,-0.0796,-0.1240,-0.0078,-0.1657,-0.1064,-0.0287,,-0.0148,-0.1235,-0.2731,-0.4177,-0.1770,-0.3758,-0.1308,-0.0970,-0.4448,-0.0774,,-0.5745,-0.3483,-0.3290,-0.1374,,-0.0209,-0.1639,-0.0381,-0.2757,-0.3967,-0.0216,-0.2273,2.2772,-0.2580,-0.1315,,2.9785,-0.4772,-0.0172,-0.0154,0.6520,-0.1104,2.0190,-0.1839,1.4618,-0.3979,,1.2238,5.2276,-0.1273,6.0200,-0.1105,-0.0967,-0.1511
A,VAL,42,-0.0559,-0.0154,-0.0948,-0.0352,-0.0365,-0.0823,-0.0184,-0.0666,-0.1004,-0.0671,,,-0.0892,,-0.0995,-0.0299,-0.0984,,,-0.0078,-0.0528,-0.0172,,-0.2081,,-0.0893,,,-0.1538,,-0.0037,,,-0.0244,-0.0521,-0.0753,,-0.0628,,,,,-0.0773,,,,,,-0.0080,,,,,,,,-0.1263,-0.0285,-0.0904,-0.0171,,,-0.0391,,,-0.1509,-0.0866,,-0.1107,,,,,-0.0034,-0.0187,,,-0.0624,-0.0079,,,-0.1192,-0.1268,,,-0.0465,,-0.0349,-0.0079,-0.0399,-0.0039,,-0.0278,-0.0614,-0.0033,-0.3096,-0.0061,,
A,ILE,43,,,-0.0044,,,,,,-0.0037,,,,,,-0.0043,,-0.0043,,,,-0.0069,,,-0.0133,,,,,-0.0073,,,,,,,,,,,,,,,,,,,,,,,,,,,,,,-0.0035,,,,,,,-0.0035,-0.0035,,,,,,,,,,,-0.0170,,,,-0.0202,-0.0218,,,,,-0.0038,,,,,,-0.0675,,-0.1485,,,
A,CYS,44,,-0.0032,-0.0493,,-0.0369,-0.0301,-0.0080,-0.0533,-0.0703,-0.0526,,,-0.0553,,-0.0360,,-0.0356,,,-0.0079,-0.0637,-0.0031,,-0.1373,,-0.0109,,,-0.0614,,-0.0037,,,-0.0165,-0.0323,-0.0042,,-0.0520,-0.0070,,,,-0.0416,,,,,,-0.0036,,-0.0078,,-0.0129,,,,-0.0224,-0.0181,-0.0156,-0.0111,,,-0.0331,,,-0.0356,-0.0435,,-0.0513,,-0.0447,,,-0.0254,,,,-0.1321,-0.0137,,,-0.1324,-0.1199,,,-0.0078,,-0.0836,,-0.1179,-0.0218,,-0.0545,0.0366,-0.0162,0.0357,-0.0256,,
A,THR,45,,,-0.0151,,-0.0448,-0.0387,,-0.0703,-0.0862,-0.0559,,-0.0074,-0.0632,,-0.0158,,-0.0151,,,,-0.1080,,,-0.1261,,,,,-0.0345,,-0.0086,,,-0.0300,-0.0360,-0.0069,,-0.0200,-0.0291,,,,-0.0350,,,,,,,,-0.0386,,-0.0501,,,,-0.0293,-0.0078,,-0.0116,-0.0197,,-0.0187,,,-0.0268,-0.0114,,-0.0247,,-0.0973,,,-0.0566,,,,-0.0399,-0.0030,-0.0070,,-0.0785,-0.0887,,,-0.0069,,-0.0235,,-0.0744,,,-0.0161,-0.0735,-0.0655,-0.2409,-0.0496,,-0.0036
A,SER,46,,,-0.0067,,-0.0436,-0.0594,-0.0032,-0.0843,-0.0794,-0.0777,,-0.0168,-0.0725,,-0.0029,,-0.0181,,,,-0.1000,,,-0.0760,,,,,-0.0439,,-0.0389,,,-0.0592,-0.0545,-0.0035,,-0.0034,-0.0751,,,,-0.1009,,,,,,-0.0046,,-0.0997,,-0.0997,,,,-0.1498,,-0.0267,-0.0315,-0.0796,,-0.0361,,,-0.0373,,,-0.0217,-0.0359,-0.2120,,-0.0114,-0.0988,,,,,,-0.0068,,-0.0626,-0.0720,-0.0033,-0.0194,-0.0149,-0.0418,-0.0032,-0.0328,-0.0752,,,-0.0085,-0.0363,-0.2403,-0.2245,-0.0690,,-0.0432
A,GLU,47,,,,,,,,,-0.0034,,,,,,,,,,,,,,,,,,,,,,,,,,,,,,,,,,,,,,,,,,-0.0036,,-0.0043,,,,,,,,,,,,,,,,,,-0.0547,,,,,,,,,,,,,,,,,,,,,,,,-0.0041,-0.0111,,,
A,ASP,48,,,,,,,,,,,,,,,,,,,,,,,,,,,,,,,,,,,,,,,,,,,,,,,,,,,,,,,,,,,,,,,,,,,,,,,-0.0462,,,,,,,-0.0651,,,,-0.0036,-0.0036,,,,,-0.0400,,-0.0370,-0.0202,,-0.0113,-0.1240,,-0.0822,,,
A,MET,49,-0.1690,-0.1028,-0.2550,-0.1305,-0.2372,-0.3701,-0.1294,-0.2760,-0.3636,-0.2895,-0.0252,-0.2368,-0.3439,-0.0851,-0.1992,-0.0741,-0.2950,-0.0522,-0.1034,-0.1664,-0.4921,-0.0768,-0.0664,0.4086,-0.0905,-0.1891,-0.0531,-0.0741,-0.3083,-0.0909,-0.2838,-0.1792,-0.0482,-0.1773,-0.0694,-0.2774,-0.0083,0.2584,-0.2435,-0.1441,-0.0088,-0.1227,-0.2768,-0.1419,-0.0275,-0.0467,-0.0352,-0.0649,-0.1478,-0.0619,-0.3996,-0.0996,-0.0226,-0.0240,-0.0769,-0.0767,0.1204,0.0038,-0.3280,-0.2693,-0.2897,-0.1679,1.1337,-0.0589,-0.0724,0.1096,-0.1633,-0.3873,0.3157,-0.1106,4.6355,-0.1383,-0.0699,0.5168,-0.3571,-0.0927,-0.2972,-0.7760,-0.1640,-0.2820,-0.1284,6.0045,6.3538,-0.0450,-0.0758,-0.3598,-0.2345,-0.8095,-0.1832,4.8772,-0.4647,-0.0048,-0.3336,1.4267,1.5043,17.6150,-0.1246,-0.0917,-0.1567
A,LEU,50,-0.0201,-0.0048,-0.0152,-0.0374,-0.0128,-0.0519,-0.0032,,,,-0.0346,,,,,-0.0038,,-0.0040,,-0.0044,-0.0265,-0.0040,-0.0154,,,,-0.0327,,-0.0082,,,-0.0113,,,,,-0.0343,,-0.0174,,-0.0044,-0.0111,,-0.0121,-0.0132,,-0.1165,,,,,-0.0041,-0.0255,-0.0296,-0.0114,,,,-0.0257,,-0.0172,-0.0037,-0.0072,,-0.0037,,,-0.0124,-0.0313,-0.0712,-0.0349,,,,-0.0040,-0.0611,-0.0127,-0.0872,-0.0040,,-0.0775,,,,-0.0110,,,-0.1529,,-0.0304,-0.1201,-0.0050,-0.0177,-0.1383,-0.0285,-0.0185,,,
A,ASN,51,,,,,,,,,,,,,,,,,,,,,,,,,,,,,,,,,,,,,,,,,,,,,,,,,,,,,,,,,,,,,,,,,,,,,,,,,,,,,,-0.0184,,,,,,,,,,-0.0206,,-0.0032,-0.0166,,,-0.0284,,,,,
A,PRO,52,,,,,,,,,,,,,,,,,,,,,-0.0076,,,,,,,,,,,,,,,,,,,,,,,,,,,,,,,,,,,,,,,,,,,,,,,-0.0113,-0.0089,,,,,,,,,-0.1193,-0.0081,,,-0.0083,,,,,,-0.0906,,-0.0454,-0.0496,,-0.0084,-0.1751,,-0.0358,,,
A,TYR,54,-0.0032,,,,,,,,,,,,,,,,,,,-0.0227,-0.0138,,,-0.0073,,,,,-0.0117,,,,,,,,,-0.0137,,,,-0.0033,,,,,,,,,,-0.0031,,,,,,,,-0.0041,,,-0.0045,,,,-0.0187,-0.0552,-0.0538,,,,,,-0.0038,,,-0.2002,-0.0309,-0.0047,,-0.0567,-0.0079,,,-0.0071,,-0.1934,,-0.0950,-0.0903,,-0.0500,3.2895,,-0.1164,,,
A,LEU,57,,,,,,,,,,,,,,,,,,,,,,,,,,,,,,,,,,,,,,,,,,,,,,,,,,,,,,,,,,,,,,,,,,,,,,,,,,,,,,-0.0032,,,,,,,,,,,,,,,,-0.0144,,-0.0044,,,
A,CYS,85,,,,,,,,,,,,,,,,,,,,,,,,,,,,,,,,,,,,,,,,,,,,,,,,,,,,,,,,,,,,,,,,,,,,,,,,,,,,,,,,,,,,,,,,,,,,,,-0.0150,,,,,
A,CYS,117,,,,,,,,,,,,-0.0031,,,,,,,,,,,,,-0.0082,,,,,-0.0038,-0.0034,,,,,-0.0039,,,,,,,,,,,,,,,,,,,,,,,,,,,,,,-0.0174,,,-0.0038,,,,,,-0.0113,,,,,,,,,,,,,,-0.0042,,,,,-0.0033,-0.0130,,,,
A,TYR,118,-0.0295,-0.0113,-0.0179,-0.0144,,-0.0094,-0.0076,,-0.0078,,-0.0112,-0.0180,-0.0082,-0.0249,-0.0202,-0.0086,-0.0162,-0.0603,-0.0245,,-0.0037,-0.0075,-0.0388,-0.0165,-0.0614,-0.0114,,-0.0316,,-0.0623,-0.0254,,-0.0263,-0.0090,-0.0036,-0.0286,,,,,-0.0056,,-0.0174,-0.0252,,,,,-0.0073,,,,,,,-0.0293,,-0.0071,,-0.0440,,,-0.0182,-0.0037,,-0.0705,-0.0160,,-0.0165,,,-0.0071,,,-0.0462,,-0.0240,,,,,,,,,,-0.0272,,-0.0462,-0.0395,,,-0.0086,-0.0815,-0.1124,,-0.0546,,-0.0172
A,ASN,119,,,,,,,,,,,,,,,-0.0212,,-0.0228,,,,,,,,,-0.0065,,,,,,,,,-0.0346,-0.0206,,,,,,,,,,,,,,,,,,,,,,,,,,,,,,-0.0207,,,-0.0139,,,,,,-0.0039,,,,,,,,,,,,-0.0039,,,,,,,,-0.0895,,,,
A,GLY,138,,,,,,,,,,,,,,,,,,,,,,,,,,,,,,,,,,,,,,,,,,,,,,,,,,,,,,,,,,,,,,,,,,,,,,,,,,,,,,,,,,,,,,,,,,,,,,-0.0072,,,,,
A,SER,139,,,,,,,,,,,-0.0043,,,,,,,-0.0337,-0.0131,,,,-0.0257,-0.0043,,,,-0.0286,,-0.0265,,,-0.0209,,,,,,,,-0.0040,,,-0.0148,,,,,,,,,,,,-0.0041,,,,-0.0083,,,,,,,,,,,,,,,,,,,,,,,,,,,,,,-0.0040,,,-0.0042,-0.0630,,,,,
A,PHE,140,-0.1514,-0.1524,-0.1080,-0.1562,-0.0916,-0.0752,-0.1234,-0.1016,-0.1420,-0.0968,-0.2939,-0.1530,-0.1664,-0.2329,-0.1620,-0.1753,-0.1363,-0.5910,-0.2928,-0.0906,-0.0178,-0.1844,-0.5050,-0.2263,-0.2263,-0.1592,-0.0635,-0.2120,-0.0210,-0.4627,-0.1169,-0.0465,-0.2294,-0.1820,-0.0281,-0.0365,-0.0482,-0.0414,-0.0532,-0.0612,-0.1350,-0.0907,-0.0889,-0.1301,-0.0567,-0.1544,,-0.0488,-0.0526,-0.0223,-0.0257,-0.0480,-0.0249,-0.0489,-0.0308,-0.3441,-0.0090,-0.0356,-0.0223,-0.3418,-0.0138,-0.0638,-0.1643,-0.1246,,-0.2398,-0.0849,-0.0852,-0.0045,-0.0036,-0.0035,-0.0831,-0.1229,-0.0973,-0.0240,-0.0869,-0.1465,-0.1013,-0.2235,-0.0155,,-0.0388,-0.0287,-0.0851,-0.0534,-0.1192,-0.0032,,-0.1137,-0.3830,-0.1058,-0.0464,-0.2954,0.5231,-0.0032,-0.0706,-0.2326,-0.0799,-0.2697
A,LEU,141,-0.1448,-0.2289,-0.2048,-0.2258,-0.2031,-0.2304,-0.2264,-0.2516,-0.2614,-0.2522,-0.2614,-0.2482,-0.2920,-0.2705,-0.3376,-0.2618,-0.2838,-0.4161,-0.3442,-0.1264,-0.1273,-0.2506,-0.5106,-0.2907,0.1819,-0.2896,-0.1128,-0.1773,-0.1629,-0.4901,-0.2478,-0.1502,-0.1993,-0.3442,-0.1526,-0.1984,-0.0892,-0.1525,-0.1240,-0.1735,-0.1424,-0.2256,-0.3134,-0.3035,-0.1726,-0.1887,,-0.1147,-0.2067,-0.0483,-0.0931,-0.0788,-0.1052,-0.1092,-0.0673,-0.4805,-0.1118,-0.1354,-0.1232,-0.5468,-0.0808,-0.1193,-0.2135,-0.1541,,-0.1549,-0.2241,-0.1642,-0.0530,,-0.0541,-0.1016,-0.2009,-0.2104,-0.1094,-0.2021,0.7388,-0.2183,-0.2349,-0.0519,,-0.1952,-0.0765,-0.2253,-0.1729,-0.2628,-0.1631,-0.0035,-0.2843,0.1091,-0.2547,-0.1303,-0.3865,0.3136,-0.1238,-0.1843,-0.4464,-0.0269,-0.3872
A,ASN,142,-0.4168,-0.7468,-0.3391,-0.5562,-0.4181,-0.9978,-0.6807,-1.2949,-0.9831,-1.1953,-0.4211,-0.7395,-1.0024,-0.8557,-1.0930,-0.5794,-0.9925,-0.5438,-0.5036,-0.3793,-0.6771,-0.6022,-0.6935,-0.1487,-0.7576,-0.8115,-0.5022,-0.4341,-1.1019,-0.8114,-0.8524,-0.6245,-0.2894,-0.8891,-0.8046,-0.8893,-0.0852,-0.8099,-0.4997,-0.5400,-0.2576,-0.2498,-0.8791,-0.4634,-0.4443,-0.3275,,-0.4000,-0.9211,-0.2100,-0.6651,-0.2450,-0.2144,-0.2397,-0.2330,-0.0331,-0.1255,-0.8679,-0.5634,0.0603,-0.4978,-0.3766,-0.2454,0.5056,-0.0324,-1.0181,1.0036,0.0689,-0.3191,-0.0034,-0.3508,-0.4311,2.5605,-0.9573,-0.4709,1.2650,-0.4593,1.1123,-0.0245,-0.3433,-0.0082,1.3760,-0.4479,8.4006,10.3714,-0.7087,5.3034,-0.1036,6.8757,1.2001,0.6531,0.0760,-0.4429,-0.6700,0.3841,0.0151,33.5016,-0.0835,6.6675
A,GLY,143,-0.4638,-0.4139,-0.2153,-0.4512,-0.1419,-0.0705,-0.3805,-0.3649,-0.3026,-0.3799,-0.0789,-0.4463,-0.3263,-0.0836,-0.6577,-0.4094,-0.6404,-0.1290,-0.1352,-0.0644,-0.0225,-0.3631,-0.1162,-0.5246,-0.3953,-0.2202,-0.0136,-0.0911,-0.3306,-0.4501,-0.2857,-0.0772,-0.0862,-0.2550,-0.2319,0.2833,,-0.1463,-0.0701,-0.0781,-0.0132,-0.0184,-0.1947,-0.0745,,-0.0489,,-0.0572,-0.3831,,-0.0896,-0.0177,-0.0544,,,-0.1304,-0.1711,-0.3372,-0.1672,-0.1229,-0.0704,-0.0631,-0.0277,-0.0885,,-0.1028,-0.0131,-0.0419,0.3951,,-0.0279,-0.0972,-0.0752,-0.1572,2.3959,-0.0086,-0.1088,-0.0483,-0.0807,-0.0132,,-0.1409,-0.0803,-0.0720,-0.0590,-0.1425,1.2009,-0.0121,0.1562,-0.1663,-0.0122,-0.0078,-0.1297,0.0490,12.8504,-0.0775,0.2083,,0.6520
A,SER,144,-0.2660,-0.2015,-0.2115,-0.2225,-0.1237,-0.2628,-0.1724,-0.2137,-0.2237,-0.2288,-0.1518,-0.2524,-0.2430,-0.1306,-0.2623,-0.2173,-0.2667,-0.2696,-0.1755,-0.0887,-0.0949,-0.1889,-0.2130,-0.3088,-0.6550,-0.2779,-0.0039,-0.3754,-0.2265,-0.3458,-0.2580,-0.0660,-0.2739,-0.2162,-0.1036,-0.1724,,-0.1248,-0.0439,-0.0757,-0.0220,-0.0046,-0.1906,-0.1174,,-0.0738,,-0.0452,-0.0944,,-0.0319,-0.0162,-0.0212,,,-0.1830,-0.1026,-0.1775,-0.1351,-0.2778,-0.0305,-0.0715,-0.2290,-0.1010,,-0.1383,-0.2194,-0.0306,-0.1524,,,-0.1172,-0.0712,-0.0758,-0.3959,,-0.1491,-0.0303,-0.1460,,,-0.0807,-0.0287,-0.0264,-0.0211,-0.1230,-0.0843,,-0.2989,-0.2487,-0.0036,,-0.1930,-0.5068,-0.1514,-0.0420,-0.1890,-0.0093,-0.1920
A,CYS,145,-0.2963,-0.0767,-0.2993,-0.1609,-0.1989,-0.2628,-0.0674,-0.0657,-0.1274,-0.0911,-0.1374,-0.2868,-0.1084,-0.1237,-0.1881,-0.2614,-0.2902,0.1283,-0.2297,-0.1771,-0.1595,-0.2291,0.1539,-0.5136,-0.2767,-0.3625,-0.0177,-0.1521,-0.3584,-0.2559,-0.3350,-0.1224,-0.1144,-0.3169,-0.2647,-0.1145,,-0.0883,-0.0811,-0.1675,-0.0079,-0.0307,-0.0332,-0.0904,-0.0044,-0.0594,,-0.0799,-0.1175,-0.0097,-0.0859,-0.0600,-0.0316,,-0.0048,-0.2048,-0.1932,-0.1152,-0.2343,0.7524,-0.0776,-0.1077,1.4778,-0.0010,,2.7713,0.1643,-0.1306,0.8174,,-0.0172,-0.1517,-0.0763,-0.2139,1.1080,-0.0097,0.4297,-0.1774,-0.0652,-0.0447,,-0.1882,-0.1620,-0.0312,-0.0197,2.2345,-0.0969,-0.0962,1.2549,-0.3966,-0.0830,,2.1347,-0.1867,-0.1723,-0.0070,-0.1596,-0.0517,-0.2468
A,GLY,146,-0.0240,-0.0042,-0.0173,-0.0226,,-0.0161,-0.0038,-0.0089,-0.0089,-0.0088,-0.0042,-0.0199,-0.0052,,-0.0132,-0.0183,-0.0121,-0.0088,,,,-0.0109,-0.0048,,-0.0221,-0.0159,,-0.0032,-0.0204,-0.0119,-0.0171,,-0.0041,-0.0040,,-0.0378,,-0.0044,,,,,-0.0140,,,,,,,,,,,,,,-0.0135,-0.0090,-0.0165,-0.0160,,,-0.0165,-0.0040,,-0.0681,-0.0268,,-0.0401,,,-0.0030,,,-0.0373,,-0.0080,-0.0034,-0.0037,,,-0.0038,,,,-0.0220,,,-0.0255,-0.0041,,,-0.0052,-0.0086,,-0.0040,-0.0039,,
A,SER,147,,,,,,,,,,,,,,,,,,,,,,,,,-0.0126,,,-0.0066,,,,,-0.0027,,,,,,,,,,,,,,,,,,,,,,,,,,,,,,,,,-0.0253,,,,,,,,,-0.0059,,,,,,,,,,,-0.0032,,,-0.0111,,,,,-0.0068,,,,,
A,TYR,161,,,,,,,,,,,-0.0043,,,,,,,-0.0029,,,,,,,,,,-0.0034,,,,,-0.0032,,,,,,,,,,,,,,,,,,,,,,,,,,,,,,,,,,,,,,,,,,,,,,,,,,,,,,,,,-0.0072,,,,,,,,-0.0034,
A,HIS,163,-0.2101,-0.1726,-0.1763,-0.2327,-0.1457,-0.2006,-0.1500,-0.2002,-0.2259,-0.2152,-0.3948,-0.2871,-0.2421,-0.2131,-0.2352,-0.2174,-0.2039,-0.4949,-0.2795,-0.2003,-0.0643,-0.1845,-0.3961,-0.2917,-0.4017,-0.2132,-0.0482,-0.5800,-0.1819,-0.3040,-0.2221,-0.0885,-0.6138,-0.1815,-0.0832,-0.1472,,-0.1976,-0.0760,-0.1468,-0.0464,-0.0375,-0.0992,-0.1386,-0.0159,-0.1199,,-0.0664,-0.0116,-0.0186,-0.0500,-0.1111,-0.0126,,-0.0126,-0.2711,-0.0077,-0.1764,-0.0418,-0.2815,-0.0587,-0.1175,-0.2171,-0.1227,,-0.3241,-0.1591,-0.1393,-0.1201,,,-0.1835,-0.0828,-0.1738,-0.1807,-0.0210,-0.2146,-0.1203,-0.2889,-0.0039,,-0.0709,-0.0383,-0.0197,-0.0159,-0.1189,-0.0145,-0.0582,-0.1170,-0.3073,-0.1147,,-0.3788,-0.5286,,-0.1607,-0.1163,-0.1757,-0.3233
A,HIS,164,-0.2309,-0.1892,-0.2382,-0.2232,-0.1701,-0.2632,-0.1575,-0.2968,-0.2451,-0.2753,-0.2211,-0.2795,-0.2345,-0.2039,-0.2340,-0.1893,-0.2596,-0.2579,-0.2625,-0.2899,-0.2430,-0.1873,-0.2626,-0.2743,-0.1548,-0.2245,-0.0672,-0.1598,0.2571,-0.1955,-0.2114,-0.1766,-0.1894,-0.1815,-0.1675,-0.2533,,0.2991,-0.1032,-0.3999,-0.0192,-0.1246,-0.1212,-0.1247,-0.0267,-0.0956,,-0.0774,-0.0623,-0.0590,-0.0968,-0.1230,-0.0346,-0.0037,-0.0677,-0.4090,-0.0549,-0.2626,-0.1246,-0.0809,-0.1199,-0.1923,-0.2554,-0.0878,-0.0312,-0.2743,-0.3007,0.9359,0.9399,,-0.0166,-0.2251,-0.0786,-0.2354,-0.3107,-0.0748,0.0186,-0.4957,3.7031,-0.0710,-0.0258,-0.1977,-0.1483,-0.0221,-0.0530,-0.2015,-0.0649,-0.4134,-0.0989,4.6612,-0.0520,,2.5515,-0.5400,-0.0165,-0.1370,-0.0744,-0.2615,-0.2922
A,MET,165,-0.5658,-0.8092,-0.6275,-0.6540,-0.6346,-0.5483,-0.6209,-0.6045,-0.5725,-0.5356,-0.3991,-0.6093,-0.6398,-0.3828,-0.5003,-0.4936,-0.4792,-0.5793,-0.7323,-0.5565,-0.6327,-0.4909,-0.4016,-0.5090,-0.4370,-0.5011,-0.4737,-0.4381,-0.7285,-0.4281,-0.3151,-0.7019,-0.4958,-0.2959,-0.4819,-0.4966,-0.0792,-0.8282,-0.4290,-0.5803,-0.2825,-0.4169,-0.1763,-0.6046,-0.2862,-0.3682,-0.0812,-0.2966,-0.1215,-0.4763,-0.2978,-0.1919,-0.1649,-0.1556,-0.0937,-0.1825,-0.1178,-0.1949,-0.2946,-0.4182,-0.5771,-0.1918,-0.4762,-0.1725,-0.3358,-0.4250,-0.7769,0.3450,-0.9156,-0.0122,-0.1503,-0.6768,-0.2556,0.1510,0.4085,-0.5525,-0.2968,-1.0636,2.2159,-0.1823,-0.1572,-0.4502,-0.4249,-0.0654,-0.4404,-0.3763,-0.2533,-1.0611,-0.1669,4.4398,0.7301,-0.0350,-0.6832,0.9136,-0.0096,-0.5365,-0.2906,14.7007,4.0821
A,GLU,166,-1.1896,-1.1002,-1.0852,-1.1112,-1.5225,-0.6747,-1.4690,-0.9942,-0.9283,-1.0141,-1.5852,-1.3559,-0.9066,-1.5526,-0.6313,-1.1063,-0.7868,-1.2857,-1.6190,-1.3914,0.0885,-0.9239,-0.8654,-0.5021,-1.1438,-0.4777,-1.0914,-1.1190,-0.5810,-1.3780,-0.7792,-0.6861,-0.5206,-0.7192,-0.7161,-1.1589,-0.8836,-0.6490,-0.9916,-1.3391,-0.8377,-0.3658,-0.5189,-0.1087,-0.9090,-1.0060,-0.4069,-0.8653,-0.6505,-1.1901,-0.7386,-0.8057,-0.6968,-0.4076,-0.1849,0.3196,-0.6539,-0.2636,-0.4663,0.3642,1.4371,0.2546,-0.2044,-0.6818,-0.8377,-0.3311,0.4002,-0.0628,1.9858,0.0422,-0.6736,6.0059,1.6751,5.7798,-0.3216,3.7582,-0.6561,-0.3798,0.4155,0.4489,1.6893,-0.2024,-0.7731,-0.8038,0.2369,3.2151,-0.7248,1.1293,2.4786,1.3673,-1.0580,1.1379,5.5520,1.8519,-0.0737,-0.5711,-0.5760,41.4119,50.3400
A,LEU,167,-0.4041,-0.5510,-0.3919,-0.4324,-0.4422,-0.1953,-0.5450,-0.2607,-0.2389,-0.1975,-0.3845,-0.3967,-0.2200,-0.4759,-0.1588,-0.4442,-0.1232,-0.4049,-0.4396,-0.3448,-0.3648,-0.4371,-0.2731,-0.1377,-0.3751,-0.1981,-0.4792,-0.3527,-0.1656,-0.1923,-0.1741,-0.4065,-0.3870,-0.1980,-0.1813,-0.2550,-0.4979,-0.2772,-0.4211,-0.3374,-0.3887,-0.5697,-0.0570,-0.4157,-0.3962,-0.3967,-0.5035,-0.4274,-0.2705,-0.4799,-0.2235,-0.3068,-0.2875,-0.3092,-0.6340,-0.2115,-0.1523,-0.2213,-0.1859,-0.1165,-0.3321,-0.1802,-0.2658,-0.1784,-0.5934,-0.1185,-0.2802,-0.2622,-0.3643,-0.3466,-0.3368,-0.4323,-0.3276,-0.4592,-0.4142,-0.5557,-0.2598,-0.2425,-0.3854,-0.1516,0.2386,-0.1841,-0.1699,-0.2339,-0.6297,-0.1984,-0.1883,-0.3711,-0.1542,-0.0845,-0.3671,0.3862,-0.2425,-0.2066,,-0.0328,-0.2677,-0.5905,4.0883
A,PRO,168,-0.3473,-0.6874,-0.3294,-0.3888,-0.7024,-0.1833,-0.6270,-0.3187,-0.3414,-0.2003,-0.5994,-0.5598,-0.2119,-0.7674,-0.0663,-0.6685,-0.0580,-0.6138,-0.6119,-0.5250,-0.2112,-0.6751,-0.2901,-0.0738,-0.4505,-0.2049,-0.6074,-0.7158,-0.1522,-0.1867,-0.2218,-0.7602,-0.8578,-0.2575,-0.2082,-0.2607,-1.3601,-0.3319,-0.5833,-0.4093,-0.8788,-0.4662,-0.0488,-0.5798,-0.6000,-0.6536,-1.2678,-1.0360,-0.3610,-0.6901,-0.3833,-0.5751,-0.5614,-0.7049,-0.6630,-0.1922,-0.1910,-0.2396,-0.2161,-0.1540,-0.5646,-0.2141,-0.2811,0.1721,0.4762,-0.0658,-0.2512,-0.1559,-0.2105,2.7091,0.6158,-0.4540,-0.6041,-0.1137,-0.3740,-0.6633,-0.3858,-0.0972,-0.4505,-0.7813,0.5822,-0.1866,-0.1528,-0.6851,-0.1796,-0.2044,-0.2281,-0.3120,-0.2047,-0.0042,-0.2083,15.8252,-0.3267,-0.0352,-0.0114,-0.0042,-0.2791,-0.6619,-0.3105
A,THR,169,-0.0044,-0.0365,-0.0046,-0.0038,-0.0705,,-0.0618,-0.0223,-0.0219,-0.0034,-0.0416,-0.1294,-0.0078,-0.0596,,-0.0630,,-0.0279,-0.0833,-0.0171,-0.0044,-0.0685,-0.0163,,-0.1300,-0.0136,-0.0272,-0.0753,,-0.0192,-0.0449,-0.0411,-0.0606,-0.0042,-0.0122,-0.0356,-0.2242,-0.0268,-0.0601,-0.1927,-0.0314,-0.0227,,-0.0176,-0.0098,-0.0304,-0.3016,-0.0831,-0.1047,-0.1281,-0.0113,-0.0217,-0.0267,-0.0148,-0.0706,-0.0853,-0.0047,-0.0124,,-0.0202,-0.0225,-0.0140,-0.0168,-0.0836,-0.1681,-0.0035,-0.0093,-0.0387,-0.0388,-0.2373,-0.1198,-0.0827,-0.0707,-0.1313,-0.0463,-0.0845,-0.0091,,-0.0530,-0.1845,-0.0601,-0.0161,-0.0046,-0.0733,-0.0400,-0.0614,-0.0266,-0.0277,-0.0441,,,-0.2354,-0.1037,,,,-0.0450,-0.1137,-0.0821
A,GLY,170,,-0.0369,,,-0.0809,,-0.0736,-0.0264,-0.0212,-0.0133,-0.0424,-0.1437,-0.0245,-0.0785,-0.0208,-0.0483,-0.0079,-0.0615,-0.1056,,-0.0039,-0.0763,-0.0539,-0.0350,-0.1478,-0.0504,-0.0468,-0.0801,,-0.0652,-0.0571,-0.0225,-0.0210,-0.0311,-0.0476,-0.0603,-0.1856,-0.0521,-0.0701,-0.2907,-0.0485,-0.0330,-0.0294,-0.0101,-0.0206,-0.0260,-0.2486,-0.0764,-0.1361,-0.1729,-0.0157,-0.0191,-0.0121,-0.0501,-0.0841,-0.0908,-0.0209,-0.0323,,-0.0583,-0.0123,,-0.0211,-0.0440,-0.1118,-0.0540,-0.0040,-0.0804,-0.0393,-0.1863,-0.1021,-0.1165,-0.0868,-0.1363,-0.0413,-0.1433,,,-0.1145,-0.1857,-0.0328,-0.0323,-0.0357,-0.0642,-0.0155,-0.1027,-0.0350,-0.0307,-0.0637,-0.0149,-0.0250,-0.1385,-0.1872,-0.0382,,,-0.0982,-0.1562,-0.1070
A,VAL,171,-0.0147,-0.0414,-0.0139,-0.0182,-0.0481,-0.0068,-0.0451,-0.0245,-0.0188,-0.0200,-0.0409,-0.0698,-0.0243,-0.0573,-0.0167,-0.0326,-0.0086,-0.0461,-0.0632,-0.0161,-0.0129,-0.0363,-0.0298,-0.0230,-0.0353,-0.0357,-0.0207,-0.0186,-0.0047,-0.0258,-0.0033,-0.0154,-0.0226,-0.0216,-0.0213,-0.0293,-0.0373,-0.0254,-0.0217,-0.0596,-0.0251,-0.0169,,-0.0089,-0.0123,-0.0126,-0.0690,-0.0241,-0.0395,-0.0455,-0.0090,-0.0147,,-0.0050,-0.0237,-0.0190,-0.0087,-0.0305,,-0.0089,-0.0211,-0.0050,-0.0165,-0.0067,-0.0328,-0.0158,-0.0214,-0.0105,-0.0491,-0.0436,-0.0218,-0.0455,-0.0392,-0.1146,-0.0094,-0.0711,-0.0043,-0.0171,-0.0545,-0.0530,-0.0258,-0.0169,-0.0078,,-0.0295,-0.0348,-0.0085,-0.0221,-0.0259,-0.0301,-0.0176,-0.0725,-0.0929,-0.0460,,-0.0042,-0.0323,-0.1256,-0.1665
A,HIS,172,-0.0521,-0.0902,-0.0343,-0.0672,-0.0788,-0.0342,-0.0862,-0.0624,-0.0682,-0.0622,-0.1786,-0.0859,-0.0910,-0.1688,-0.0950,-0.1108,-0.0653,-0.2495,-0.1601,-0.0507,,-0.1144,-0.2243,-0.1376,-0.0696,-0.1132,-0.0537,-0.1365,-0.0214,-0.1900,-0.0397,-0.0117,-0.1576,-0.0964,-0.0236,-0.0259,-0.0291,-0.0275,-0.0478,-0.0307,-0.0812,-0.0219,-0.0148,-0.1153,-0.0257,-0.0923,-0.0127,-0.0412,-0.0330,-0.0283,-0.0189,-0.0425,,-0.0261,-0.0217,-0.1635,-0.0140,-0.0562,,-0.1096,-0.0216,-0.0384,-0.0765,-0.0286,,-0.0913,-0.0298,-0.0352,-0.0215,-0.0083,,-0.0685,-0.0932,-0.1583,,-0.0750,-0.0543,-0.0689,-0.1987,-0.0347,-0.0040,-0.0416,-0.0180,-0.0170,-0.0298,-0.1008,,-0.0038,-0.0408,-0.2504,-0.0748,-0.0370,-0.2138,-0.2887,,-0.0340,-0.0967,-0.2592,-0.3585
A,ALA,173,-0.0076,-0.0068,-0.0107,-0.0102,-0.0033,-0.0149,-0.0033,-0.0045,-0.0114,-0.0047,-0.0318,-0.0160,-0.0155,-0.0078,-0.0123,-0.0037,-0.0075,-0.0261,-0.0115,-0.0115,-0.0110,-0.0042,-0.0278,-0.0157,-0.0043,-0.0083,,-0.0298,-0.0041,-0.0110,-0.0068,-0.0042,-0.0318,,,-0.0045,,-0.0041,,-0.0078,,-0.0259,,-0.0077,,-0.0064,,,,-0.0034,,-0.0042,,,-0.0298,-0.0286,,-0.0159,,-0.0071,-0.0069,-0.0204,,-0.0034,-0.0035,,-0.0182,-0.0289,-0.0350,,,-0.0085,,-0.0172,-0.0082,,-0.0202,-0.0034,-0.0551,,-0.0127,-0.0070,,,-0.0070,,,-0.0103,,-0.0797,-0.0312,,-0.0248,-0.0476,,-0.0081,,-0.1348,-0.1233
A,GLY,174,,,,,,,,,,,,,,,,,,,,,,,,,,,,,,,,,,,,,,,,,,,,,,,,,,,,,,,,,,,,,,,,,,,,,,,,,,,,,,,,,,,,,,,,,,,,,,,,,,-0.0069,
A,PHE,181,-0.0039,,-0.0038,,,,,,,,,,,,,,,,,-0.0080,-0.0174,,,,,,,,,,,,,,,,,-0.0042,,,,,,,,,,,,,,-0.0035,,,-0.0079,,,,,,,,,,,,,-0.0477,-0.0358,,,,,,,,,-0.0497,-0.0082,,-0.0032,,,,,,,-0.0566,,-0.0307,-0.0552,,-0.0088,-0.0296,,,,-0.0230,
A,PHE,185,,-0.0076,,-0.0076,,,,,,,,,,,,,,,,,,,,,,,,,,,,,,,,,,,,,,-0.0287,,,,,,,,,,,,,-0.0381,,,,,,,,,,,,-0.0231,-0.0066,-0.0125,,,,,,,,,-0.0039,,,-0.0196,,,,,,,-0.0042,,,-0.0075,,,,,,,,-0.0202
A,VAL,186,-0.0404,-0.0392,-0.0409,-0.0345,,-0.0065,-0.0091,,,,-0.0044,,,-0.0035,,,,,-0.0035,-0.0164,-0.0980,,,,,,-0.0083,,-0.0032,,,-0.0098,,,,-0.0033,,-0.0128,,-0.0050,,-0.0781,,-0.0094,-0.0049,-0.0033,,,,-0.0175,,-0.0043,,,-0.0983,-0.0030,,,-0.0078,,-0.0045,-0.0081,,,-0.0335,,-0.0496,-0.0933,-0.1202,,,,,-0.0032,-0.0223,-0.0554,-0.0230,-0.1320,-0.0208,,-0.0616,,,,-0.0477,,,-0.1855,,-0.0363,-0.1806,,-0.0111,-0.1029,,-0.0038,,-0.0242,-0.0423
A,ASP,187,-0.0474,-0.0406,-0.0476,-0.0353,-0.0032,-0.0163,-0.0119,-0.0078,,-0.0077,,,,-0.0037,,,,,-0.0173,-0.0935,-0.1484,,-0.0079,-0.0160,,,-0.0038,,-0.0620,,,-0.0245,,,-0.0153,-0.0086,,-0.0982,,-0.0242,,-0.0779,,-0.0176,-0.0043,,,,,-0.0182,,-0.0388,,,-0.0873,-0.0166,,-0.0039,,-0.0140,-0.0039,-0.0085,-0.0087,,-0.0365,,-0.1022,-0.2992,-0.2807,,,-0.0114,,,-0.0772,-0.0699,-0.0702,-0.4367,-0.1163,-0.0315,-0.0670,-0.0779,-0.0039,,-0.0364,-0.0106,,0.2928,,-0.2401,-0.1303,,-0.1479,1.6631,,-0.1542,,-0.0508,-0.0140
A,ARG,188,-0.2516,-0.2278,-0.2283,-0.2233,-0.0893,-0.1249,-0.1211,-0.0372,-0.0186,-0.0532,-0.0744,-0.0183,-0.0263,-0.0879,,-0.0622,,-0.0335,-0.0649,-0.1243,-0.6252,-0.0409,-0.0542,-0.0153,-0.0163,,-0.1208,-0.0370,-0.1459,,-0.0113,-0.1358,-0.0517,-0.0030,-0.0536,-0.0527,-0.0829,-0.1413,-0.0719,-0.0601,-0.0655,-0.3008,,-0.1466,-0.1158,-0.0559,-0.0613,-0.0275,-0.0073,-0.1151,-0.0131,-0.0778,-0.0570,-0.0785,-0.2904,-0.0437,-0.0109,-0.0494,-0.1389,-0.0062,-0.0943,-0.0818,-0.0550,,-0.1651,-0.0075,-0.2137,-0.4367,-0.0445,-0.0125,-0.0157,-0.0735,,-0.0188,-0.1833,-0.2069,-0.2153,0.3033,-0.1029,-0.0692,-0.2143,-0.0650,-0.0622,,-0.1992,-0.0271,-0.0580,7.9948,,-0.1694,5.1871,-0.0342,-0.1464,-0.1064,-0.0112,-0.1498,-0.0077,-0.1459,-0.0861
A,GLN,189,-1.1901,-0.9475,-1.2995,-1.1218,-1.2446,-1.3900,-1.1830,-0.6104,-0.5520,-0.7759,-0.9727,-0.4197,-0.6304,-0.8751,-0.4539,-0.7810,-0.6031,-0.6711,-0.6494,-1.0515,-1.1380,-0.6546,-0.8505,-0.1048,-0.4244,-0.7420,-1.2832,-0.5528,-0.6275,-0.2327,-0.7139,-0.7759,-0.7726,-0.5344,-0.6845,-0.2108,-0.3986,-0.8126,-1.0184,-0.3491,-0.7657,-0.9299,-0.4742,-0.3787,-0.9851,-0.5922,-0.8553,-0.5214,-0.4738,-0.4840,-0.6177,-0.6526,-1.1095,-0.9549,-0.4474,-0.3485,-0.3249,0.2199,-0.4463,0.2867,-0.8131,0.2605,0.0580,-0.4378,0.1814,0.6746,2.3503,1.8851,0.9041,0.6574,-0.7873,1.0448,-0.4926,-0.5529,3.9418,3.0949,6.9533,-0.0781,-0.5664,7.7860,5.9503,-0.6119,6.8555,-0.2546,-0.9809,5.0942,3.5374,8.7979,0.6248,-0.1149,14.9071,-0.3073,10.5061,6.6483,9.7188,0.7279,-0.2912,1.0997,-0.3951
A,THR,190,-0.6296,-0.5625,-0.5745,-0.7237,-0.1984,-0.1941,-0.2656,-0.0878,-0.0832,-0.0898,-0.4268,-0.0519,-0.0774,-0.1812,,-0.1652,,-0.1699,-0.0625,-0.2676,-0.7665,-0.1397,-0.2001,,-0.0215,,-0.4136,-0.0739,-0.1177,,-0.0212,-0.2426,-0.1513,-0.0447,-0.0143,-0.0309,-0.7674,-0.0611,-0.2562,-0.0304,-0.3831,-0.3435,,-0.3924,-0.2384,-0.2310,-0.3323,-0.1939,-0.0076,-0.1515,-0.0498,-0.2167,-0.2000,-0.3149,-0.1925,-0.0094,-0.0691,-0.0120,-0.3053,,-0.2715,-0.1785,-0.1440,-0.0412,-0.3235,,-0.1999,-0.1376,-0.2694,-0.1844,-0.0435,-0.0393,-0.0382,-0.0181,-0.1920,-0.3336,-0.2452,-0.1679,-0.0466,-0.0040,0.3339,-0.0101,-0.0118,-0.0280,4.5341,-0.0045,-0.0476,-0.2728,,-0.0087,-0.3278,0.9310,-0.0086,-0.0861,-0.0164,,-0.0294,-0.1055,0.0561
A,ALA,191,-0.1070,-0.1791,-0.0990,-0.1517,-0.1028,-0.0798,-0.1307,-0.0347,-0.0393,-0.0242,-0.2542,-0.0080,-0.0146,-0.0948,,-0.1036,,-0.1363,-0.0076,-0.1063,-0.0906,-0.0898,-0.1021,,,,-0.2541,-0.0117,-0.0376,,,-0.1496,-0.0910,-0.0122,,,-0.3088,,-0.1141,,-0.3574,-0.1427,,-0.1693,-0.2089,-0.0510,-0.1482,-0.2206,,-0.0529,-0.0354,-0.1649,-0.1261,-0.3404,-0.1636,,-0.0156,,-0.1144,,-0.1495,-0.0936,-0.0812,-0.0492,-0.1464,,-0.0939,-0.0176,-0.1413,-0.0963,-0.0234,,-0.0038,,-0.0613,-0.1621,-0.0950,-0.0038,-0.0138,,-0.2462,,,-0.0228,-0.3202,,-0.0084,-0.0814,,,-0.0401,-0.4318,,,,,,,-0.0752
A,GLN,192,-0.2153,-0.3146,-0.2171,-0.2492,-0.1117,-0.0885,-0.1685,-0.0362,-0.0334,-0.0031,-0.1817,-0.0133,,-0.0817,,-0.1181,,-0.1434,-0.0150,-0.1119,-0.2707,-0.0595,-0.1099,,,,-0.2546,,-0.0319,,,-0.1603,-0.0254,-0.0030,-0.0038,-0.0074,-0.2566,-0.0173,-0.0721,-0.0133,-0.1774,-0.3532,,-0.1814,-0.2487,-0.1297,-0.1296,-0.1218,,-0.1269,,-0.0983,-0.0808,-0.1822,-0.4851,-0.0040,-0.0066,,-0.1157,,-0.1289,-0.0581,-0.1231,-0.0116,-0.2528,,-0.2580,-0.1111,-0.3628,-0.0415,-0.0469,-0.0183,,-0.0113,-0.1221,-0.3105,-0.0921,-0.0965,-0.0292,,-0.3604,-0.0037,-0.0035,-0.0098,-0.4423,,-0.0035,-0.2614,,-0.0089,-0.2080,-0.2486,,-0.0491,,,,-0.0276,-0.1950
A,ALA,193,,-0.0074,,-0.0036,,,,,,,-0.0077,,,,,,,-0.0036,,,,,,,,,-0.0035,,,,,,,,,,-0.0038,,,,-0.0035,-0.0184,,,-0.0047,-0.0042,,-0.0045,,,,,,,-0.0174,,,,,,,,,,-0.0136,,-0.0046,,-0.0122,,,,,,,-0.0036,,,,,-0.0204,,,,-0.0276,,,,,,,-0.0348,,,,,,,-0.0256

Intra-Ligand Free,,,-0.1868,-0.0223,-0.3500,-0.0244,-0.3809,-0.3904,-0.0579,-0.4285,-0.4134,-0.4368,-0.4594,-0.3867,-0.4226,-0.4362,-0.4635,-0.3223,-0.1164,-0.0294,-0.0668,-0.2883,0.4225,-0.2198,-0.4101,-0.3840,-0.3384,-0.3927,-0.4529,-0.4471,-0.3763,-0.0385,-0.4130,-0.4305,-0.4096,-0.4212,-0.2538,-0.3746,-0.4608,-0.4233,-0.0396,-0.0429,-0.4163,-0.1901,-0.3284,-0.3251,-0.3263,-0.2898,-0.4376,-0.0148,-0.3515,-0.0967,-0.3648,-0.3583,-0.3368,-0.3246,0.1211,-0.4220,0.1616,0.6524,1.8715,-0.1153,1.0490,-0.0330,-0.3885,0.3244,1.4809,1.1544,0.2195,-0.2175,-0.0118,-0.3263,-0.2143,-0.2176,2.1135,1.6862,0.7119,-0.3425,0.0858,6.2471,3.0547,0.4012,0.4656,1.7650,0.9982,5.2789,0.6832,5.3941,6.4361,-0.2782,6.0346,1.1175,-0.3926,0.1479,1.4554,4.9570,0.3188,1.5190,1.9627,0.2590,0.0236
Inter-Ligand Free,,,-8.3108,-8.4485,-8.0984,-8.3293,-7.8722,-7.7973,-8.0287,-7.6321,-7.4860,-7.4285,-7.3337,-7.3401,-7.2702,-7.1700,-7.0123,-7.1070,-7.2316,-7.3007,-7.2075,-6.8791,-7.3773,-6.5268,-6.2929,-6.3141,-6.3218,-6.2423,-6.0608,-6.0437,-6.0893,-6.4257,-5.9003,-5.8466,-5.7830,-5.6293,-5.6749,-5.5469,-5.3802,-5.3490,-5.7179,-5.6736,-4.9931,-5.1790,-4.8868,-4.8394,-4.8317,-4.8077,-4.5696,-4.9829,-4.5914,-4.6184,-4.3204,-4.1515,-4.0910,-3.9992,-4.1528,-3.3685,-3.4862,-3.8873,-4.7574,-2.0349,-3.0951,-1.9575,-1.3677,-1.8887,-2.5368,-1.8757,-0.6812,0.0097,0.3505,2.0151,1.9453,3.2948,1.3929,1.9414,3.1774,4.2523,4.0355,-2.0850,2.5062,5.5745,7.2693,6.6536,9.4703,5.5954,11.1923,7.6057,7.4428,15.2524,8.9694,14.8127,16.9114,16.5870,17.2430,17.2993,22.8043,23.5620,29.6929,53.9059,61.7072
Total Free Energy,,,-8.4976,-8.4708,-8.4483,-8.3537,-8.2531,-8.1878,-8.0866,-8.0606,-7.8994,-7.8654,-7.7931,-7.7268,-7.6928,-7.6061,-7.4758,-7.4293,-7.3479,-7.3301,-7.2743,-7.1674,-6.9548,-6.7465,-6.7029,-6.6981,-6.6602,-6.6350,-6.5136,-6.4908,-6.4656,-6.4641,-6.3132,-6.2771,-6.1925,-6.0505,-5.9288,-5.9215,-5.8410,-5.7723,-5.7575,-5.7165,-5.4094,-5.3691,-5.2152,-5.1645,-5.1580,-5.0975,-5.0072,-4.9977,-4.9429,-4.7151,-4.6852,-4.5098,-4.4278,-4.3238,-4.0317,-3.7904,-3.3246,-3.2348,-2.8860,-2.1501,-2.0461,-1.9906,-1.7562,-1.5642,-1.0558,-0.7213,-0.4616,-0.2078,0.3387,1.6888,1.7309,3.0772,3.5064,3.6276,3.8893,3.9098,4.1213,4.1622,5.5609,5.9757,7.7349,8.4186,10.4685,10.8743,11.8755,12.9999,13.8788,14.9743,15.0040,15.9302,16.5188,16.7350,18.6984,22.2564,23.1231,25.0810,31.6555,54.1649,61.7309
Normalized Total Free Energy,,,-7.4408,-7.4168,-7.3967,-7.3120,-7.2219,-7.1634,-7.0729,-7.0496,-6.9053,-6.8748,-6.8101,-6.7507,-6.7203,-6.6427,-6.5260,-6.4844,-6.4115,-6.3956,-6.3456,-6.2499,-6.0596,-5.8731,-5.8341,-5.8298,-5.7958,-5.7732,-5.6646,-5.6441,-5.6216,-5.6203,-5.4851,-5.4528,-5.3771,-5.2500,-5.1410,-5.1344,-5.0624,-5.0009,-4.9876,-4.9509,-4.6760,-4.6398,-4.5020,-4.4566,-4.4509,-4.3967,-4.3158,-4.3073,-4.2583,-4.0543,-4.0275,-3.8705,-3.7971,-3.7039,-3.4424,-3.2264,-2.8094,-2.7290,-2.4166,-1.7579,-1.6647,-1.6150,-1.4052,-1.2333,-0.7781,-0.4786,-0.2461,-0.0188,0.4704,1.6792,1.7169,2.9223,3.3066,3.4151,3.6494,3.6677,3.8571,3.8937,5.1460,5.5174,7.0924,7.7045,9.5399,9.9031,10.7995,11.8062,12.5932,13.5740,13.6006,14.4298,14.9568,15.1503,16.9082,20.0938,20.8697,22.6227,28.5090,48.6621,55.4360
