Chain ID,Residue name,Residue sequence,Conf 1,Conf 2,Conf 3,Conf 4,Conf 5,Conf 6,Conf 7,Conf 8,Conf 9,Conf 10
A,VAL,20,,,,,-0.0041,-0.0123,-0.0230,-0.0248,-0.0029,
A,CYS,22,,,,,,-0.0132,,,,-0.0045
A,GLY,23,,,,,,-0.0044,,,,
A,THR,24,-0.0274,-0.0034,,-0.0590,-0.0222,-0.1557,-0.0108,-0.0280,-0.0463,-0.0204
A,THR,25,-0.1639,-0.0749,-0.0513,-0.2277,-0.2845,0.9790,-0.2735,-0.3936,-0.2020,-0.2475
A,THR,26,-0.1576,-0.0526,-0.0439,-0.1556,-0.2369,0.7621,-0.2739,-0.2901,-0.2660,-0.0668
A,LEU,27,-0.1539,-0.0901,-0.1691,-0.1230,-0.2653,-0.4084,5.4881,6.5603,0.1388,-0.1346
A,ASN,28,-0.0070,,,,-0.0150,-0.0648,-0.1472,-0.1511,-0.2592,
A,GLY,29,,,,,,,,,-0.0039,
A,CYS,38,,,,,,,-0.0184,-0.0188,-0.0075,
A,PRO,39,-0.0290,-0.0114,-0.0624,,-0.0385,-0.0250,-0.2376,-0.2417,-0.1708,-0.0722
A,ARG,40,-0.0042,,-0.0083,,-0.0041,,-0.0373,-0.0354,-0.0122,-0.0792
A,HIS,41,-0.7926,-0.4153,3.1505,-0.2012,2.1125,-0.3917,1.5238,1.2581,0.4658,4.4900
A,VAL,42,-0.0282,-0.0293,-0.0437,-0.0255,-0.1117,-0.1737,-0.2349,-0.2870,-0.0976,-0.2064
A,ILE,43,,,,,,-0.0299,-0.0131,-0.0247,-0.0030,-0.0805
A,CYS,44,-0.0639,-0.0045,-0.0184,-0.1067,-0.0546,-0.1877,-0.0863,-0.1680,-0.0311,-0.2676
A,THR,45,-0.0442,,,-0.2106,,-0.2009,-0.0212,-0.2019,-0.0524,-0.2664
A,SER,46,-0.1089,-0.0028,-0.0168,0.0305,-0.0190,-0.6864,,-0.2428,-0.0719,-0.3931
A,GLU,47,,,,-0.0392,,-0.0301,,-0.0357,,-0.0104
A,ASP,48,-0.0094,,,-0.0303,,-0.0252,-0.0035,-0.0289,,-0.0830
A,MET,49,0.0459,-0.3341,-0.4170,2.3160,-0.5039,0.7920,-0.5140,7.8099,-0.3129,34.8162
A,LEU,50,-0.0375,,-0.0051,-0.0270,-0.0049,-0.0376,-0.0429,-0.0299,-0.0032,-0.0833
A,PRO,52,-0.0145,,,,,,-0.0073,,,-0.0319
A,TYR,54,-0.0435,-0.0043,-0.0157,,-0.0077,,-0.0483,-0.0166,,-0.1496
A,ALA,116,,,,,,,,,-0.0038,
A,CYS,117,,,,,,-0.0034,-0.0172,-0.0165,-0.0753,
A,TYR,118,-0.0069,,-0.0259,-0.0159,-0.0269,-0.0627,-0.1002,-0.0889,-0.2624,
A,ASN,119,,,,-0.0034,,-0.0368,-0.0040,-0.0040,-0.0403,
A,GLY,120,,,,,,,,,-0.0037,
A,ILE,136,,,,,,,,,-0.0046,
A,GLY,138,,,,,,,,,-0.0290,
A,SER,139,,-0.0161,,,-0.0094,-0.0296,,,-0.0627,
A,PHE,140,-0.0083,-0.2587,-0.1669,-0.0909,-0.2610,-0.1048,-0.1951,-0.1832,-0.1281,-0.1306
A,LEU,141,-0.1430,-0.4328,-0.3356,-0.3335,-0.4206,-0.4076,-0.5731,-0.6176,0.2168,-0.0944
A,ASN,142,0.2289,-0.6756,0.0554,1.8076,3.5266,9.0604,3.4016,3.9466,2.4879,-0.4531
A,GLY,143,-0.3287,-0.1946,0.4703,0.1326,-0.5801,0.5565,4.1704,2.8998,17.2305,-0.0853
A,SER,144,-0.1193,-0.2004,-0.2641,-0.1085,-0.2784,-0.2906,2.2311,1.8597,13.6531,-0.0754
A,CYS,145,-0.2186,-0.3380,-0.2165,-0.1414,-0.4288,-0.3205,3.9182,4.9395,53.4184,1.7975
A,GLY,146,-0.0049,-0.0030,-0.0163,,-0.0113,-0.0174,-0.0967,-0.0934,-0.2085,-0.0126
A,SER,147,,,,,,,-0.0213,-0.0252,-0.1409,-0.0037
A,TYR,161,,-0.0044,,,-0.0043,,,,-0.0068,-0.0032
A,MET,162,,,,,,,,,-0.0259,
A,HIS,163,-0.0819,0.1743,-0.3384,-0.0140,1.5875,-0.1091,-0.4266,-0.3703,-0.6136,-0.1574
A,HIS,164,-0.0928,-0.0987,-0.4622,-0.0265,-0.2800,-0.1446,-0.5978,-0.4411,-0.4908,-0.4368
A,MET,165,-0.3908,-0.4652,-1.0783,-0.1381,-0.4977,-0.5301,1.6999,-0.6021,-0.9671,-0.8519
A,GLU,166,-0.3169,0.1135,-1.7358,-0.9922,-0.5263,-0.7913,-0.4251,0.1532,40.8565,49.1120
A,LEU,167,-0.4191,-0.4324,-0.8435,-0.3911,0.9835,-0.5272,0.6820,1.1411,-0.7197,5.9479
A,PRO,168,-0.7605,1.6250,0.7089,-0.0530,2.6698,3.2864,1.9007,1.2616,0.3742,38.5981
A,THR,169,-0.1390,-0.1967,-0.3720,-0.0984,-0.1525,-0.0630,-0.1750,-0.1644,-0.1108,-0.3119
A,GLY,170,-0.1269,-0.2260,0.1362,-0.0690,-0.1479,-0.0615,-0.1846,-0.1698,-0.2199,0.7462
A,VAL,171,-0.0263,-0.0989,-0.1809,,-0.0972,-0.0168,-0.0913,-0.0823,-0.1679,-0.1994
A,HIS,172,-0.0132,-0.0224,-0.1473,-0.0437,-0.1334,-0.1480,-0.0678,-0.0705,2.5360,-0.2194
A,ALA,173,-0.0036,-0.0264,,,-0.0170,,-0.0268,,-0.0344,-0.0195
A,PHE,181,-0.0117,,,,,,-0.0451,,,-0.0123
A,PHE,185,,,,,,,-0.0196,,,-0.0033
A,VAL,186,-0.0269,-0.0066,-0.0214,,,-0.0161,-0.1292,,-0.0090,-0.0309
A,ASP,187,-0.1142,-0.0352,-0.0756,,-0.0328,-0.0157,-0.2734,-0.0350,-0.0074,-0.2365
A,ARG,188,-0.1528,-0.0816,-0.2182,-0.0431,-0.0363,-0.1486,1.0229,-0.0896,-0.1128,-0.2985
A,GLN,189,-0.9353,-0.2201,-1.4963,1.7649,0.4489,6.4385,2.3241,5.0869,4.7727,31.2833
A,THR,190,-0.2238,-0.0533,-0.2973,-0.2500,-0.1723,-0.3256,-0.1915,-0.0206,-0.2622,-0.3200
A,ALA,191,-0.0987,-0.0635,-0.1269,-0.1437,-0.1296,-0.1388,-0.0292,,-0.1184,-0.1882
A,GLN,192,-0.0741,-0.0239,-0.2271,-0.1190,-0.0841,-0.2040,-0.1639,-0.0034,-0.1996,-0.2376
A,ALA,193,-0.0046,,,-0.0039,-0.0079,,,,,-0.0487
A,ALA,194,,,,,,,,,,-0.0049

Intra-Ligand Free,,,-1.6294,0.1858,2.9561,3.1924,7.1962,6.0088,5.0018,3.0325,5.9754,14.9276
Inter-Ligand Free,,,-6.2537,-3.2848,-4.9767,1.7666,5.4206,14.9141,22.5153,31.6199,129.5821,160.1583
Total Free Energy,,,-7.8830,-3.0989,-2.0206,4.9590,12.6168,20.9229,27.5171,34.6524,135.5575,175.0859
Normalized Total Free Energy,,,-4.6297,-1.0880,-0.2896,4.8775,10.5468,16.6960,21.5778,26.8602,101.5627,130.8265
