Chain ID,Residue name,Residue sequence,Conf 1,Conf 2,Conf 3,Conf 4,Conf 5,Conf 6,Conf 7,Conf 8,Conf 9,Conf 10,Conf 11,Conf 12,Conf 13,Conf 14,Conf 15,Conf 16,Conf 17,Conf 18,Conf 19,Conf 20,Conf 21,Conf 22,Conf 23,Conf 24,Conf 25,Conf 26,Conf 27,Conf 28,Conf 29,Conf 30,Conf 31,Conf 32,Conf 33,Conf 34,Conf 35,Conf 36,Conf 37,Conf 38,Conf 39,Conf 40,Conf 41,Conf 42,Conf 43,Conf 44,Conf 45,Conf 46,Conf 47,Conf 48,Conf 49,Conf 50,Conf 51,Conf 52,Conf 53,Conf 54,Conf 55,Conf 56,Conf 57,Conf 58,Conf 59,Conf 60,Conf 61,Conf 62,Conf 63,Conf 64,Conf 65,Conf 66,Conf 67,Conf 68,Conf 69,Conf 70,Conf 71,Conf 72
A,VAL,20,-0.0040,,-0.0078,,,,,,,-0.0085,-0.0117,,,-0.0075,,-0.0034,,,,,,,,,,-0.0049,-0.0075,,,-0.0037,,,-0.0215,,,,,,,,,,,,,-0.0036,-0.0181,,,,,-0.0171,-0.0035,,,,,,-0.0075,-0.0035,,,,-0.0120,,-0.0034,,,-0.0037,,-0.0247,
A,CYS,22,,,,,,,,,,,,,,-0.0032,,-0.0042,,,,,,,,,,,,,,,,,,,,,,,,-0.0032,,,,,,,-0.0033,,,,,,-0.0038,,,,,,,,,,,-0.0038,,,,,,,-0.0038,
A,THR,24,-0.0225,,-0.0765,-0.0331,,,,,-0.0305,-0.0370,-0.0498,,,-0.0803,-0.0079,-0.0137,,-0.0047,,-0.0078,-0.0948,-0.0360,,-0.0098,,-0.0230,-0.0221,,-0.0035,-0.0549,,,-0.0287,-0.0138,,,-0.0137,,-0.0459,-0.0695,,-0.0272,,-0.0271,-0.0377,-0.0380,-0.0359,-0.0306,,,,-0.0535,-0.0397,-0.0140,,,,-0.0034,-0.0290,-0.0256,,,,-0.0683,,-0.0218,,-0.0080,-0.0305,-0.0125,-0.0683,
A,THR,25,-0.1920,,-0.2689,-0.1377,-0.0246,-0.0042,-0.0380,-0.0261,-0.1140,-0.2944,-0.2463,-0.0269,,-0.3281,-0.0471,0.8679,,-0.0708,-0.0496,-0.1007,-0.2404,-0.2184,,-0.0962,,-0.2193,-0.3230,-0.0124,-0.0625,-0.2563,-0.0035,,0.0346,-0.1095,-0.0628,-0.0034,-0.1907,,-0.2192,-0.1850,,-0.2392,,-0.2319,-0.2042,-0.2831,0.0441,-0.1814,-0.0220,-0.0120,,-0.2312,0.3367,-0.2445,-0.0382,-0.1080,,-0.0775,-0.2776,-0.3344,-0.0137,,-0.0677,-0.0343,,-0.3571,-0.0083,-0.0505,-0.3352,-0.2549,-0.1135,
A,THR,26,-0.1919,,-0.2956,-0.1001,-0.0126,,-0.0290,-0.0131,-0.0679,-0.2058,-0.2452,-0.0211,,-0.3955,-0.0749,-0.1227,,-0.0396,-0.0355,-0.1405,-0.1367,-0.1882,,-0.0512,,0.0200,-0.1927,-0.0032,-0.0537,-0.0266,,,0.0215,-0.1773,-0.1053,,-0.1729,-0.0036,-0.2045,-0.1479,,-0.1745,,-0.1744,-0.1631,-0.2267,-0.0161,-0.1543,,-0.0034,,0.2261,-0.1059,-0.1441,-0.0083,-0.0723,,-0.0601,-0.2016,-0.1561,-0.0086,,-0.0269,0.0571,,-0.1514,,-0.0210,-0.1730,-0.1032,-0.1199,
A,LEU,27,-0.3771,,-0.2684,-0.1018,-0.0561,,-0.0871,-0.0683,-0.0640,-0.2605,-0.3288,-0.0627,,-0.2509,-0.0625,-0.2001,,-0.0314,-0.1166,-0.1935,-0.1466,-0.1924,,-0.0730,-0.0040,-0.2087,-0.1651,-0.0080,-0.1565,-0.2175,-0.0217,-0.0176,,-0.4259,-0.1688,-0.0032,-0.3730,-0.0180,-0.1918,-0.1491,-0.0175,-0.4377,,-0.4314,-0.1339,-0.1075,-0.2149,-0.1199,-0.0393,-0.0224,,0.2688,-0.1745,-0.2347,-0.0804,-0.1543,,-0.0801,-0.3417,-0.3929,-0.0594,,-0.0534,-0.5787,,-0.3398,-0.0146,,-0.2895,-0.1693,3.1011,
A,ASN,28,-0.0433,,-0.0105,-0.0035,,,-0.0089,-0.0078,,-0.0129,-0.0565,-0.0080,,-0.0076,,-0.0091,,,-0.0127,-0.0453,-0.0076,,,,,-0.0755,-0.0809,,-0.0165,-0.0094,,,-0.0855,-0.0426,-0.0498,,-0.0363,-0.0041,-0.0043,,,-0.0573,,-0.0567,,-0.0325,-0.0560,,,,,-0.0932,-0.0038,-0.0078,-0.0123,-0.0051,,-0.0036,-0.0127,-0.0486,,,,-0.0665,,-0.0431,,,-0.0566,,-0.1713,
A,GLY,29,,,,,,,,,,,,,,,,,,,,,,,,,,,,,,,,,,,,,,,,,,,,,,,,,,,,,,,,,,,,,,,,,,,,,,,-0.0035,
A,CYS,38,,,,,,,,,,,,,,,,,,,,,,,,,,,,,,,,,,,,,,,,,,,,,,,,,,,,,,,,,,,,,,,,,,,,,,,-0.0039,
A,PRO,39,-0.0406,,-0.0159,-0.0097,-0.0283,,-0.0336,-0.0209,-0.0092,-0.0537,-0.0312,-0.0246,,,-0.0075,-0.0903,,-0.0172,-0.0326,-0.0300,-0.0165,-0.0394,,-0.0237,,-0.0530,-0.1196,,-0.0665,-0.0199,-0.0178,-0.0076,-0.0587,-0.0992,-0.0304,,-0.0784,-0.0038,-0.0153,,-0.0133,-0.1167,,-0.1064,-0.0309,-0.1086,-0.0697,-0.0229,-0.0257,-0.0044,,-0.0541,-0.0505,-0.1336,-0.0437,-0.0272,,-0.0032,-0.0315,-0.1308,-0.0323,,-0.0076,-0.1026,,-0.1354,-0.0224,,-0.1642,-0.0432,-0.1730,
A,ARG,40,,,,,-0.0036,,-0.0115,,,,,,,,,-0.0210,,,,,,,,,,,-0.0715,,,,,,,-0.0219,,,-0.0255,,,,,-0.0168,,-0.0096,,-0.0154,-0.0034,,-0.0039,,,,-0.0078,-0.0619,,,,,,-0.0065,,,,-0.0034,,-0.0106,,,-0.0074,-0.0186,-0.0078,
A,HIS,41,-0.3638,-0.0451,-0.3908,-0.4482,-0.1133,-0.1507,-0.5228,-0.5354,-0.3722,-0.5850,-0.5718,-0.4383,-0.0944,-0.1761,-0.1909,0.7426,-0.0316,-0.5024,-0.2030,-0.2831,-0.5001,-0.0225,-0.0096,-0.5212,-0.2414,-0.3863,0.3164,-0.1984,-0.4210,-0.4562,-0.4258,-0.1593,-0.3408,0.7292,-0.2485,-0.1513,0.4696,-0.2307,-0.4440,-0.3859,-0.2748,0.5650,-0.0950,-0.0204,-0.5878,4.0592,-0.4149,-0.5569,0.5701,-0.2364,-0.1150,-0.8936,-0.1470,15.4460,-0.6130,-0.6215,-0.0154,-0.3611,-0.4927,0.5746,-0.3591,-0.0450,-0.3779,-0.3094,-0.0212,1.4313,-0.2548,-0.0560,0.3183,1.6315,1.5800,-0.0366
A,VAL,42,-0.0860,,-0.0566,-0.0319,-0.0176,,-0.0162,-0.0103,-0.0203,-0.1577,-0.0773,-0.0086,,-0.0560,,-0.1449,,-0.0095,-0.0178,-0.0362,-0.0590,-0.0885,,-0.0221,,-0.0595,-0.1802,,-0.0344,-0.0293,-0.0039,,-0.1460,-0.1776,-0.0251,,-0.1679,,-0.0206,-0.0918,-0.0034,-0.1641,,-0.1644,-0.0341,-0.1636,-0.1321,-0.0327,-0.0230,-0.0039,,-0.1709,-0.1396,-0.1392,-0.0136,-0.0356,,,-0.0932,-0.1646,-0.0075,,,-0.1910,,-0.1516,-0.0120,,-0.1782,-0.1421,-0.2682,
A,ILE,43,,,,,,,,,,-0.0074,,,,,,-0.0234,,,,,,,,,,,-0.0164,,,,,,-0.0074,-0.0319,,,-0.0266,,,-0.0081,,-0.0256,,-0.0213,,-0.0039,-0.0084,,,,,-0.0073,-0.0241,-0.0085,,,,,,-0.0129,,,,-0.0038,,-0.0171,,,-0.0219,-0.0068,-0.0038,
A,CYS,44,-0.0206,,-0.0120,-0.0369,-0.0138,,-0.0121,-0.0117,-0.0370,-0.1202,-0.0355,-0.0125,,-0.0095,,-0.1572,,-0.0280,-0.0182,,-0.1176,-0.0657,,-0.0328,-0.0079,-0.0551,-0.2019,,-0.0254,-0.0508,-0.0113,,-0.0301,-0.2403,,,-0.2316,,-0.0475,-0.0988,,-0.2361,,-0.2322,-0.0791,-0.0642,-0.0284,-0.0642,-0.0351,,,-0.1463,-0.1543,-0.1601,-0.0751,-0.0460,,-0.0215,-0.0176,-0.2022,-0.0249,,-0.0321,-0.1300,,-0.1047,-0.0086,-0.0039,-0.1297,-0.2138,-0.1327,
A,THR,45,-0.0035,,,-0.0621,-0.0106,,-0.0111,-0.0149,-0.0699,-0.0508,-0.0736,-0.0126,,,,-0.0972,,-0.0197,-0.0248,,-0.2346,-0.0144,-0.0172,-0.0363,,-0.1190,-0.1328,-0.0315,-0.0086,-0.1058,-0.0729,,-0.0037,-0.2124,,-0.0211,-0.2182,-0.0064,-0.1026,-0.1074,,-0.2199,,-0.2164,-0.1252,-0.0825,,-0.1149,-0.0067,-0.0077,,-0.1248,-0.1151,-0.0644,-0.1059,-0.1004,,-0.0835,,-0.2098,-0.0179,,-0.0791,-0.1546,-0.0077,-0.1131,,-0.0356,-0.1528,-0.1189,-0.1546,
A,SER,46,-0.0034,-0.0196,-0.0069,-0.0886,-0.0786,-0.0457,-0.0738,-0.0722,-0.1098,-0.0366,-0.1717,-0.0668,-0.0504,,-0.0210,-0.0990,-0.0356,-0.0548,-0.0887,,-0.2725,-0.0314,-0.1426,-0.0977,,-0.1985,-0.1321,-0.1622,-0.0474,-0.1956,-0.1830,,-0.0028,-0.3121,,-0.0988,-0.3121,-0.0440,-0.2146,-0.1104,,-0.2452,,-0.2454,-0.2514,-0.1382,-0.0028,-0.2365,,-0.0928,-0.0123,-0.1985,-0.1341,-0.1091,-0.1954,-0.1705,,-0.2547,,-0.3636,-0.0242,,-0.2332,-0.2227,-0.0979,-0.1828,,-0.1011,-0.2460,-0.1183,-0.2227,-0.0083
A,GLU,47,,,,,,,,,-0.0035,,-0.0082,,,,,,,,,,-0.0172,,-0.0271,,,-0.0093,,,,-0.0090,-0.0306,,,-0.0080,,-0.0044,-0.0088,,-0.0160,,,-0.0039,,-0.0039,-0.0082,-0.0037,,-0.0074,,,,-0.0037,,,-0.0397,-0.0174,,-0.0175,,-0.0190,,,-0.0179,-0.0082,,-0.0039,,,-0.0075,-0.0044,-0.0082,
A,ASP,48,,,,,-0.0084,,,,,,,-0.0073,,,,,,,-0.0083,,-0.0084,,-0.0080,,,-0.0075,-0.0399,,-0.0038,-0.0079,-0.0260,,,-0.0732,,,-0.0710,,-0.0123,,,-0.0401,,-0.0405,-0.0073,,,-0.0040,,,,-0.0150,,-0.0175,-0.0573,-0.0126,,-0.0131,,-0.1000,-0.0083,,-0.0092,-0.0179,,,,,-0.0069,-0.0599,-0.0179,-0.0037
A,MET,49,-0.2256,-0.1959,-0.2826,-0.4555,-0.5010,-0.2729,-0.5376,-0.3996,-0.4724,0.2226,2.6078,-0.6646,-0.2775,-0.1489,-0.2383,0.6645,-0.1278,-0.0612,-0.7503,-0.1950,1.3335,-0.4566,-0.2570,-0.2361,-0.3068,5.2081,4.3335,-0.5126,-0.5312,5.3160,1.2564,-0.1615,-0.1958,9.2759,-0.2162,0.1813,8.4620,-0.3937,6.6298,1.7949,-0.2222,6.2767,-0.1834,7.0791,2.8306,-0.2550,-0.1901,1.2869,-0.3306,-0.2714,-0.2465,7.0156,0.7202,-0.0875,19.4063,5.5349,-0.1870,2.2711,-0.3625,13.9647,0.3018,-0.1312,1.3828,10.1211,-0.3566,6.7012,-0.1936,-0.1736,9.9166,16.8688,10.1504,-0.2322
A,LEU,50,-0.0107,-0.0471,,-0.0148,-0.0669,-0.0160,-0.0033,-0.0153,-0.0086,-0.0037,,-0.0308,-0.0426,-0.0092,-0.0163,-0.0314,-0.0428,,-0.0397,-0.0047,-0.0259,,-0.1148,,-0.0112,,-0.0340,-0.0491,-0.0348,-0.0042,-0.0231,-0.0566,,-0.0781,-0.0542,-0.1025,-0.0494,-0.0453,-0.0082,-0.0162,,-0.0449,-0.0222,-0.0316,-0.0335,-0.0185,,-0.0327,-0.0592,,-0.0124,-0.0273,-0.0036,-0.0448,-0.0898,-0.0280,-0.0210,-0.0525,-0.0160,-0.1453,-0.0615,-0.0160,-0.0388,-0.0038,-0.0837,-0.0030,-0.0035,,,-0.1125,-0.0038,-0.0852
A,ASN,51,,,,,,,,,,,,,,,,,,,,,,,,,,,,,,,,,,-0.0044,,,-0.0039,,,,,-0.0039,,-0.0039,,,,,,,,,,,,,,,,-0.0234,,,,,,,,,,-0.0035,,
A,PRO,52,,,,,-0.0300,,-0.0078,-0.0077,,-0.0037,,-0.0080,,,,,,,-0.0089,,,,,,,,-0.0546,,-0.0041,,,,,-0.0531,,,-0.0475,-0.0076,,,,-0.0350,,-0.0349,,-0.0087,,,,,,-0.0135,,-0.0294,-0.0131,,,,,-0.0547,-0.0036,,,,,,,,,-0.0334,,
A,TYR,54,,,,-0.0079,-0.0535,,-0.0539,-0.0495,-0.0080,-0.0384,,-0.0264,,,,-0.0327,,-0.0178,-0.0427,,,-0.0126,,-0.0141,-0.0189,-0.0120,-0.1320,-0.0042,-0.0410,,-0.0121,,,-0.1060,-0.0041,,-0.0928,-0.0131,-0.0033,,-0.0050,-0.0824,-0.0041,-0.0850,-0.0090,-0.0211,,-0.0051,-0.0319,-0.0037,,-0.0416,-0.0138,-0.1250,-0.0188,-0.0090,,-0.0051,-0.0033,-0.0573,-0.0206,,-0.0050,,,,-0.0225,,-0.0033,-0.0848,,-0.0038
A,CYS,117,-0.0083,,,,,,-0.0044,-0.0040,,,-0.0041,,,,,,,,-0.0032,-0.0071,,,,,,-0.0076,-0.0086,,-0.0082,,,,,-0.0036,-0.0087,-0.0030,-0.0036,-0.0032,-0.0032,,,-0.0112,,-0.0112,,,,,,,,-0.0113,,,-0.0083,-0.0083,,,,,,,,-0.0033,,,,,,,-0.0241,
A,TYR,118,-0.0540,,-0.0078,-0.0575,-0.0389,-0.0117,-0.0666,-0.0676,-0.0502,-0.0117,-0.0358,-0.0859,-0.0084,-0.0163,,-0.0250,-0.0298,-0.0038,-0.1045,-0.0295,-0.0182,-0.0366,,-0.0074,-0.0307,-0.0372,-0.0834,,-0.1100,-0.0586,-0.0210,-0.0491,-0.0216,-0.0864,-0.0584,-0.0825,-0.0929,-0.1171,-0.0498,,-0.0289,-0.1206,-0.0083,-0.1242,-0.0342,-0.0353,-0.0181,-0.0178,,,-0.0328,-0.1073,-0.0370,-0.0738,-0.0868,-0.0870,,-0.0184,,-0.0165,,,-0.0671,-0.1274,,-0.0209,,,-0.0381,-0.0311,-0.1956,
A,ASN,119,,,-0.0081,,,,,,,,-0.0038,,,-0.0380,,,,,,,,,,,,-0.0073,-0.0035,,,-0.0620,,,,,,,,,-0.0489,,,-0.0031,,-0.0031,-0.0081,,-0.0036,-0.0076,,,,-0.0122,,,,,,,,,,,,,,,,,,,-0.0116,
A,ILE,136,,,,,,,,,,,,,,,,,,,,,,,,,,,,,,,,,,,,,,,,,,-0.0030,,-0.0030,,,,,,,,,,,,,,,,,,,,,,,,,,,,
A,GLY,138,,,,,,,,,,,,,,,,,,,,,,,,,,,,,-0.0086,,,,,-0.0068,,,-0.0069,,,,,-0.0156,,-0.0156,,,,,,,,,,,,,,,,,,,,,,,,,,,,
A,SER,139,,,,-0.0192,-0.0088,-0.0162,-0.0113,-0.0039,-0.0125,-0.0301,-0.0125,-0.0499,,,,,-0.0302,-0.0036,-0.0460,,,-0.0216,,-0.0042,-0.0124,,,,-0.0494,-0.0085,-0.0041,-0.0283,,-0.0253,,-0.0482,-0.0249,-0.0426,-0.0041,,-0.0047,-0.0474,,-0.0394,-0.0130,-0.0126,,,,,-0.0406,,-0.0094,-0.0091,-0.0066,-0.0081,,,,,,,,-0.0229,,,,,-0.0078,,-0.0229,
A,PHE,140,-0.2947,-0.1506,-0.1458,-0.3834,-0.2889,-0.3812,-0.3912,-0.3822,-0.3599,-0.4654,-0.3649,0.5782,-0.1911,-0.0651,-0.1762,-0.1410,-0.4741,-0.2112,0.2129,-0.1588,-0.1427,-0.4656,-0.1690,-0.2581,-0.0988,-0.1083,-0.4013,-0.1937,0.3249,-0.3751,-0.2690,-0.0853,-0.1239,-0.4720,-0.2772,-0.0923,-0.4599,-0.1619,-0.2449,-0.0122,-0.3535,-0.6667,-0.1526,-0.6564,-0.0813,-0.4359,-0.1459,-0.0381,-0.0999,-0.2499,1.7024,-0.4108,-0.2727,-0.2668,-0.5250,-0.3523,-0.0754,-0.1596,-0.0156,-0.1942,-0.2710,-0.1033,-0.2109,-0.6249,-0.2431,-0.2521,-0.0861,-0.0619,-0.3664,-0.2241,-0.5287,-0.3134
A,LEU,141,-0.2245,-0.2893,-0.3482,0.0833,-0.1963,-0.4795,-0.2740,-0.3385,-0.2027,-0.4334,-0.5328,-0.3549,-0.3570,-0.2188,-0.2769,-0.2547,-0.4738,-0.3327,0.0119,-0.2475,-0.2796,-0.5875,-0.3201,-0.3466,1.2658,-0.2508,2.1592,-0.3625,0.7010,-0.5638,-0.3072,0.6728,-0.3013,0.7492,-0.3630,0.3220,0.5147,-0.5613,-0.3692,-0.0707,-0.1896,5.1249,-0.3004,3.2947,-0.5131,-0.4774,-0.3228,-0.2168,-0.1649,-0.3759,-0.5129,0.5649,-0.5630,-0.2093,-0.3857,7.9135,-0.1456,-0.2324,-0.1135,-0.3776,-0.4450,-0.2627,3.5031,-0.7905,-0.3148,-0.4777,-0.1706,-0.1452,-0.4380,0.3306,-0.7843,-0.4864
A,ASN,142,-0.8782,-0.5920,-0.5034,-0.7635,0.2232,-0.5716,-0.1037,0.0906,-0.3564,-0.5284,-1.0837,-1.2810,-0.4687,-1.2951,-1.4158,0.4285,-0.1091,0.0600,-1.1561,-0.6011,3.0603,2.2327,0.7258,1.7795,1.3222,-1.1489,6.4276,0.2576,-0.5987,2.6554,0.4929,-0.9998,-0.8193,3.1254,0.4758,0.9910,4.5020,-0.7188,2.2667,-0.4929,4.1605,1.7364,4.9312,5.1422,0.8785,2.5282,-0.7806,3.6176,-0.3847,-0.0707,-0.8513,8.9461,0.9052,6.1244,10.4592,5.0290,2.1916,-0.9833,-0.6237,3.1517,0.5548,10.5920,30.1007,18.7540,0.0565,3.0044,-0.0154,-0.7712,5.9038,22.0985,22.1231,2.4901
A,GLY,143,-0.6507,-0.0369,-0.5482,-0.3043,-0.1835,-0.1373,-0.2846,-0.2584,-0.2623,-0.2212,-0.3150,-0.2641,-0.0646,-0.3896,-0.1881,-0.0707,-0.1052,-0.2196,-0.2100,-0.3060,0.1588,-0.4166,-0.0534,-0.2610,-0.1112,-0.0955,-0.3000,-0.1114,-0.3381,0.4579,-0.1814,-0.1417,-0.5728,0.7172,0.4353,-0.1743,1.7866,-0.1677,2.5945,-0.1419,-0.1701,1.6814,-0.0447,1.6695,-0.5037,-0.6649,-0.5728,-0.2520,-0.0799,-0.0822,-0.0727,3.4368,-0.2529,3.4546,0.2101,-0.3178,-0.0266,0.9840,-0.2053,-0.3122,-0.1635,-0.0324,-0.0417,5.5288,-0.0251,-0.3772,-0.0660,-0.0980,-0.5086,-0.0126,7.2552,-0.0391
A,SER,144,-0.5794,-0.0202,-0.2202,-0.3332,-0.2324,-0.1300,0.1867,-0.0742,-0.2702,-0.2452,-0.3374,-0.2979,-0.0623,-0.2192,-0.2376,-0.2151,-0.1875,-0.1574,-0.3864,-0.3167,-0.2135,-0.3015,-0.0344,-0.2138,-0.1481,-0.2876,-0.6279,-0.0790,-0.4801,-0.3781,-0.1935,-0.2493,-0.2477,-0.4387,-0.4599,-0.5064,-0.4357,-0.4242,-0.3101,-0.0491,-0.2099,-0.7506,-0.0626,-0.7455,-0.2417,-0.4343,-0.2703,-0.1914,-0.0621,-0.0885,-0.0854,-0.6495,-0.1983,-0.3193,-0.2733,0.2488,-0.0175,-0.1633,-0.1955,-0.2749,-0.2227,,-0.2257,-0.6708,-0.0495,-0.3610,-0.0456,-0.0474,-0.5662,-0.2662,-0.3208,-0.0526
A,CYS,145,0.4973,-0.0470,-0.2378,0.3175,-0.1042,-0.1766,0.3475,0.2420,-0.0191,-0.2738,-0.3711,0.1048,-0.0634,-0.2591,0.3040,-0.2089,-0.1320,-0.0539,0.7452,-0.0788,0.4737,-0.4968,-0.0302,0.3182,0.0531,1.9662,3.7557,-0.1546,3.1245,-0.2581,0.4793,0.7471,-0.3863,3.6210,-0.2504,-0.2371,2.5686,0.5197,-0.2865,-0.1769,0.4912,6.6182,-0.0541,5.7564,0.7105,2.6662,-0.4041,0.8046,-0.1494,-0.1853,-0.0966,1.6052,-0.2687,-0.5445,1.9901,-0.3616,-0.0137,-0.2929,0.3386,12.1720,2.3202,-0.0279,-0.1407,9.8681,-0.0591,10.2641,-0.1529,-0.0673,17.8633,-0.4226,12.0446,-0.0591
A,GLY,146,-0.0454,,-0.0114,-0.0089,-0.0076,,-0.0220,-0.0179,-0.0081,-0.0110,-0.0241,-0.0120,,-0.0087,-0.0085,-0.0101,,-0.0035,-0.0219,-0.0272,-0.0122,-0.0076,,-0.0043,-0.0038,-0.0339,-0.0527,,-0.0344,-0.0088,-0.0043,-0.0087,-0.0360,-0.0342,-0.0382,,-0.0329,-0.0140,-0.0080,,-0.0043,-0.0685,,-0.0679,-0.0084,-0.0502,-0.0256,-0.0082,,,,-0.0451,-0.0047,-0.0094,-0.0323,-0.0161,,-0.0038,-0.0120,-0.0411,-0.0172,,-0.0034,-0.0684,,-0.0447,,,-0.0795,,-0.1115,
A,SER,147,-0.0183,,,,,,-0.0137,-0.0126,,,-0.0035,,,,,,,,,,,,,,,-0.0077,-0.0108,,-0.0144,,,,,-0.0035,-0.0071,-0.0068,,-0.0143,,,,-0.0251,,-0.0249,,,,,,,,,,,-0.0301,-0.0125,,,,-0.0051,,,,-0.0040,,-0.0049,,,-0.0260,,-0.0352,
A,TYR,161,,,,,,,,,,,,-0.0034,,,,,,,-0.0038,,,,,,,,,,,-0.0030,,,,-0.0076,,-0.0040,-0.0070,-0.0033,-0.0031,,,-0.0132,,-0.0132,,-0.0042,,,,-0.0037,,,,,-0.0043,,,,,,,,,-0.0050,-0.0037,,,,-0.0078,,,-0.0037
A,MET,162,,,,,,,,,,,,,,,,,,,,,,,,,,,,,,,,,,,,,,,,,,-0.0036,,-0.0036,,,,,,,,,,,,,,,,-0.0037,,,,-0.0074,,-0.0036,,,-0.0082,,,
A,HIS,163,-0.4170,-0.0742,-0.1821,-0.3702,-0.3582,-0.2220,-0.3010,-0.3938,-0.3392,-0.3698,-0.3086,-0.1906,-0.1037,-0.0775,-0.2326,-0.2417,-0.4671,-0.2639,0.3614,-0.2833,-0.2289,-0.3591,-0.0720,-0.3404,-0.2719,-0.3072,-0.4179,-0.1591,-0.5824,-0.5494,-0.2953,-0.3573,-0.1472,-0.1537,-0.2521,-0.4786,0.0360,-0.1233,-0.4108,-0.0745,-0.3149,1.4830,-0.1172,1.4943,-0.3415,-0.0385,-0.1582,-0.2933,-0.1161,-0.2637,-0.2050,-0.4387,-0.3036,-0.3065,-0.4067,-0.4383,-0.0159,-0.2382,-0.1741,-0.3532,-0.3509,-0.0235,-0.3011,0.0537,-0.2036,-0.5145,-0.1895,-0.0357,0.6495,-0.2317,-0.4766,-0.2036
A,HIS,164,-0.3315,-0.1227,-0.2560,0.8761,-0.2933,-0.2250,-0.4372,-0.2270,0.6318,-0.3927,-0.3732,-0.0517,-0.1580,-0.0988,-0.2361,-0.4052,-0.1082,0.8664,0.0472,-0.2456,-0.3140,-0.0872,-0.0416,0.9877,-0.1453,0.0624,-0.5049,-0.2332,0.7142,0.3132,-0.0353,-0.2269,-0.1415,-0.3478,-0.2413,-0.3073,-0.3999,-0.3113,0.4194,-0.1649,-0.1592,-0.5127,-0.1776,-0.3907,-0.2715,-0.6544,-0.1590,-0.2799,-0.2764,-0.3162,-0.0944,-0.4686,-0.1768,-0.4528,1.5874,2.5942,-0.0847,0.7222,-0.1755,-0.1863,-0.2187,-0.1064,-0.3001,1.5878,-0.2012,-0.3030,1.0806,-0.0433,1.2844,-0.4675,-0.3558,-0.1974
A,MET,165,-0.6702,-0.6059,-0.5058,-1.1058,-0.8309,-0.6689,-0.4838,-0.1872,-0.8769,0.9047,0.2588,0.5189,-0.8403,-0.3690,-0.6853,0.1213,-0.4658,0.0223,0.5117,-0.6477,-0.1370,-0.8920,-0.3142,-0.0984,0.6974,3.9412,-0.8618,-0.6289,2.0835,-0.7903,-0.7968,-0.5073,-0.3145,2.0290,-0.1831,1.2937,1.9907,-0.4925,-0.3732,-0.6393,-0.7396,3.1411,-0.4728,2.9417,5.6337,2.3364,-0.3434,6.0548,-0.6606,10.2421,0.1431,-0.4655,-0.5743,4.3734,1.6322,2.3643,-0.8272,1.2751,-0.6616,-0.5243,3.7886,1.0433,0.4230,2.1223,10.3646,-0.4388,1.1924,-0.2385,-0.7761,1.4290,-0.7144,10.3804
A,GLU,166,0.2338,0.1393,-0.9390,0.2676,-1.0339,-0.4021,-0.1571,0.6901,0.4701,1.9469,0.1660,-0.4873,-0.3758,-0.1074,1.0677,0.4552,0.4620,0.1729,-1.1001,0.7838,-0.1714,1.2572,3.2880,2.2344,4.0717,3.2265,1.9001,5.9488,-0.4242,4.4444,2.3348,4.7543,-1.2402,1.9721,3.7576,12.6078,2.4007,10.0173,4.3519,2.4698,2.9223,2.8083,4.3795,3.1081,-0.6995,7.3753,-0.3376,-0.2740,3.0649,42.6417,4.9349,11.2109,1.4479,-1.1331,4.5086,19.1158,8.4859,49.0508,2.4103,-0.7720,2.4531,10.0512,33.3594,32.0528,42.7294,-1.0314,3.0745,1.8438,-1.0567,5.2952,32.0208,42.3613
A,LEU,167,-0.5830,-0.5563,-0.4265,-0.7438,-0.3181,-0.5331,-0.3234,-0.6866,-0.3686,-0.5247,-0.2660,-0.6137,-0.4866,-0.5385,-0.6809,-0.5045,-0.6773,-0.5743,-0.5780,-0.7837,-0.4556,-0.4650,0.0275,-0.4780,-0.0724,-0.4422,-0.3200,-0.5473,-0.4703,-0.3474,-0.5423,-0.3030,-0.4844,-0.4651,2.4117,-0.6912,-0.4011,-0.5121,-0.5771,-0.4194,-0.5107,-0.2750,4.3474,-0.2431,-0.3864,-0.5453,-0.1319,-0.3759,1.5960,4.8908,0.0037,-0.2705,-0.5061,-0.4446,-0.3261,0.1862,7.6836,6.1712,-0.6125,-0.2862,-0.4816,-0.8733,2.1999,-0.3391,4.9207,-0.3794,2.5922,2.4348,-0.1290,-0.5205,-0.3204,4.8905
A,PRO,168,-0.5721,-0.9844,-0.2874,-0.5708,-0.4764,-0.8404,-0.7483,-0.2759,-0.8483,-0.8436,-0.3888,-0.7350,-0.8348,-0.5451,-0.0326,-0.9309,2.4806,-0.6468,-0.7106,1.1520,-0.6247,-0.4857,-0.6575,-0.6454,-0.0683,-0.6153,-0.6296,-0.6849,-0.4387,-0.3406,-0.7652,3.1685,2.7640,-0.5026,8.2016,-0.5867,-0.5811,-0.4864,-0.7435,4.9206,-0.6633,-0.1729,7.8188,-0.0739,-0.3247,-0.4616,-0.4713,-0.5644,39.2306,-0.2586,-0.8099,-0.2273,-0.4235,-0.5176,-0.3717,-0.4525,7.4423,0.2932,1.7901,-0.6421,0.9805,4.6402,-0.6491,-0.5870,-0.2315,-0.6447,45.4028,47.1928,-0.2727,4.1756,-0.2541,-0.2754
A,THR,169,-0.2648,-0.1833,-0.1074,-0.0389,-0.0089,-0.2153,-0.1011,-0.0734,-0.0403,-0.1265,-0.0081,-0.1379,-0.0270,-0.1345,-0.2975,-0.0538,-0.2284,-0.1243,-0.2814,-0.2887,-0.0210,-0.0404,-0.2258,-0.0767,-0.1515,-0.0808,-0.0261,-0.0495,-0.0345,-0.0308,-0.1364,-0.2302,-0.1849,-0.0776,-0.1936,-0.1364,-0.0777,-0.0569,-0.0864,-0.1546,-0.1551,,-0.3262,,-0.0074,-0.0444,-0.1930,-0.1317,-0.3087,-0.2050,-0.1256,-0.0397,-0.0178,-0.0514,-0.0139,-0.1714,-0.3550,-0.2271,-0.1211,-0.0862,-0.0445,-0.3065,-0.0623,-0.1219,-0.2050,-0.0984,-0.3759,-0.4050,-0.0205,-0.0477,-0.1295,-0.2050
A,GLY,170,-0.1452,-0.1563,-0.1158,-0.0823,-0.0423,-0.2759,-0.0777,-0.0715,-0.0886,-0.1930,-0.0767,-0.1697,-0.0815,-0.0761,0.2048,-0.0174,-0.2400,-0.1742,0.1626,-0.2127,-0.0148,-0.0886,-0.2084,-0.0993,-0.1788,-0.1384,-0.0634,-0.0983,-0.0388,-0.1314,-0.1793,-0.2533,-0.1225,-0.1381,-0.2016,-0.2295,-0.0951,-0.1473,-0.1309,-0.1325,-0.2262,-0.0689,-0.3241,-0.0732,-0.0607,-0.1138,-0.1976,-0.1850,-0.2112,-0.2701,-0.2035,-0.1049,-0.0551,-0.0230,-0.0881,-0.2604,-0.3422,-0.2622,-0.0803,-0.0558,-0.0782,-0.2719,-0.1142,-0.1533,-0.2701,-0.0566,-0.2244,-0.2201,-0.0204,-0.0330,-0.1542,-0.2701
A,VAL,171,-0.0416,-0.0500,-0.0190,-0.0476,-0.0335,-0.1007,-0.0169,-0.0305,-0.0397,-0.0593,-0.0580,-0.0493,-0.0424,-0.0090,-0.1083,-0.0393,-0.1289,-0.0680,-0.1041,-0.0746,-0.0328,-0.0478,-0.0942,-0.0671,-0.0952,-0.0624,-0.0365,-0.0806,-0.0382,-0.0860,-0.0755,-0.1448,-0.0080,-0.0956,-0.1115,-0.1401,-0.0589,-0.0718,-0.0909,-0.0392,-0.0838,-0.0822,-0.1892,-0.0797,-0.0319,-0.0839,-0.0743,-0.0576,-0.1112,-0.1701,-0.1262,-0.0765,-0.0451,-0.0203,-0.0576,-0.1338,-0.2220,-0.2298,-0.0442,-0.0159,-0.0523,-0.1414,-0.1222,-0.1606,-0.1701,-0.0317,-0.1160,-0.1117,-0.0068,-0.0488,-0.1557,-0.1701
A,HIS,172,-0.1429,-0.1136,-0.0527,-0.2466,-0.1575,-0.1876,-0.1619,-0.1565,-0.2289,-0.2534,-0.2076,-0.1949,-0.1498,-0.0074,-0.1065,-0.0820,-0.2543,-0.1616,-0.1937,-0.0856,-0.0690,-0.2017,-0.1738,-0.1673,-0.2175,-0.1330,-0.2169,-0.1512,-0.2099,-0.3013,-0.2216,-0.2695,-0.0241,-0.1402,-0.1576,-0.4265,-0.1151,-0.3009,-0.2612,-0.0330,-0.2572,0.2366,-0.1777,0.2212,-0.1815,-0.2570,-0.1080,-0.0721,-0.0892,-0.3689,-0.2698,-0.2580,-0.2141,-0.0983,-0.3064,-0.2868,-0.1102,-0.3425,-0.0419,-0.0795,-0.1505,-0.1268,-0.2738,-0.4207,-0.3689,-0.1177,-0.0731,-0.0661,-0.1165,-0.1539,-0.3302,-0.3689
A,ALA,173,-0.0240,-0.0097,-0.0033,-0.0288,-0.0032,-0.0319,-0.0231,-0.0309,-0.0134,-0.0350,-0.0255,-0.0630,-0.0186,-0.0200,-0.0081,-0.0306,-0.0201,-0.0326,-0.0612,,-0.0271,-0.0185,-0.0072,-0.0398,-0.0322,-0.0534,-0.0128,-0.0234,-0.0612,-0.0463,-0.0163,-0.0236,,-0.0955,-0.0041,-0.0583,-0.0902,-0.0259,-0.0581,-0.0036,-0.0188,-0.1205,-0.0160,-0.1202,-0.0473,-0.0531,,-0.0485,,-0.0856,-0.0282,-0.0242,-0.0345,-0.0530,-0.0703,-0.0953,-0.0229,-0.1042,-0.0272,-0.0124,-0.0693,-0.0333,-0.0914,-0.0606,-0.0856,-0.0232,-0.0215,,-0.0382,-0.0387,-0.0034,-0.0856
A,GLY,174,,,,,,,,,,,,,,,,,,,,,,,,,,,,,,,,,,,,,,,,,,,,,,,,,,-0.0042,,,,,,,,,,,,,,-0.0082,-0.0042,,,,,,,-0.0042
A,PHE,181,,,,-0.0036,-0.0275,,-0.0483,-0.0482,,-0.0132,,-0.0260,,,,,,-0.0134,-0.0269,,,,,-0.0139,-0.0171,-0.0078,-0.0182,,-0.0355,,-0.0037,,,-0.0135,-0.0075,,-0.0127,-0.0212,-0.0036,,,-0.0094,-0.0036,-0.0094,-0.0125,-0.0269,,-0.0122,-0.0035,-0.0076,,-0.0138,,-0.0543,-0.0040,-0.0074,,-0.0032,,,-0.0409,-0.0077,,,-0.0076,,-0.0218,,-0.0032,-0.0180,,-0.0076
A,PHE,185,,,,-0.0433,,,,-0.0122,,,,-0.0131,,-0.0218,,,,,-0.0121,,,,,,,,,,-0.0038,,,,,,,,,,,,,,,,,,,,-0.0164,,,,,-0.0038,,,-0.0378,,,,-0.0277,,,,,,,,,,,
A,VAL,186,-0.0033,-0.0134,,-0.0787,-0.0647,-0.0161,-0.0723,-0.1186,-0.0083,-0.0318,-0.0033,-0.0833,-0.0287,-0.0529,-0.0068,-0.0242,,-0.0362,-0.0906,-0.0031,-0.0169,-0.0180,,-0.0352,-0.0517,-0.0166,-0.0437,-0.0285,-0.0736,,-0.0202,-0.0163,-0.0085,-0.0320,-0.0523,-0.0046,-0.0306,-0.0782,-0.0033,-0.0124,-0.0153,-0.0294,-0.0315,-0.0290,-0.0298,-0.0754,,-0.0257,-0.0663,-0.0124,-0.0279,-0.0294,-0.0188,-0.0907,-0.0084,-0.0169,-0.0479,-0.0175,-0.0293,-0.0127,-0.1378,-0.0265,-0.0087,-0.0035,-0.0112,-0.0049,-0.0228,,,-0.0624,,-0.0106
A,ASP,187,,-0.0181,,-0.0917,-0.2628,-0.0268,-0.2689,-0.2557,-0.0546,-0.1359,-0.0163,-0.2039,-0.0387,-0.0355,,-0.0894,,-0.1340,-0.2351,-0.0106,-0.0275,-0.0659,,-0.1349,-0.1222,-0.0774,-0.3274,-0.0524,-0.2561,-0.0182,-0.0834,-0.0308,,-0.2272,-0.0804,-0.0084,-0.2120,-0.1346,-0.0194,-0.0310,-0.0612,-0.1959,-0.0682,-0.1916,-0.1099,-0.1447,,-0.1034,-0.1647,-0.0449,-0.0576,-0.1414,-0.0799,-0.3831,-0.0741,-0.0893,-0.0421,-0.0844,-0.0497,-0.1040,-0.2291,-0.0312,-0.0296,,-0.0223,-0.0280,-0.1177,,-0.0128,-0.2292,,-0.0260
A,ARG,188,-0.1083,-0.1519,-0.0472,-0.2298,-0.1133,-0.1564,-0.1866,-0.3218,-0.1151,-0.1724,-0.0201,-0.3032,-0.1849,-0.1914,-0.1341,-0.2443,-0.1205,-0.1988,-0.3236,-0.1523,-0.1827,-0.1753,-0.0035,-0.1801,-0.2430,-0.1194,-0.2093,-0.2058,-0.3313,-0.0328,-0.1879,-0.2264,-0.0822,-0.3050,0.4355,-0.1264,-0.2145,0.3795,-0.0533,-0.1830,-0.1511,-0.1948,-0.2343,-0.1936,-0.2325,-0.1945,-0.0165,-0.2295,0.8084,-0.1009,-0.1842,-0.2096,-0.2424,-0.3723,-0.2123,-0.1554,-0.2902,-0.1947,-0.2195,-0.1847,-0.5981,-0.1805,-0.1302,-0.0693,-0.1660,-0.0795,-0.1327,-0.0192,-0.0032,-0.4677,-0.0625,-0.1520
A,GLN,189,-0.7693,-0.1419,0.0472,1.3095,-1.4452,-1.0239,0.1449,-0.3571,1.7148,0.5752,-0.1193,2.9907,1.9647,-0.7562,0.1571,-1.4286,1.7116,3.4705,5.3119,2.3795,-1.7296,0.8425,0.5804,3.2355,0.9502,1.2572,0.6395,7.0370,10.2319,5.1451,13.4221,1.3094,-0.7640,2.4045,0.3599,4.9965,5.0944,12.6601,8.1508,7.4593,2.5239,1.3552,1.7012,2.0378,18.7188,4.9925,-0.5559,18.6429,2.4881,-0.6896,3.4030,4.6922,1.3407,18.6779,20.5132,14.7850,10.1426,27.0757,7.8572,46.7501,29.8143,0.8689,16.4693,-0.2054,39.6790,2.1688,-0.9502,-0.7816,0.9692,42.9520,-0.3307,52.8810
A,THR,190,-0.2767,-0.3259,-0.1832,-0.5133,-0.3528,-0.2339,-0.2315,-0.4488,-0.2246,-0.0909,-0.0161,-0.2929,-0.3566,-0.0284,-0.3121,-0.4331,-0.4276,-0.1868,-0.2881,-0.3810,-0.4170,-0.0717,-0.1232,-0.2904,-0.2812,-0.0312,-0.2109,-0.3080,-0.4158,-0.0043,-0.1586,-0.0685,-0.2271,-0.3522,0.1863,-0.2122,-0.0274,-0.2539,-0.1177,-0.2115,-0.1494,-0.0873,-0.3762,-0.0047,-0.1761,-0.2563,-0.0504,-0.1756,1.0646,-0.1271,-0.2348,-0.0594,-0.2551,-0.2495,-0.1655,-0.0821,0.0793,-0.1243,-0.3100,-0.0860,0.7415,-0.3527,-0.0954,-0.1437,-0.1963,-0.0198,-0.3485,-0.3990,,-0.4294,-0.1587,-0.1736
A,ALA,191,-0.1871,-0.1792,-0.1450,-0.2155,-0.2338,-0.0744,-0.2362,-0.1977,-0.2405,-0.0462,-0.0073,-0.1090,-0.1793,-0.2313,-0.2595,-0.2218,-0.2085,-0.0479,-0.0864,-0.2145,-0.1651,-0.1153,-0.0425,-0.2695,-0.1969,-0.0123,-0.1396,-0.1047,-0.2991,,-0.0152,-0.2508,-0.1645,-0.1310,-0.3192,-0.0666,-0.0214,-0.0398,-0.0924,-0.2183,-0.0111,-0.0255,-0.1414,,-0.0392,-0.0680,-0.0188,-0.0393,0.3509,-0.0271,-0.0758,,-0.0829,-0.0411,-0.0319,,-0.2735,-0.0079,-0.2259,-0.0253,-0.1440,-0.1786,-0.0080,-0.0853,-0.0353,-0.0080,0.9308,0.6512,,-0.1977,-0.0812,-0.0271
A,GLN,192,-0.1694,-0.1861,-0.1615,-0.3885,-0.1637,-0.0672,-0.1742,-0.3846,-0.1110,-0.0715,,-0.2623,-0.2243,-0.3553,-0.2458,-0.2705,-0.2388,-0.1105,-0.2213,-0.2813,-0.2208,-0.1919,-0.0214,-0.1484,-0.1794,-0.0118,-0.1341,-0.1322,-0.2653,,-0.0524,-0.3604,-0.2100,-0.1953,-0.4085,-0.0495,-0.0145,-0.1252,-0.0850,-0.3222,-0.0498,-0.0044,-0.3141,-0.0043,-0.0435,-0.2171,,-0.0430,-0.3286,-0.0913,-0.1394,-0.0187,-0.1821,-0.1423,-0.0302,-0.0529,-0.5340,-0.0956,-0.3295,-0.0047,-0.3724,-0.2995,-0.0364,-0.1623,-0.0942,-0.0088,-0.2927,-0.2620,,-0.2230,-0.1599,-0.0898
A,ALA,193,,,,-0.0278,,,-0.0035,-0.0215,-0.0080,,,,,-0.0343,-0.0035,,-0.0084,,,-0.0036,,-0.0133,,-0.0037,,,,,-0.0116,,,-0.0120,-0.0080,,-0.0106,,,,,-0.0104,,,,,,-0.0043,,,-0.0540,,,,,,,,-0.0500,,-0.0039,,-0.0278,-0.0082,,,,,-0.0512,-0.0504,,-0.0117,-0.0038,
A,ALA,194,,,,,,,,,,,,,,,,,,,,,,,,,,,,,,,,,,,,,,,,,,,,,,,,,-0.0035,,,,,,,,-0.0072,,,,,,,,,,-0.0036,-0.0034,,,,

Intra-Ligand Free,,,0.3988,-2.5895,-0.0939,-1.5157,1.4698,1.1252,-0.3176,-0.1927,-1.6919,0.9496,1.1049,0.9566,2.2985,6.9642,4.3361,3.6350,1.9753,1.9109,2.4432,4.6506,5.6453,6.3533,2.8185,1.6430,2.3868,1.5047,2.8221,9.4301,7.6989,6.0517,6.8222,14.8562,25.1526,2.5442,10.3484,7.3197,2.2266,8.0062,8.1903,15.8584,23.5592,5.1147,12.0850,4.1979,15.1261,21.9280,45.9424,15.5829,8.0280,6.7607,58.0574,37.2055,70.1921,33.4461,19.9108,23.7062,57.6235,13.5813,94.9288,36.4141,75.9753,94.3072,38.4600,53.4023,36.5039,114.7407,90.1408,99.5689,125.9061,72.2450,110.2483,114.1805
Inter-Ligand Free,,,-8.3139,-5.1768,-7.1084,-5.3747,-8.0763,-7.6951,-5.9920,-5.6888,-3.7180,-3.8068,-3.8586,-3.5625,-3.8467,-7.6732,-4.5857,-3.7128,-0.7193,-0.0241,-0.3299,-2.1626,-2.3739,-2.7048,1.4531,3.1573,5.0406,10.1557,11.9645,7.8725,10.0370,12.4903,12.5879,5.4059,-4.7418,18.0859,11.6121,15.3309,22.2886,17.3966,18.4281,11.6781,5.0343,25.3488,19.2804,27.4860,22.6674,17.0287,-6.5097,25.2003,45.2450,53.0171,5.5264,31.7927,-1.1893,40.5801,55.3829,52.9575,32.2603,83.0210,6.2376,69.5054,36.1699,23.6090,83.5773,73.3889,94.2147,16.6006,50.2550,47.8457,30.5964,89.1437,81.0477,109.4122
Total Free Energy,,,-7.9151,-7.7663,-7.2023,-6.8903,-6.6065,-6.5699,-6.3096,-5.8815,-5.4099,-2.8572,-2.7538,-2.6059,-1.5482,-0.7090,-0.2496,-0.0777,1.2559,1.8868,2.1134,2.4880,3.2714,3.6485,4.2715,4.8003,7.4274,11.6605,14.7866,17.3026,17.7359,18.5420,19.4101,20.2621,20.4109,20.6301,21.9605,22.6506,24.5152,25.4028,26.6184,27.5365,28.5934,30.4634,31.3654,31.6840,37.7936,38.9568,39.4326,40.7832,53.2730,59.7778,63.5838,68.9982,69.0029,74.0262,75.2936,76.6637,89.8838,96.6023,101.1664,105.9196,112.1452,117.9162,122.0373,126.7912,130.7185,131.3413,140.3958,147.4147,156.5025,161.3888,191.2960,223.5926
Normalized Total Free Energy,,,-5.2467,-5.1528,-4.7968,-4.6000,-4.4209,-4.3978,-4.2335,-3.9633,-3.6657,-2.0548,-1.9895,-1.8962,-1.2287,-0.6991,-0.4092,-0.3007,0.5409,0.9390,1.0820,1.3185,1.8128,2.0508,2.4440,2.7777,4.4356,7.1069,9.0798,10.6676,10.9410,11.4497,11.9975,12.5352,12.6291,12.7674,13.6070,14.0425,15.2193,15.7794,16.5465,17.1259,17.7929,18.9730,19.5422,19.7433,23.5989,24.3329,24.6332,25.4856,33.3675,37.4726,39.8744,43.2913,43.2942,46.4644,47.2642,48.1288,56.4717,60.7116,63.5918,66.5914,70.5202,74.1622,76.7629,79.7630,82.2414,82.6344,88.3485,92.7779,98.5130,101.5966,120.4703,140.8518
